confidence,precision,recall
0.9481785297393799,1.0,2.5560412033841985e-05
0.9304934740066528,1.0,0.0002811645323722618
0.9275952577590942,1.0,0.0005367686527106817
0.9249368906021118,1.0,0.0008179331850829435
0.9239381551742554,1.0,0.0010735373054213634
0.9226536154747009,1.0,0.0013547018377936253
0.9218934178352356,1.0,0.001610305958132045
0.9212802052497864,1.0,0.001891470490504307
0.9204769134521484,1.0,0.0021470746108427268
0.9198803901672363,1.0,0.0024026787311811466
0.9194954633712769,1.0,0.0026838432635534087
0.9188133478164673,1.0,0.0029394473838918285
0.9183197021484375,1.0,0.00322061191626409
0.9177931547164917,1.0,0.00347621603660251
0.9173144698143005,1.0,0.003757380568974772
0.9167131781578064,1.0,0.004012984689313191
0.9161432981491089,1.0,0.004268588809651612
0.9155654311180115,1.0,0.004549753342023874
0.91526198387146,1.0,0.004805357462362293
0.9149858951568604,1.0,0.005086521994734555
0.9146122336387634,1.0,0.005342126115072975
0.914099931716919,1.0,0.005623290647445237
0.9135854244232178,1.0,0.005878894767783657
0.9130995273590088,1.0,0.006160059300155918
0.9124940037727356,1.0,0.006415663420494338
0.9120616316795349,1.0,0.006671267540832759
0.9118115901947021,1.0,0.00695243207320502
0.9115248918533325,1.0,0.00720803619354344
0.9113978147506714,1.0,0.007489200725915701
0.9110157489776611,1.0,0.0077448048462541216
0.9105771780014038,1.0,0.008025969378626383
0.9101418256759644,1.0,0.008281573498964804
0.9098291397094727,1.0,0.008537177619303223
0.9096442461013794,1.0,0.008818342151675485
0.9094132781028748,1.0,0.009073946272013906
0.9092463850975037,1.0,0.009355110804386167
0.9089314937591553,1.0,0.009610714924724586
0.9086312055587769,1.0,0.00989187945709685
0.9084621071815491,1.0,0.010147483577435269
0.9082745313644409,1.0,0.01042864810980753
0.9080625772476196,1.0,0.01068425223014595
0.9078962802886963,1.0,0.01093985635048437
0.9076759815216064,1.0,0.011221020882856632
0.9074000120162964,1.0,0.01147662500319505
0.9072209596633911,1.0,0.011757789535567314
0.9069268703460693,1.0,0.012013393655905733
0.906707763671875,1.0,0.012294558188277994
0.9065352082252502,1.0,0.012550162308616416
0.9062284827232361,1.0,0.012805766428954835
0.9059414863586426,1.0,0.013086930961327096
0.9057214856147766,1.0,0.013342535081665517
0.9054145812988281,1.0,0.013623699614037778
0.9052383899688721,1.0,0.013879303734376198
0.9050953388214111,1.0,0.01416046826674846
0.9049453139305115,1.0,0.01441607238708688
0.9047701358795166,1.0,0.014697236919459141
0.9046066999435425,1.0,0.01495284103979756
0.9044018983840942,1.0,0.015208445160135982
0.9042057394981384,1.0,0.015489609692508243
0.9039642810821533,1.0,0.015745213812846662
0.9037265777587891,1.0,0.016026378345218924
0.9035063982009888,1.0,0.016281982465557343
0.9032360315322876,1.0,0.016563146997929608
0.9031726121902466,1.0,0.016818751118268027
0.9029898643493652,1.0,0.017074355238606446
0.9028167724609375,1.0,0.017355519770978708
0.9024716019630432,1.0,0.017611123891317127
0.9023593068122864,1.0,0.01789228842368939
0.9022114276885986,1.0,0.01814789254402781
0.9020208120346069,1.0,0.018429057076400072
0.9019103050231934,1.0,0.018684661196738492
0.9017074108123779,1.0,0.018965825729110753
0.9015563726425171,1.0,0.019221429849449172
0.9013230800628662,1.0,0.019477033969787592
0.9011849164962769,1.0,0.019758198502159856
0.9010525345802307,1.0,0.020013802622498276
0.9008570909500122,1.0,0.020294967154870537
0.9006884098052979,1.0,0.020550571275208956
0.9004566669464111,1.0,0.020831735807581218
0.9003503322601318,1.0,0.021087339927919637
0.9002219438552856,1.0,0.021342944048258056
0.9000481367111206,1.0,0.02162410858063032
0.899858295917511,1.0,0.02187971270096874
0.8997492790222168,1.0,0.022160877233341002
0.899565577507019,1.0,0.02241648135367942
0.8994266390800476,1.0,0.022697645886051682
0.899278461933136,1.0,0.0229532500063901
0.8991087675094604,1.0,0.023234414538762366
0.8990057706832886,1.0,0.023490018659100786
0.8988712430000305,1.0,0.023745622779439205
0.8987539410591125,1.0,0.024026787311811466
0.8985707759857178,1.0,0.024282391432149886
0.8983656167984009,1.0,0.024563555964522147
0.89827561378479,1.0,0.024819160084860566
0.8980973958969116,1.0,0.02510032461723283
0.897968053817749,1.0,0.02535592873757125
0.8977938890457153,1.0,0.02561153285790967
0.8976439833641052,1.0,0.02589269739028193
0.8975030779838562,1.0,0.02614830151062035
0.8972976207733154,1.0,0.02642946604299261
0.8971575498580933,1.0,0.026685070163331034
0.8970693349838257,1.0,0.026966234695703296
0.8968589305877686,1.0,0.027221838816041715
0.8967107534408569,1.0,0.027503003348413976
0.896549642086029,1.0,0.027758607468752396
0.8963870406150818,1.0,0.028014211589090815
0.8960912823677063,1.0,0.028295376121463076
0.895958423614502,1.0,0.0285509802418015
0.8958348035812378,1.0,0.02883214477417376
0.8956220149993896,1.0,0.02908774889451218
0.8954495191574097,1.0,0.02936891342688444
0.895241379737854,1.0,0.02962451754722286
0.8950446248054504,1.0,0.02988012166756128
0.8949744701385498,1.0,0.030161286199933544
0.894818902015686,1.0,0.030416890320271964
0.8946733474731445,1.0,0.030698054852644225
0.8945510387420654,1.0,0.030953658972982644
0.8943918943405151,1.0,0.031234823505354906
0.894312858581543,1.0,0.031490427625693325
0.894161581993103,1.0,0.03177159215806559
0.8939632177352905,1.0,0.03202719627840401
0.893787682056427,1.0,0.03228280039874243
0.8935920000076294,1.0,0.032563964931114686
0.8934203386306763,1.0,0.03281956905145311
0.8932982683181763,1.0,0.03310073358382537
0.8931916952133179,1.0,0.03335633770416379
0.8930404186248779,1.0,0.033637502236536054
0.8928312063217163,1.0,0.033893106356874474
0.8926093578338623,1.0,0.03414871047721289
0.892461895942688,1.0,0.03442987500958516
0.8922008275985718,1.0,0.03468547912992358
0.8920279741287231,1.0,0.034966643662295835
0.8918977975845337,1.0,0.035222247782634254
0.891769289970398,1.0,0.03550341231500652
0.8916541337966919,1.0,0.03575901643534494
0.8913840055465698,1.0,0.0360401809677172
0.8912626504898071,1.0,0.03629578508805562
0.8911615014076233,1.0,0.03655138920839404
0.8909533023834229,1.0,0.0368325537407663
0.8908367156982422,1.0,0.03708815786110472
0.890662670135498,1.0,0.037369322393476984
0.8905208110809326,1.0,0.0376249265138154
0.8903787136077881,1.0,0.03790609104618767
0.8902636766433716,1.0,0.03816169516652609
0.8901298642158508,1.0,0.038417299286864506
0.8899844884872437,1.0,0.038698463819236764
0.8898782730102539,1.0,0.038954067939575183
0.8896986246109009,1.0,0.03923523247194745
0.8894830346107483,1.0,0.03949083659228587
0.8893892765045166,1.0,0.03977200112465813
0.8892643451690674,1.0,0.04002760524499655
0.8890979290008545,1.0,0.04030876977736881
0.8889379501342773,1.0,0.04056437389770723
0.8888674974441528,1.0,0.04081997801804565
0.8887285590171814,1.0,0.04110114255041791
0.8885996341705322,1.0,0.04135674667075633
0.888418972492218,1.0,0.0416379112031286
0.8882725238800049,1.0,0.041893515323467016
0.8881319761276245,1.0,0.042174679855839274
0.8879643678665161,1.0,0.04243028397617769
0.8878111839294434,1.0,0.04268588809651611
0.8876495957374573,1.0,0.04296705262888838
0.887544572353363,1.0,0.0432226567492268
0.8873750567436218,1.0,0.04350382128159906
0.8872621059417725,1.0,0.04375942540193748
0.8871698379516602,1.0,0.04404058993430974
0.8870241641998291,1.0,0.04429619405464816
0.8868590593338013,1.0,0.04457735858702042
0.8866293430328369,1.0,0.04483296270735884
0.8865176439285278,1.0,0.04508856682769726
0.8863940834999084,1.0,0.045369731360069526
0.886283278465271,1.0,0.045625335480407946
0.8861996531486511,1.0,0.0459065000127802
0.8860684037208557,1.0,0.04616210413311862
0.8858948945999146,1.0,0.04644326866549089
0.885802149772644,1.0,0.04669887278582931
0.8857025504112244,1.0,0.046954476906167726
0.8855360746383667,1.0,0.04723564143853999
0.8854471445083618,1.0,0.04749124555887841
0.8852951526641846,1.0,0.04777241009125067
0.8851852416992188,1.0,0.048028014211589094
0.8850262761116028,1.0,0.04830917874396135
0.8848831653594971,1.0,0.04856478286429977
0.8847423791885376,1.0,0.048845947396672036
0.884631335735321,1.0,0.049101551517010456
0.8844602108001709,1.0,0.049357155637348875
0.8843530416488647,1.0,0.04963832016972113
0.8842695355415344,1.0,0.04989392429005956
0.8841828107833862,1.0,0.05017508882243182
0.8841153979301453,1.0,0.050430692942770236
0.8839597702026367,1.0,0.0507118574751425
0.88385009765625,1.0,0.05096746159548092
0.8837672472000122,1.0,0.05122306571581934
0.8836534023284912,1.0,0.051504230248191604
0.883588433265686,1.0,0.051759834368530024
0.883495032787323,1.0,0.05204099890090228
0.8833175897598267,1.0,0.0522966030212407
0.8832038640975952,1.0,0.052577767553612965
0.8830932378768921,1.0,0.052833371673951385
0.8829487562179565,1.0,0.05311453620632364
0.8828322887420654,1.0,0.05337014032666207
0.8827320337295532,1.0,0.05362574444700049
0.8825992345809937,1.0,0.053906908979372746
0.8824717998504639,1.0,0.054162513099711165
0.8822991251945496,1.0,0.05444367763208343
0.8822262287139893,1.0,0.05469928175242185
0.8820466995239258,1.0,0.054980446284794114
0.8819454908370972,1.0,0.055236050405132534
0.8818453550338745,1.0,0.05549165452547095
0.8816398978233337,1.0,0.05577281905784321
0.8815011382102966,1.0,0.05602842317818163
0.8813946843147278,1.0,0.056309587710553895
0.8812777996063232,1.0,0.056565191830892314
0.8811437487602234,1.0,0.05684635636326458
0.8810403347015381,1.0,0.057101960483603
0.8809025287628174,1.0,0.057383125015975256
0.8808132410049438,1.0,0.057638729136313675
0.8806724548339844,1.0,0.057894333256652095
0.8805463314056396,1.0,0.05817549778902436
0.8803631663322449,1.0,0.05843110190936278
0.8802245855331421,1.0,0.05871226644173504
0.8801232576370239,1.0,0.05896787056207346
0.880002498626709,1.0,0.05924903509444572
0.8798725008964539,1.0,0.05950463921478414
0.8797509670257568,1.0,0.05976024333512256
0.8796901702880859,1.0,0.060041407867494824
0.8795626163482666,1.0,0.06029701198783324
0.8794809579849243,1.0,0.06057817652020551
0.8793578743934631,1.0,0.06083378064054393
0.8791986703872681,1.0,0.061114945172916185
0.8791197538375854,1.0,0.061370549293254605
0.879024863243103,1.0,0.061626153413593024
0.878862738609314,1.0,0.06190731794596529
0.8787237405776978,1.0,0.06216292206630371
0.8785943388938904,1.0,0.06244408659867597
0.8784986734390259,1.0,0.06269969071901439
0.8784356117248535,1.0,0.06298085525138665
0.8783398270606995,1.0,0.06323645937172508
0.8782241344451904,1.0,0.06351762390409733
0.8780624866485596,1.0,0.06377322802443576
0.8779116868972778,1.0,0.06402883214477417
0.8777639865875244,1.0,0.06430999667714643
0.8776513934135437,1.0,0.06456560079748486
0.8775527477264404,1.0,0.06484676532985711
0.877443253993988,1.0,0.06510236945019554
0.8773356080055237,1.0,0.0653835339825678
0.8772373199462891,1.0,0.06563913810290622
0.8771796822547913,1.0,0.06589474222324464
0.8770743012428284,1.0,0.0661759067556169
0.8769744634628296,1.0,0.06643151087595532
0.8768428564071655,1.0,0.06671267540832758
0.8767102956771851,1.0,0.066968279528666
0.8766107559204102,1.0,0.06724944406103826
0.876446008682251,1.0,0.06750504818137669
0.8762897253036499,1.0,0.06778621271374895
0.8762289881706238,1.0,0.06804181683408736
0.8760959506034851,1.0,0.06829742095442579
0.8759828805923462,1.0,0.06857858548679804
0.8759036064147949,1.0,0.06883418960713647
0.8757476210594177,1.0,0.06911535413950873
0.8756917715072632,1.0,0.06937095825984715
0.8755328059196472,1.0,0.06965212279221941
0.8753646016120911,1.0,0.06990772691255782
0.8752224445343018,1.0,0.07016333103289625
0.8751325607299805,1.0,0.07044449556526851
0.8750518560409546,1.0,0.07070009968560693
0.8749828934669495,1.0,0.07098126421797919
0.874893844127655,1.0,0.07123686833831762
0.8747217655181885,1.0,0.07151803287068988
0.874658465385437,1.0,0.07177363699102829
0.874506413936615,1.0,0.07205480152340056
0.8743985891342163,1.0,0.07231040564373897
0.8742347955703735,1.0,0.0725660097640774
0.8741488456726074,1.0,0.07284717429644966
0.8740766048431396,1.0,0.07310277841678808
0.8739590048789978,1.0,0.07338394294916034
0.8738124966621399,1.0,0.07363954706949875
0.8736623525619507,1.0,0.07392071160187103
0.8735918402671814,1.0,0.07417631572220944
0.8734694719314575,1.0,0.07443191984254786
0.873332679271698,1.0,0.07471308437492012
0.8731691241264343,1.0,0.07496868849525855
0.8730126619338989,1.0,0.0752498530276308
0.8729130029678345,1.0,0.07550545714796923
0.8727865219116211,1.0,0.07578662168034149
0.8727101683616638,1.0,0.0760422258006799
0.8726284503936768,1.0,0.07632339033305217
0.8724777102470398,1.0,0.07657899445339059
0.8723416924476624,1.0,0.07683459857372901
0.8721240162849426,1.0,0.07711576310610127
0.872067928314209,1.0,0.0773713672264397
0.8719797134399414,1.0,0.07765253175881195
0.8718599081039429,1.0,0.07790813587915037
0.8716871738433838,1.0,0.07818930041152264
0.8715646266937256,1.0,0.07844490453186105
0.8714286684989929,1.0,0.07870050865219948
0.8713734149932861,1.0,0.07898167318457174
0.8711680173873901,1.0,0.07923727730491016
0.8710188865661621,1.0,0.07951844183728242
0.8709263801574707,1.0,0.07977404595762083
0.870786190032959,1.0,0.0800552104899931
0.8707144856452942,1.0,0.08031081461033152
0.8706386089324951,1.0,0.08059197914270377
0.8705026507377625,1.0,0.0808475832630422
0.8704121112823486,1.0,0.08110318738338063
0.8703071475028992,1.0,0.08138435191575288
0.8701948523521423,1.0,0.0816399560360913
0.870057225227356,1.0,0.08192112056846357
0.8699656128883362,1.0,0.08217672468880198
0.8698621988296509,1.0,0.08245788922117425
0.8697320222854614,1.0,0.08271349334151266
0.8696397542953491,1.0,0.08296909746185109
0.8695247173309326,1.0,0.08325026199422335
0.8693786859512329,1.0,0.08350586611456176
0.8692803382873535,1.0,0.08378703064693403
0.8691994547843933,1.0,0.08404263476727244
0.8690968751907349,1.0,0.08432379929964472
0.8690260052680969,1.0,0.08457940341998313
0.8688774108886719,1.0,0.08486056795235539
0.8688017129898071,1.0,0.08511617207269381
0.8686752319335938,1.0,0.08537177619303223
0.8684749007225037,1.0,0.0856529407254045
0.8683484196662903,1.0,0.08590854484574291
0.8682175874710083,1.0,0.08618970937811518
0.8681118488311768,1.0,0.0864453134984536
0.8680202960968018,1.0,0.08672647803082585
0.8678877353668213,1.0,0.08698208215116428
0.8677915334701538,1.0,0.08723768627150269
0.8676603436470032,1.0,0.08751885080387496
0.8675726652145386,1.0,0.08777445492421337
0.8674716949462891,1.0,0.08805561945658565
0.8673825860023499,1.0,0.08831122357692406
0.8671537637710571,1.0,0.08859238810929632
0.8669834733009338,1.0,0.08884799222963474
0.8668821454048157,1.0,0.089129156762007
0.8668122887611389,1.0,0.08938476088234543
0.8667185306549072,1.0,0.08964036500268384
0.8666032552719116,1.0,0.08992152953505611
0.8665196895599365,1.0,0.09017713365539452
0.8663920164108276,1.0,0.09045829818776678
0.8663062453269958,1.0,0.09071390230810521
0.8661583662033081,1.0,0.09099506684047746
0.8661046028137207,1.0,0.09125067096081589
0.8659952878952026,1.0,0.0915062750811543
0.8659141063690186,1.0,0.09178743961352658
0.8658185005187988,1.0,0.09204304373386499
0.8656331300735474,1.0,0.09232420826623725
0.8654882311820984,1.0,0.09257981238657567
0.8653604388237,1.0,0.09286097691894793
0.8652607202529907,1.0,0.09311658103928636
0.8651283979415894,1.0,0.09339774557165861
0.8649522066116333,1.0,0.09365334969199704
0.8648701310157776,1.0,0.09390895381233545
0.8647462129592896,1.0,0.09419011834470771
0.8646211624145508,1.0,0.09444572246504614
0.8644953370094299,1.0,0.0947268869974184
0.8644188642501831,1.0,0.09498249111775682
0.8643084764480591,1.0,0.09526365565012908
0.8641527891159058,1.0,0.0955192597704675
0.8640411496162415,1.0,0.09577486389080592
0.8638710975646973,1.0,0.09605602842317819
0.8637412786483765,1.0,0.0963116325435166
0.8636370897293091,1.0,0.09659279707588886
0.8634721636772156,1.0,0.09684840119622729
0.8633747100830078,0.9997368421052631,0.0971040053165657
0.8632552623748779,0.9997375328083989,0.09735960943690412
0.8630669116973877,0.9997382884061764,0.09764077396927638
0.862926721572876,0.9997389715478987,0.09789637808961481
0.8627978563308716,0.9997396511325176,0.09815198220995322
0.8626734614372253,0.9997403946002077,0.09843314674232549
0.8625701665878296,0.9997410668047644,0.0986887508626639
0.8624575734138489,0.9997418022205009,0.09896991539503616
0.8623102307319641,0.9997424671645635,0.09922551951537459
0.8621668815612793,0.9997431946584489,0.09950668404774685
0.8620365858078003,0.9997438524590164,0.09976228816808527
0.8618550300598145,0.9997445068983137,0.10001789228842368
0.8617769479751587,0.9997452229299363,0.10029905682079596
0.8616583347320557,0.9997458703939008,0.10055466094113437
0.8614234924316406,0.9997465788139889,0.10083582547350663
0.8612936735153198,0.999747219413549,0.10109142959384505
0.86119544506073,0.9997479203428283,0.10137259412621731
0.8611356616020203,0.9997485541865728,0.10162819824655574
0.8610607981681824,0.9997492477432297,0.101909362778928
0.860996663570404,0.9997498749374687,0.10216496689926642
0.8608750104904175,0.999750499001996,0.10242057101960483
0.8607004284858704,0.9997511818860413,0.10270173555197709
0.860610842704773,0.9997517994539588,0.10295733967231552
0.8605123162269592,0.9997524752475248,0.10323850420468778
0.8604313135147095,0.9997530864197531,0.1034941083250262
0.8602510690689087,0.9997537552327013,0.10377527285739846
0.860164999961853,0.9997543601080816,0.10403087697773689
0.8601000308990479,0.999754962019113,0.1042864810980753
0.8600022792816162,0.9997556207233627,0.10456764563044756
0.8598402738571167,0.999756216479766,0.10482324975078598
0.8597137928009033,0.99975686846584,0.10510441428315824
0.8596419095993042,0.9997574581615328,0.10536001840349667
0.859505832195282,0.9997581035316885,0.10564118293586892
0.8594100475311279,0.9997586872586872,0.10589678705620735
0.859308123588562,0.9997593261131167,0.10617795158857961
0.8592453598976135,0.9997599039615847,0.10643355570891803
0.8591907024383545,0.9997604790419161,0.10668915982925645
0.8591213226318359,0.9997611084567606,0.1069703243616287
0.8590205907821655,0.9997616777883699,0.10722592848196713
0.8589224815368652,0.9997623009270263,0.10750709301433939
0.8588289022445679,0.9997628645956841,0.10776269713467782
0.8586956858634949,0.999763481551561,0.10804386166705007
0.8586281538009644,0.9997640396413403,0.1082994657873885
0.8585167527198792,0.9997645951035782,0.10855506990772691
0.8584223985671997,0.999765203099319,0.10883623444009917
0.8582252264022827,0.9997657531037714,0.1090918385604376
0.8580979704856873,0.999766355140187,0.10937300309280985
0.8579142093658447,0.9997668997668998,0.10962860721314828
0.8578521013259888,0.9997674959311788,0.10990977174552054
0.8577063679695129,0.9997680352586407,0.11016537586585896
0.8575960397720337,0.9997686256362796,0.11044654039823122
0.8575407862663269,0.9997691597414589,0.11070214451856963
0.8574551939964294,0.9997696913864579,0.11095774863890806
0.8572739362716675,0.9997702733746842,0.11123891317128032
0.857211709022522,0.99977079990832,0.11149451729161874
0.8570935726165771,0.9997713763145862,0.111775681823991
0.8570163249969482,0.999771897810219,0.11203128594432943
0.8568280935287476,0.9997724687144482,0.11231245047670169
0.8566696643829346,0.9997729852440409,0.1125680545970401
0.8565378189086914,0.9997734994337486,0.11282365871737852
0.8564401865005493,0.999774062358789,0.11310482324975078
0.8563623428344727,0.9997745716862038,0.11336042737008921
0.8562486171722412,0.9997751293006522,0.11364159190246147
0.8561583757400513,0.9997756338344178,0.1138971960227999
0.8560905456542969,0.9997761862130707,0.11417836055517215
0.8559481501579285,0.9997766860205449,0.11443396467551056
0.8557270765304565,0.9997772332368011,0.11471512920788283
0.855613112449646,0.9997777283840854,0.11497073332822125
0.8555148839950562,0.9997782213351075,0.11522633744855967
0.8554034233093262,0.9997787610619469,0.11550750198093193
0.8553211092948914,0.9997792494481236,0.11576310610127036
0.855164110660553,0.9997797841885048,0.11604427063364262
0.8550631999969482,0.999780268072951,0.11629987475398103
0.8549818992614746,0.9997807978956598,0.1165810392863533
0.8549273014068604,0.9997812773403325,0.11683664340669171
0.8547600507736206,0.9997817546922741,0.11709224752703014
0.8546230792999268,0.9995645547572393,0.11734785164736855
0.854460597038269,0.9995655007603736,0.11760345576770698
0.8543453216552734,0.9995665366276549,0.11788462030007923
0.8542581796646118,0.9995674740484429,0.11814022442041766
0.8541638851165771,0.9995685005393743,0.11842138895278992
0.8540631532669067,0.9995694294940797,0.11867699307312835
0.8539183139801025,0.9995703544575725,0.11893259719346676
0.8538620471954346,0.9995713673381912,0.11921376172583902
0.853754460811615,0.9995722840034217,0.11946936584617744
0.8535788655281067,0.9995732878173672,0.1197505303785497
0.8534451723098755,0.9995741962955078,0.12000613449888813
0.8533430099487305,0.9995751911639762,0.12028729903126038
0.8532336950302124,0.9995760915642221,0.12054290315159881
0.8531506061553955,0.9995770776062592,0.12082406768397107
0.8530170321464539,0.9995779700358726,0.12107967180430948
0.8529248237609863,0.9995788587070963,0.1213352759246479
0.8527976274490356,0.9995798319327731,0.12161644045702016
0.8527079820632935,0.99958071278826,0.12187204457735859
0.85258549451828,0.9995816774733319,0.12215320910973085
0.8525090217590332,0.9995825506157379,0.12240881323006927
0.8524246215820312,0.9995835068721366,0.12268997776244153
0.8523039221763611,0.9995843724023276,0.12294558188277994
0.85221266746521,0.9995852343425964,0.12320118600311837
0.8521398305892944,0.999586178357128,0.12348235053549063
0.8519848585128784,0.9995870328308899,0.12373795465582905
0.851893424987793,0.99958796868562,0.12401911918820131
0.8517247438430786,0.9995888157894737,0.12427472330853974
0.8516354560852051,0.9995897435897436,0.124555887840912
0.851500391960144,0.9995905834186285,0.12481149196125041
0.8514060974121094,0.9995915032679739,0.12509265649362267
0.851309061050415,0.9995923359152059,0.1253482606139611
0.8511771559715271,0.999593165174939,0.12560386473429952
0.8509929180145264,0.9995940734727015,0.12588502926667178
0.8508521318435669,0.9995948956856391,0.1261406333870102
0.8506033420562744,0.9995957962813258,0.12642179791938246
0.8505527973175049,0.99959661153691,0.1266774020397209
0.8503653407096863,0.999597504528074,0.12695856657209315
0.8502042293548584,0.9995983129142398,0.12721417069243157
0.8501461744308472,0.9995991180597315,0.12746977481276997
0.8500314950942993,0.9996,0.12775093934514226
0.8498977422714233,0.9996007984031936,0.12800654346548065
0.8497705459594727,0.9996016729735112,0.1282877079978529
0.8496557474136353,0.9996024647187438,0.12854331211819134
0.8495119214057922,0.9996033320111067,0.1288244766505636
0.8493472933769226,0.9996041171813144,0.12908008077090202
0.8492180109024048,0.9996049772861939,0.12936124530327428
0.8490954041481018,0.9996057559629411,0.1296168494236127
0.8489323854446411,0.999606531575841,0.12987245354395113
0.8487822413444519,0.9994110718492344,0.13012805766428956
0.8487259149551392,0.9994122257053292,0.13038366178462796
0.8485702872276306,0.9994134897360704,0.13066482631700024
0.8484829664230347,0.9994146341463415,0.13092043043733864
0.848396897315979,0.9994158878504673,0.1312015949697109
0.8482148051261902,0.9994170229304314,0.13145719909004933
0.8480571508407593,0.9994181536074477,0.13171280321038775
0.8479501008987427,0.9994193922972712,0.13199396774276
0.8478339910507202,0.9994205138110875,0.13224957186309844
0.8477513790130615,0.9994217424826523,0.1325307363954707
0.8476394414901733,0.9994228549442093,0.13278634051580912
0.8474680185317993,0.999424073718564,0.13306750504818138
0.8473902940750122,0.9994251772370186,0.1333231091685198
0.8471676111221313,0.9994263862332696,0.13360427370089206
0.8470864295959473,0.9994274809160305,0.1338598778212305
0.846964955329895,0.9994285714285714,0.1341154819415689
0.8467968702316284,0.9994297662041437,0.13439664647394117
0.846718430519104,0.9994308480364257,0.13465225059427957
0.8465940952301025,0.9994320333207118,0.13493341512665183
0.8464747667312622,0.9994331065759637,0.13518901924699026
0.8463669419288635,0.9994342824816141,0.1354701837793625
0.846190869808197,0.9994353472614342,0.13572578789970094
0.8459523320198059,0.9994364080405786,0.13598139202003937
0.8458046317100525,0.999437570303712,0.13626255655241162
0.8457345962524414,0.999438622754491,0.13651816067275005
0.8456199765205383,0.9994397759103641,0.1367993252051223
0.8455225229263306,0.9994408201304753,0.13705492932546073
0.8453763723373413,0.9994419642857143,0.137336093857833
0.8452067375183105,0.999443000371333,0.13759169797817142
0.8450418710708618,0.9994441356309061,0.13787286251054368
0.8449110984802246,0.9994451636767153,0.1381284666308821
0.8448249101638794,0.9994461879268968,0.1383840707512205
0.8446364998817444,0.9994473102431835,0.13866523528359276
0.8445481061935425,0.9994483265906583,0.13892083940393118
0.844365119934082,0.9994494402642686,0.13920200393630344
0.8442268371582031,0.9994504488001466,0.13945760805664187
0.844129204750061,0.9994515539305302,0.13973877258901413
0.8440542221069336,0.9994525547445255,0.13999437670935255
0.8439251184463501,0.9992714025500911,0.14022442041765712
0.8438200354576111,0.9992728594800945,0.1405055849500294
0.8436861038208008,0.9992741789148974,0.1407611890703678
0.8435951471328735,0.9992756247736327,0.1410423536027401
0.843487024307251,0.9992769342010123,0.1412979577230785
0.8434136509895325,0.9992783691141981,0.14157912225545075
0.8433206677436829,0.9992796686475779,0.14183472637578917
0.8431620597839355,0.9992810927390366,0.14211589090816143
0.842958390712738,0.9992823824901328,0.14237149502849986
0.8428139686584473,0.9992836676217765,0.14262709914883828
0.8426739573478699,0.9992850759606792,0.14290826368121054
0.8425334095954895,0.9992863514719,0.14316386780154897
0.8424156308174133,0.9992877492877493,0.14344503233392122
0.842282772064209,0.9992890152861713,0.14370063645425965
0.8421030044555664,0.9992904026964697,0.1439818009866319
0.8420114517211914,0.9992916592881176,0.14423740510697033
0.8419491052627563,0.9992929114371575,0.14449300922730873
0.841824471950531,0.9992942836979535,0.14477417375968102
0.8417134284973145,0.9992955265938711,0.14502977788001942
0.8416425585746765,0.9992968887326419,0.14531094241239167
0.8415642380714417,0.9992981224776276,0.1455665465327301
0.8414280414581299,0.9992994746059545,0.14584771106510236
0.8413318395614624,0.9993006993006993,0.14610331518544079
0.8411191701889038,0.9993020415285291,0.14638447971781304
0.8410346508026123,0.9993032572722522,0.14664008383815147
0.8409323692321777,0.9993044687880369,0.1468956879584899
0.8407943844795227,0.9993057965984034,0.14717685249086215
0.8406959176063538,0.9993069993069993,0.14743245661120058
0.8405302166938782,0.9993083174822757,0.14771362114357284
0.8404287099838257,0.9993095114793716,0.14796922526391126
0.8402677774429321,0.9993108201240524,0.14825038979628352
0.8401226997375488,0.9993120055039559,0.14850599391662195
0.8400291204452515,0.9993131868131868,0.14876159803696035
0.8398780822753906,0.9993144815766923,0.1490427625693326
0.8397203087806702,0.9993156544054748,0.14929836668967103
0.8396148681640625,0.9993169398907104,0.1495795312220433
0.8395086526870728,0.9993181043300375,0.14983513534238171
0.8393896818161011,0.9993193806363792,0.15011629987475397
0.8392866849899292,0.999320536775947,0.1503719039950924
0.8390582203865051,0.9993218040013564,0.15065306852746466
0.8389064073562622,0.999322951929587,0.15090867264780308
0.8387511968612671,0.999324095978371,0.1511642767681415
0.8386344909667969,0.9993253499747006,0.15144544130051377
0.8385553359985352,0.999326485940394,0.1517010454208522
0.8384215831756592,0.999327731092437,0.15198220995322445
0.8382980823516846,0.9993288590604027,0.15223781407356288
0.8379862308502197,0.9993300954613967,0.15251897860593513
0.8378836512565613,0.9993312155158001,0.15277458272627356
0.8377230167388916,0.99933233183108,0.15303018684661196
0.8376561999320984,0.9993335554815062,0.15331135137898422
0.8375786542892456,0.9993346640053227,0.15356695549932264
0.8374731540679932,0.9993358791300017,0.1538481200316949
0.8373072147369385,0.9993369799436433,0.15410372415203333
0.8371732831001282,0.99933818663137,0.15438488868440559
0.8371356725692749,0.9993392798149984,0.154640492804744
0.8370884656906128,0.9993404781533388,0.15492165733711627
0.8369604349136353,0.9993415637860082,0.1551772614574547
0.8368269205093384,0.999342645850452,0.15543286557779312
0.8367376923561096,0.9993438320209974,0.15571403011016538
0.8366150259971619,0.9993449066491975,0.1559696342305038
0.8364408016204834,0.9993460846820337,0.15625079876287606
0.8363174200057983,0.9993471519503836,0.1565064028832145
0.8361753225326538,0.999348321928967,0.15678756741558675
0.83608078956604,0.9993493819128172,0.15704317153592515
0.8360022306442261,0.9993504384540435,0.15729877565626357
0.8358318209648132,0.9993515966931431,0.15757994018863583
0.8356961011886597,0.9993526460592329,0.15783554430897426
0.8354650735855103,0.9993537964458804,0.15811670884134651
0.8353655338287354,0.9993548387096775,0.15837231296168494
0.8352461457252502,0.9993559813234584,0.1586534774940572
0.8351197242736816,0.9993570165568236,0.15890908161439563
0.8350049257278442,0.9993581514762516,0.15919024614676788
0.8348582983016968,0.9993591797500802,0.1594458502671063
0.8347151875495911,0.999360204734485,0.15970145438744474
0.8345975875854492,0.9993613284368513,0.159982618919817
0.8344804048538208,0.9993623465646421,0.16023822304015542
0.8343290686607361,0.9993634627625716,0.16051938757252768
0.8341714143753052,0.9993644741023197,0.16077499169286608
0.8339946269989014,0.9993655828707375,0.16105615622523836
0.8338862657546997,0.9992082343626286,0.16128619993354293
0.8338350057601929,0.9992094861660079,0.16154180405388135
0.8336355686187744,0.9992108585858586,0.1618229685862536
0.8334832191467285,0.9992121021115663,0.16207857270659204
0.8333231210708618,0.9992134654711342,0.1623597372389643
0.8332216739654541,0.9992147008010052,0.16261534135930272
0.8329564332962036,0.9992160551897147,0.16289650589167498
0.8327585458755493,0.9992172824045085,0.1631521100120134
0.8326841592788696,0.999218627910611,0.16343327454438566
0.8325629234313965,0.9992198470900296,0.16368887866472406
0.8324302434921265,0.9992210624707898,0.1639444827850625
0.8321753740310669,0.9992223950233281,0.16422564731743475
0.8320039510726929,0.9992236024844721,0.16448125143777317
0.831882119178772,0.999224926368005,0.16476241597014543
0.8316699266433716,0.9992261259866894,0.16501802009048386
0.831551194190979,0.9992274412855378,0.16529918462285612
0.8314613103866577,0.9992286331379204,0.16555478874319454
0.8312444686889648,0.9992298213185459,0.16581039286353297
0.8311722874641418,0.9992311240965708,0.16609155739590523
0.8310309648513794,0.9992323046215261,0.16634716151624365
0.8309214115142822,0.9992335990190068,0.1666283260486159
0.8307056427001953,0.9992347719620447,0.16688393016895434
0.830586314201355,0.9992360580595875,0.1671650947013266
0.8303860425949097,0.9992372234935164,0.167420698821665
0.8302595019340515,0.9992385013706976,0.16770186335403728
0.8300620317459106,0.9992396593673966,0.16795746747437568
0.8299182653427124,0.9990889766170665,0.16818751118268027
0.8298144340515137,0.9990904956798545,0.16846867571505253
0.8296928405761719,0.9990918722566975,0.16872427983539096
0.8295754194259644,0.99909338168631,0.1690054443677632
0.8294916152954102,0.9990947495473748,0.16926104848810164
0.8293119668960571,0.9990962494351558,0.1695422130204739
0.829170286655426,0.9990976086629568,0.1697978171408123
0.8290082216262817,0.9990989638083796,0.17005342126115072
0.8288999795913696,0.9991004497751125,0.17033458579352298
0.8287972807884216,0.9991017964071857,0.1705901899138614
0.8287162780761719,0.9991032730533552,0.17087135444623366
0.8285481929779053,0.999104611252052,0.1711269585665721
0.828410267829895,0.9991060786650775,0.17140812309894435
0.8282508254051208,0.9989586432609342,0.17163816680724894
0.8280932307243347,0.9989603445715134,0.1719193313396212
0.8279958963394165,0.9989618864007118,0.17217493545995963
0.8279404640197754,0.998963423663557,0.17243053958029803
0.8277660608291626,0.9989651094027203,0.17271170411267028
0.8276616334915161,0.9989666371420136,0.1729673082330087
0.8275449872016907,0.9989683124539426,0.17324847276538097
0.8274152874946594,0.9989698307579102,0.1735040768857194
0.8272573947906494,0.9989714957390537,0.17378524141809165
0.8271667957305908,0.9989730046948356,0.17404084553843008
0.8270580172538757,0.9989745092294169,0.1742964496587685
0.8268815279006958,0.9989761591341232,0.17457761419114076
0.8267587423324585,0.9989776544472031,0.1748332183114792
0.8265668749809265,0.9989792942548849,0.17511438284385145
0.826440691947937,0.9989807804309843,0.17536998696418987
0.8262782692909241,0.9989824102340457,0.17565115149656213
0.8261673450469971,0.9989838873566556,0.17590675561690056
0.8260000944137573,0.9989855072463768,0.17618792014927281
0.8258480429649353,0.998986975397974,0.1764435242696112
0.8257393836975098,0.9989884393063584,0.17669912838994964
0.8255440592765808,0.9989900447265907,0.1769802929223219
0.8254643678665161,0.9989914997838928,0.17723589704266032
0.8253113031387329,0.9989930955120828,0.17751706157503258
0.8251875638961792,0.9989945417983338,0.177772665695371
0.8249574899673462,0.9989961279219848,0.17805383022774326
0.8248552083969116,0.9989975655162537,0.1783094343480817
0.8246822953224182,0.998998998998999,0.17856503846842012
0.8245888352394104,0.9990005711022273,0.17884620300079238
0.824400007724762,0.999001996007984,0.1791018071211308
0.8242665529251099,0.9990035587188613,0.17938297165350306
0.8241089582443237,0.9990049751243781,0.17963857577384149
0.8240230083465576,0.9990065285268237,0.17991974030621374
0.8238738775253296,0.9990079365079365,0.18017534442655217
0.8237080574035645,0.9990093405038211,0.18043094854689057
0.8235443830490112,0.9990108803165183,0.18071211307926283
0.8233687281608582,0.9990122759983068,0.18096771719960125
0.8232392072677612,0.9990138067061144,0.1812488817319735
0.8230578303337097,0.9990151941474396,0.18150448585231194
0.8229432106018066,0.9990167158308751,0.1817856503846842
0.8228327035903931,0.9990180951045028,0.18204125450502262
0.8227350115776062,0.9990196078431373,0.18232241903739488
0.822600245475769,0.999020979020979,0.1825780231577333
0.8223963379859924,0.9990223463687151,0.18283362727807173
0.8222616910934448,0.9990238460465765,0.183114791810444
0.8220649361610413,0.9990252054031472,0.18337039593078241
0.8219043612480164,0.9990266963292548,0.18365156046315467
0.8218181133270264,0.9990280477645098,0.1839071645834931
0.8217127323150635,0.9990295300152502,0.18418832911586536
0.8215842247009277,0.9990308735982278,0.18444393323620376
0.8214874267578125,0.9990322134660583,0.18469953735654218
0.8213711977005005,0.9990336830480397,0.18498070188891444
0.8212292790412903,0.9990350151640475,0.18523630600925287
0.8210874795913696,0.999036476256022,0.18551747054162512
0.8209737539291382,0.9990378006872852,0.18577307466196355
0.8208519816398621,0.9990392533626132,0.1860542391943358
0.8206304311752319,0.9990405701754386,0.18630984331467423
0.8204360008239746,0.9990420145066374,0.1865910078470465
0.8203158974647522,0.999043323766571,0.18684661196738492
0.8201712369918823,0.9990446294527091,0.18710221608772334
0.8200517892837524,0.9990460615971655,0.1873833806200956
0.8199222683906555,0.999047359825803,0.18763898474043403
0.8197535276412964,0.999048783802147,0.18792014927280629
0.8196035027503967,0.9989143710137061,0.18815019298111085
0.819448709487915,0.998780487804878,0.18840579710144928
0.8193219304084778,0.9987821380243572,0.1886614012217877
0.8191714286804199,0.9987837837837837,0.1889170053421261
0.8190314769744873,0.9987855889893402,0.1891981698744984
0.8188722729682922,0.9987872254413152,0.1894537739948368
0.8187520503997803,0.998789020452099,0.18973493852720905
0.8186352252960205,0.9987906476753561,0.18999054264754747
0.818562924861908,0.9987924325774856,0.19027170717991973
0.8184365630149841,0.9987940506498727,0.19052731130025816
0.8182868957519531,0.9987958255284988,0.19080847583263041
0.8181935548782349,0.9987974345269909,0.19106407995296884
0.8180568218231201,0.9987990392313851,0.19131968407330727
0.817866325378418,0.9988007994670219,0.19160084860567952
0.8177257180213928,0.9988023952095808,0.19185645272601795
0.8176254630088806,0.998804145628488,0.1921376172583902
0.8175561428070068,0.9988057324840764,0.19239322137872863
0.817493200302124,0.9988074731681463,0.1926743859111009
0.8172388076782227,0.9988090512107979,0.19292999003143932
0.817046046257019,0.9988106250825954,0.19318559415177772
0.8169106245040894,0.998812351543943,0.19346675868414998
0.8167226314544678,0.9988139167105957,0.1937223628044884
0.8165563344955444,0.9988156336360048,0.19400352733686066
0.8164856433868408,0.9988171901695361,0.19425913145719909
0.8163653612136841,0.9988188976377953,0.19454029598957134
0.8161923885345459,0.9988204456094364,0.19479590010990977
0.8160654306411743,0.9988221436984688,0.19507706464228203
0.8159275054931641,0.9988236831786694,0.19533266876262045
0.815862774848938,0.9988252186398643,0.19558827288295888
0.815697431564331,0.9988269030239834,0.19586943741533114
0.8155691623687744,0.998828430096329,0.19612504153566956
0.8154209852218628,0.9988301052905239,0.19640620606804182
0.8152937889099121,0.9988316240425809,0.19666181018838025
0.8151153326034546,0.9988332901218564,0.1969429747207525
0.8150080442428589,0.9988348006214397,0.1971985788410909
0.8148739337921143,0.9988363072148952,0.19745418296142933
0.8146153688430786,0.9988379599741769,0.1977353474938016
0.8145036101341248,0.9988394584139265,0.19799095161414001
0.8143567442893982,0.9988411022405357,0.19827211614651227
0.8141801953315735,0.9988425925925926,0.1985277202668507
0.8140546083450317,0.9988442275587518,0.19880888479922296
0.8138672113418579,0.9988457098884186,0.19906448891956138
0.8137509822845459,0.9988473360655737,0.19934565345193364
0.8136599063873291,0.998848810437452,0.19960125757227207
0.8135087490081787,0.9988502810424118,0.1998568616926105
0.813407301902771,0.9988518943742825,0.20013802622498275
0.8132582306861877,0.9988533571155561,0.20039363034532118
0.8130820393562317,0.998854961832061,0.20067479487769344
0.8129925727844238,0.998856416772554,0.20093039899803186
0.812893271446228,0.99885801294252,0.20121156353040412
0.8127511739730835,0.9988594601444684,0.20146716765074252
0.8125842809677124,0.9988609036830781,0.20172277177108094
0.8124434947967529,0.9988624873609707,0.2020039363034532
0.8123124837875366,0.9988639232517041,0.20225954042379163
0.8121820688247681,0.9988654985503592,0.2025407049561639
0.8120964765548706,0.9988669268538336,0.2027963090765023
0.81194669008255,0.9988684938395775,0.20307747360887457
0.8116616010665894,0.998869914615771,0.203333077729213
0.8115243911743164,0.998871473354232,0.20361424226158525
0.8113753795623779,0.9988728866624922,0.20386984638192368
0.8112328052520752,0.998874296435272,0.2041254505022621
0.8111122846603394,0.9988758431176618,0.20440661503463436
0.8110144138336182,0.998877245508982,0.2046622191549728
0.810920000076294,0.9988787841036502,0.20494338368734505
0.8108246326446533,0.9988801791713325,0.20519898780768345
0.8107305765151978,0.9988817097415507,0.20548015234005573
0.8105769157409668,0.9988830975428146,0.20573575646039413
0.8104642629623413,0.9988844819038175,0.20599136058073256
0.8103225231170654,0.9988860007426662,0.20627252511310482
0.8102245926856995,0.998887377920633,0.20652812923344324
0.8100234270095825,0.9988888888888889,0.2068092937658155
0.8098804354667664,0.9988902589395807,0.20706489788615393
0.8097906112670898,0.9988917620982638,0.20734606241852618
0.8095701336860657,0.9988931250768663,0.2076016665388646
0.8094255924224854,0.998894620486367,0.20788283107123687
0.8092300891876221,0.9987733071638861,0.20811287477954143
0.8090213537216187,0.9987748100955648,0.20836847889987986
0.8088932037353516,0.998776459072556,0.20864964343225212
0.8087934851646423,0.9987779542954907,0.20890524755259055
0.8086633086204529,0.9987795948254821,0.2091864120849628
0.8084627389907837,0.9987810823988298,0.20944201620530123
0.8083679676055908,0.9987827145465612,0.2097231807376735
0.8082976341247559,0.9987841945288753,0.2099787848580119
0.8082208633422852,0.9987856709168185,0.21023438897835034
0.8080928921699524,0.9987872908076644,0.2105155535107226
0.8078578114509583,0.9987887596899225,0.21077115763106102
0.8076976537704468,0.9987903713559937,0.21105232216343328
0.8075412511825562,0.9987918327896581,0.2113079262837717
0.8073490262031555,0.9987934362934363,0.21158909081614397
0.8072223663330078,0.9987948903350204,0.21184469493648236
0.8071129322052002,0.998796485738356,0.21212585946885465
0.8070182800292969,0.9987979324438033,0.21238146358919305
0.8069345951080322,0.9987993756753512,0.21263706770953147
0.8067386746406555,0.9988009592326139,0.21291823224190373
0.8066178560256958,0.9988023952095808,0.21317383636224216
0.806350827217102,0.998803970816888,0.21345500089461442
0.8062227964401245,0.9988053995938359,0.21371060501495284
0.8060469627380371,0.9988069673109043,0.2139917695473251
0.8058682680130005,0.9988083889418494,0.21424737366766353
0.8057554960250854,0.9988098071887646,0.21450297778800195
0.8056548237800598,0.9988113633662189,0.2147841423203742
0.8054947853088379,0.9986940520004749,0.21501418602867878
0.805404782295227,0.9986957552762628,0.21529535056105104
0.8052232265472412,0.9986972998578872,0.21555095468138946
0.8051019906997681,0.9986989946777055,0.21583211921376172
0.8049688339233398,0.9987005316007088,0.21608772333410015
0.8048664331436157,0.9987022180273714,0.2163688878664724
0.8047080039978027,0.9987037473485741,0.21662449198681083
0.8045219779014587,0.9987052730696798,0.21688009610714926
0.8044021129608154,0.9987069472199365,0.21716126063952151
0.804288387298584,0.998708465422097,0.21741686475985994
0.8041435480117798,0.9987101313320825,0.2176980292922322
0.8040440678596497,0.9987116420707426,0.21795363341257062
0.8039494752883911,0.9987132998011463,0.21823479794494288
0.8038647770881653,0.9987148031312069,0.21849040206528128
0.8036689162254333,0.9985996032209126,0.21872044577358588
0.8035720586776733,0.9986013986013986,0.21900161030595813
0.8034402132034302,0.9986030267753201,0.21925721442629656
0.803217887878418,0.9986048133937914,0.21953837895866882
0.803064227104187,0.9986064336314017,0.21979398307900724
0.8029733300209045,0.9986082115518441,0.2200751476113795
0.8028139472007751,0.9986098239110287,0.22033075173171793
0.8027000427246094,0.9986115931968067,0.22061191626409019
0.8026018142700195,0.9986131977348897,0.22086752038442858
0.8024769425392151,0.9986147985686252,0.221123124504767
0.8022658228874207,0.998616555222504,0.22140428903713927
0.8021953105926514,0.9986181483187471,0.2216598931574777
0.8019666075706482,0.9986198964922369,0.22194105768984995
0.8018184304237366,0.99862148190695,0.22219666181018838
0.8016473650932312,0.9986232216613126,0.22247782634256064
0.8014931678771973,0.9986247994499198,0.22273343046289906
0.8013890981674194,0.9986263736263736,0.2229890345832375
0.8011533617973328,0.9986281010632216,0.22327019911560975
0.8010162115097046,0.9986296676944159,0.22352580323594817
0.80085289478302,0.9986313868613139,0.22380696776832043
0.8007686138153076,0.9986329460013671,0.22406257188865886
0.800627589225769,0.9986346569575606,0.22434373642103111
0.8005542755126953,0.998636208660075,0.2245993405413695
0.8004299402236938,0.9986379114642452,0.2248805050737418
0.800324559211731,0.9985260770975056,0.22511054878204637
0.8002262115478516,0.9985277463193658,0.2253661529023848
0.8000220060348511,0.9985295781020247,0.22564731743475705
0.7998753786087036,0.9985312394079765,0.22590292155509548
0.7997298240661621,0.9985330625141051,0.22618408608746773
0.7996253967285156,0.9984220018034266,0.2264141297957723
0.7994635105133057,0.9984239558707644,0.22669529432814456
0.799314022064209,0.9984257281007534,0.22695089844848298
0.7992218136787415,0.9984274963495451,0.2272065025688214
0.7990919351577759,0.9984294368409243,0.22748766710119367
0.7987992763519287,0.9984311967727476,0.2277432712215321
0.7985602617263794,0.9984331281477337,0.22802443575390435
0.798404335975647,0.9984348798211291,0.22828003987424278
0.7981811761856079,0.9984368021438143,0.22856120440661504
0.7980683445930481,0.9984385456167745,0.22881680852695346
0.7979176044464111,0.9984404589506517,0.22909797305932572
0.7977551817893982,0.9984421942806275,0.22935357717966415
0.7976764440536499,0.9984439257530288,0.22960918130000255
0.797507107257843,0.9984458259325044,0.22989034583237483
0.7973909378051758,0.998447549345753,0.23014594995271323
0.7972384691238403,0.9984494406911064,0.2304271144850855
0.7970795631408691,0.9984511561013386,0.23068271860542391
0.7970029711723328,0.9984530386740331,0.23096388313779617
0.7968903183937073,0.9984547461368654,0.2312194872581346
0.7967461347579956,0.9984564498346197,0.23147509137847302
0.7965264320373535,0.9984583195683295,0.23175625591084528
0.7964438199996948,0.998460015399846,0.2320118600311837
0.7963173389434814,0.998461876510657,0.23229302456355597
0.7961790561676025,0.9984635645302897,0.2325486286838944
0.7959228754043579,0.9984654170777156,0.23282979321626665
0.7957975268363953,0.9984670973393189,0.23308539733660508
0.7955483198165894,0.9984689413823272,0.23336656186897733
0.7953848242759705,0.9984706139392615,0.23362216598931576
0.7952536344528198,0.9984722828459188,0.23387777010965416
0.7950853705406189,0.9984741144414169,0.23415893464202642
0.7949830293655396,0.9984757757212847,0.23441453876236484
0.794864296913147,0.9984775989560678,0.2346957032947371
0.7946666479110718,0.9984792526613079,0.23495130741507553
0.7945259809494019,0.9984810675924921,0.23523247194744779
0.7943426370620728,0.9984827137747914,0.2354880760677862
0.7942222952842712,0.9984843563927682,0.23574368018812464
0.7940861582756042,0.9984861591695502,0.2360248447204969
0.7939447164535522,0.9984877943400302,0.23628044884083532
0.7937702536582947,0.998489588952422,0.23656161337320758
0.7935526371002197,0.9984912167259403,0.236817217493546
0.7933123111724854,0.9984930032292788,0.23709838202591826
0.7931864261627197,0.998494623655914,0.2373539861462567
0.7930620908737183,0.9984962406015038,0.2376095902665951
0.7927929162979126,0.998498015234417,0.23789075479896735
0.7925916910171509,0.9984996249062266,0.23814635891930577
0.7923773527145386,0.9985013915649754,0.23842752345167803
0.7922000288963318,0.9985029940119761,0.23868312757201646
0.7920141220092773,0.9985047527501869,0.23896429210438871
0.7917969226837158,0.9985063480209111,0.23921989622472714
0.7916989326477051,0.9985080988917306,0.2395010607570994
0.7914532423019409,0.9984032361081542,0.239731104465404
0.7913416624069214,0.9984049340706083,0.2399867085857424
0.7911518812179565,0.9984067976633032,0.24026787311811468
0.7909936904907227,0.9984084880636604,0.24052347723845308
0.7908222675323486,0.9983043662568886,0.2407790813587915
0.7905795574188232,0.9983061613381325,0.24103468547912993
0.7903974652290344,0.9983081315427725,0.2413158500115022
0.7902222871780396,0.9983099186648358,0.2415714541318406
0.79006028175354,0.9983117020154058,0.241827058252179
0.7898653745651245,0.9983136593591906,0.2421082227845513
0.7897612452507019,0.9983154348283849,0.2423638269048897
0.7894912958145142,0.9983173835313913,0.24264499143726198
0.7893187403678894,0.9983191511713415,0.24290059555760038
0.7891972064971924,0.9982161594963274,0.2431561996779388
0.7889531850814819,0.9982180293501048,0.24341180379827723
0.7888429760932922,0.9982200816668412,0.2436929683306495
0.7887548208236694,0.9982219433113692,0.24394857245098792
0.7885698080062866,0.9982238010657194,0.24420417657132634
0.7884237170219421,0.9982258401168859,0.2444853411036986
0.7882466316223145,0.9982276897414513,0.244740945224037
0.7880799174308777,0.9982297198792044,0.24502210975640928
0.7879713773727417,0.9982315614272339,0.24527771387674768
0.7878715395927429,0.9982335827098919,0.24555887840911997
0.7877437472343445,0.9982354162341707,0.24581448252945837
0.7876145839691162,0.9982372459560348,0.2460700866497968
0.7874623537063599,0.9982392542723977,0.24635125118216905
0.7873058915138245,0.9982410760475944,0.24660685530250748
0.7870974540710449,0.9982430756510955,0.24688801983487974
0.7868203520774841,0.9982448895312822,0.24714362395521816
0.7866238355636597,0.9982468804784985,0.24742478848759042
0.7864516973495483,0.9982486865148862,0.24768039260792885
0.7862857580184937,0.9982506688619057,0.2479615571403011
0.7861032485961914,0.9982524671052632,0.24821716126063953
0.7858675718307495,0.9982542616553707,0.24847276538097793
0.7856543064117432,0.9982562314083496,0.2487539299133502
0.7855298519134521,0.9982580182395737,0.2490095340336886
0.7853556871414185,0.9982599795291709,0.2492906985660609
0.7852013111114502,0.9982617586912066,0.2495463026863993
0.7850152850151062,0.9982637115718517,0.24982746721877155
0.7848280668258667,0.998265483113968,0.25008307133911
0.7846715450286865,0.9982672510447457,0.2503386754594484
0.7844575047492981,0.99826919161067,0.2506198399918207
0.7843165397644043,0.9982709519934907,0.25087544411215906
0.7840558886528015,0.998272884283247,0.2511566086445314
0.7839372158050537,0.9982746371663452,0.25141221276486975
0.7837797403335571,0.9982765612327656,0.251693377297242
0.7836477756500244,0.9981770305853758,0.2519234210055466
0.7835220098495483,0.9981790591805766,0.25220458553791886
0.7832876443862915,0.9980798383021728,0.25243462924622345
0.7830549478530884,0.9980817768803635,0.2526902333665619
0.7828327417373657,0.9980839048003227,0.25297139789893414
0.7826746106147766,0.9980858351803344,0.25322700201927256
0.7825449705123901,0.9980879541108987,0.2535081665516448
0.7824333906173706,0.9980898763446265,0.25376377067198325
0.7822023630142212,0.9980919863426391,0.2540449352043555
0.7820248603820801,0.9980939004815409,0.25430053932469393
0.7818858623504639,0.9980958107837242,0.25455614344503236
0.7817159295082092,0.9980979076984683,0.2548373079774046
0.7815737724304199,0.9980998099809981,0.25509291209774304
0.7813608646392822,0.9981018981018981,0.2553740766301153
0.7811527252197266,0.9981037924151697,0.2556296807504537
0.7809714078903198,0.9981058717974279,0.255910845282826
0.7808223962783813,0.9981077581914152,0.25616644940316435
0.7806674242019653,0.9981098288897732,0.25644761393553667
0.7805681228637695,0.998111707414033,0.25670321805587504
0.7803809642791748,0.9981135822081016,0.25695882217621346
0.7802756428718567,0.9981156401864525,0.2572399867085857
0.7801318764686584,0.9981175071831963,0.25749559082892415
0.7799226641654968,0.9981195566112431,0.2577767553612964
0.7797341346740723,0.9981214158592051,0.25803235948163483
0.7796382904052734,0.9981234567901235,0.2583135240140071
0.779496431350708,0.9981253083374445,0.2585691281343455
0.7792739868164062,0.9981271562345984,0.25882473225468394
0.7790970802307129,0.9981291847183931,0.2591058967870562
0.7789351940155029,0.998131024985245,0.2593615009073946
0.7788043022155762,0.9980347843175789,0.25961710502773305
0.7786369323730469,0.9980367134583292,0.2598727091480715
0.7783670425415039,0.9980388311433614,0.26015387368044374
0.7782431244850159,0.9980407523510971,0.26040947780078216
0.778088390827179,0.9980428613367257,0.2606906423331544
0.7779333591461182,0.9980447746602796,0.26094624645349285
0.7778704166412354,0.9980466842465084,0.2612018505738313
0.7776839733123779,0.9980487804878049,0.26148301510620353
0.7775384187698364,0.9980506822612085,0.26173861922654196
0.7773733735084534,0.9980527699347678,0.2620197837589142
0.7772583365440369,0.9980546639431962,0.2622753878792526
0.7771474123001099,0.998056743101438,0.2625565524116249
0.7769297361373901,0.998058629392351,0.26281215653196327
0.7766336798667908,0.9980605120248255,0.2630677606523017
0.776435136795044,0.99806257870774,0.26334892518467395
0.7761752605438232,0.9980644536920545,0.2636045293050124
0.7759591341018677,0.9980665119876256,0.26388569383738464
0.7758633494377136,0.9980683793702917,0.26414129795772306
0.7756657600402832,0.9980704293294742,0.2644224624900953
0.7754120826721191,0.9980722891566265,0.26467806661043375
0.775266170501709,0.9979780473714616,0.2649336707307722
0.7749390602111816,0.9978838014621008,0.26516371443907677
0.7748010158538818,0.9978858350951374,0.2654193185594152
0.7746425271034241,0.9978880675818373,0.26570048309178745
0.7745199203491211,0.9978900930277165,0.2659560872121259
0.7743574380874634,0.9978923165357348,0.26623725174449814
0.7741694450378418,0.9978943338437979,0.26649285586483656
0.773932695388794,0.9978965484271919,0.2667740203972088
0.773795485496521,0.9978985576463846,0.26702962451754725
0.7735855579376221,0.9979005630308235,0.2672852286378856
0.7734063863754272,0.9979027645376549,0.2675663931702579
0.773229718208313,0.9979047619047619,0.2678219972905963
0.7730708122253418,0.9979069546189706,0.26810316182296856
0.772878885269165,0.9979089440167285,0.268358765943307
0.7727276086807251,0.9979111279908849,0.26863993047567924
0.7725318670272827,0.9979131094668944,0.26889553459601767
0.7724276781082153,0.9979152847531507,0.26917669912838993
0.7722997665405273,0.9979172583546341,0.26943230324872836
0.7720891237258911,0.9979192282228317,0.2696879073690668
0.7718992233276367,0.9979213907785336,0.26996907190143904
0.7717150449752808,0.9979233528412309,0.27022467602177747
0.7716156244277954,0.9979255068363979,0.2705058405541497
0.7715082168579102,0.9979274611398964,0.27076144467448815
0.7713429927825928,0.9979296066252588,0.2710426092068604
0.7711360454559326,0.997837532907108,0.271272652915165
0.7709715366363525,0.9978395641555514,0.27152825703550343
0.7707273960113525,0.9978417941259267,0.2718094215678757
0.770496129989624,0.9978438173807068,0.2720650256882141
0.770322322845459,0.9978460385840044,0.27234619022058637
0.7701183557510376,0.9978480538922155,0.2726017943409248
0.7699099183082581,0.9978502663800355,0.27288295887329705
0.7697192430496216,0.9978522737884022,0.2731385629936355
0.7695498466491699,0.9978544776119403,0.27341972752600774
0.7693823575973511,0.9977632805219012,0.2736497712343123
0.7690881490707397,0.9977653631284916,0.2739053753546507
0.7688607573509216,0.9977676495209747,0.27418653988702296
0.7687605619430542,0.9977697240033454,0.2744421440073614
0.7685940265655518,0.9977720014853323,0.27472330853973365
0.7684034109115601,0.9977740678909294,0.2749789126600721
0.768234133720398,0.9977763365144074,0.27526007719244433
0.7679601907730103,0.9977783948903083,0.27551568131278276
0.7677531242370605,0.9977804494589846,0.2757712854331212
0.767438530921936,0.9977827050997783,0.27605244996549344
0.7672061920166016,0.9976924496954034,0.27628249367379804
0.7670394778251648,0.9976947902259106,0.2765636582061703
0.7667773962020874,0.9976969138645785,0.2768192623265087
0.7665302753448486,0.9976992453524756,0.277100426858881
0.7664539813995361,0.9977013607944097,0.2773560309792194
0.7662466764450073,0.9977036832919997,0.27763719551159166
0.7660300731658936,0.9977057905845645,0.2778927996319301
0.7658385634422302,0.9977078940130192,0.2781484037522685
0.7656062841415405,0.997710203333944,0.27842956828464077
0.7654597759246826,0.9977122986822841,0.27868517240497914
0.765392541885376,0.9977145991406893,0.27896633693735146
0.7652589082717896,0.997716686455384,0.2792219410576898
0.7650640606880188,0.9977189781021898,0.2795031055900621
0.7649028897285461,0.9977210574293528,0.2797587097104005
0.7647075653076172,0.9977231329690346,0.28001431383073894
0.7645450830459595,0.9977254117004822,0.2802954783631112
0.7642027139663696,0.9976365784928642,0.2805255220714158
0.7639563083648682,0.9975481293134763,0.2807811261917542
0.7636251449584961,0.997550353837779,0.28103673031209264
0.7633741497993469,0.9975527961569836,0.2813178948444649
0.7632260322570801,0.9975550122249389,0.2815734989648033
0.7631162405014038,0.9975574452686811,0.2818546634971756
0.7629779577255249,0.9975596529284165,0.282110267617514
0.7627445459365845,0.9975618566010475,0.28236587173785244
0.7625117301940918,0.9974740640505187,0.2826214758581908
0.7623318433761597,0.9974763406940063,0.28287707997852923
0.7621372938156128,0.9974788402665226,0.2831582445109015
0.7618658542633057,0.9974811083123426,0.2834138486312399
0.761696457862854,0.9973937269704323,0.28366945275157834
0.7615311145782471,0.997396067163509,0.28392505687191677
0.7613214254379272,0.9973984031578003,0.2841806609922552
0.7611058950424194,0.997400967915397,0.28446182552462745
0.7609288692474365,0.9974032951289399,0.2847174296449659
0.7605950832366943,0.9974058502549423,0.28499859417733814
0.7604287266731262,0.9974081687371525,0.28525419829767656
0.7602945566177368,0.9974107142857143,0.2855353628300488
0.7601673603057861,0.9974130240856378,0.28579096695038725
0.7599527835845947,0.9974155601105071,0.2860721314827595
0.7597172260284424,0.9974178612768231,0.28632773560309793
0.7595986127853394,0.9974201583489013,0.28658333972343636
0.7593737840652466,0.9974226804123711,0.2868645042558086
0.7591650485992432,0.9974249689220387,0.28712010837614704
0.7589904069900513,0.9974274815931873,0.2874012729085193
0.7587898969650269,0.99742976158823,0.2876568770288577
0.7585974335670471,0.9974322649194263,0.28793804156123
0.7583811283111572,0.9974345364472753,0.2881936456815684
0.7581840753555298,0.9974368039596959,0.2884492498019068
0.7580172419548035,0.997439293598234,0.2887304143342791
0.7579042911529541,0.9973533303925893,0.28896045804258363
0.7577559947967529,0.997355896351137,0.2892416225749559
0.7576225399971008,0.9973582247270165,0.2894972266952943
0.7573674321174622,0.9973607812087623,0.2897783912276666
0.7572325468063354,0.997363100993232,0.290033995348005
0.757091760635376,0.9973656480505796,0.29031515988037726
0.7569335699081421,0.9973679592911037,0.2905707640007157
0.7567996978759766,0.9973702664796634,0.2908263681210541
0.7565915584564209,0.9973727997197653,0.29110753265342637
0.7564496994018555,0.9973750984338088,0.2913631367737648
0.7561602592468262,0.9973776223776224,0.29164430130613705
0.755971372127533,0.9973799126637555,0.2918999054264755
0.7556784152984619,0.9973824273623593,0.29218106995884774
0.7554785013198853,0.9973847092668469,0.29243667407918617
0.7552645802497864,0.9973869871962373,0.2926922781995246
0.7549706697463989,0.9973894883397146,0.29297344273189685
0.7547481656074524,0.9973917579551382,0.2932290468522353
0.7546205520629883,0.9973942499782854,0.29351021138460753
0.7544873952865601,0.9973965113251757,0.29376581550494596
0.7544162273406982,0.9973989942777874,0.2940469800373182
0.7542679309844971,0.9974012474012474,0.29430258415765664
0.7539792656898499,0.9974037213327563,0.2945837486900289
0.7536849975585938,0.9974059662775616,0.29483935281036733
0.753524899482727,0.9974082073434125,0.2950949569307057
0.7533398866653442,0.9974106680476437,0.295376121463078
0.7531803250312805,0.997412901000345,0.2956317255834164
0.7529397010803223,0.9974153528043422,0.29591289011578864
0.7526746988296509,0.9974175776878712,0.29616849423612707
0.7525187134742737,0.9974200206398349,0.2964496587684993
0.752405047416687,0.9974222374978519,0.29670526288883775
0.7522304058074951,0.9973385989010989,0.29693530659714235
0.7519704103469849,0.9972553392229179,0.29719091071748077
0.7518126964569092,0.9972576913188791,0.2974465148378192
0.7514567971229553,0.9972602739726028,0.29772767937019146
0.7512087821960449,0.997262617621899,0.2979832834905299
0.7508523464202881,0.9972651910093154,0.29826444802290214
0.7505746483802795,0.9972675262573649,0.29852005214324057
0.7503502368927002,0.9971845405682109,0.2987500958515451
0.7501673698425293,0.9971871803614047,0.29903126038391736
0.7500269412994385,0.9971895758814512,0.2992868645042558
0.7498022317886353,0.997192206245214,0.29956802903662805
0.749675989151001,0.997109580889229,0.29979807274493264
0.749522864818573,0.9971122812977747,0.3000792372773049
0.7492994070053101,0.9971147318397827,0.3003348413976433
0.7491662502288818,0.9971174226367104,0.3006160059300156
0.7490439414978027,0.9971198644642101,0.300871610050354
0.7487536072731018,0.9971223021582734,0.30112721417069244
0.7484952211380005,0.9971249788601386,0.3014083787030647
0.7482154369354248,0.9971274079080771,0.3016639828234031
0.7480515837669373,0.9971300751245041,0.3019451473557754
0.747843325138092,0.9971324955722358,0.3022007514761138
0.7477201819419861,0.9971351533535557,0.30248191600848606
0.7475451231002808,0.9971375652466745,0.3027375201288245
0.7472912669181824,0.996971736204576,0.3029420034250952
0.7471983432769775,0.9969745356752668,0.30322316795746745
0.7470272779464722,0.9969770761608867,0.3034787720778059
0.7468628287315369,0.9969798657718121,0.30375993661017814
0.7466455698013306,0.9969823973176865,0.30401554073051656
0.7465352416038513,0.9969851771208441,0.3042967052628888
0.7464002370834351,0.9969876997740775,0.30455230938322725
0.7461301684379578,0.9969904698211002,0.3048334739155995
0.7457617521286011,0.9969929836284664,0.30508907803593793
0.7456644773483276,0.9969954932398598,0.30534468215627636
0.7454265356063843,0.9969148670057534,0.3056002862766148
0.7452861666679382,0.9968341248021328,0.3058303299849194
0.7451187968254089,0.9968370234726153,0.30611149451729164
0.744901180267334,0.9968396540252827,0.30636709863763006
0.7446976900100708,0.9968425425841296,0.3066482631700023
0.7444523572921753,0.9968451639684517,0.3069038672903407
0.7441681623458862,0.9968477810037328,0.3071594714106791
0.7440118789672852,0.9968506547323056,0.3074406359430514
0.7438308596611023,0.9968532626697582,0.3076962400633898
0.7436097264289856,0.9968561264168114,0.30797740459576206
0.743423342704773,0.9967760601802099,0.30820744830406666
0.7432883381843567,0.9967789890981169,0.3084886128364389
0.74314284324646,0.996699125268196,0.3087186565447435
0.742855966091156,0.996702118888614,0.30899982107711577
0.7426914572715759,0.9967048356536782,0.3092554251974542
0.7424103021621704,0.996707547946333,0.3095110293177926
0.7422109842300415,0.9967105263157895,0.3097921938501649
0.7419873476028442,0.9967132292522597,0.3100477979705033
0.7418122887611389,0.9967161973565388,0.31032896250287556
0.7415800094604492,0.9966368632597818,0.3105590062111801
0.7414533495903015,0.9966398950991641,0.3108401707435524
0.741239607334137,0.9966426465771372,0.3110957748638908
0.7410651445388794,0.9966453935526101,0.3113513789842292
0.7409287691116333,0.9965666639417968,0.31160698310456764
0.7407450079917908,0.9965694682675815,0.31186258722490606
0.7405188083648682,0.9965725477395136,0.3121437517572783
0.7401770353317261,0.9965753424657534,0.31239935587761675
0.7399624586105347,0.9965784114052954,0.312680520409989
0.7396121621131897,0.9964997964997965,0.3129105641182936
0.7393598556518555,0.9965029277813924,0.31319172865066586
0.7390764355659485,0.9964245083699008,0.31342177235897045
0.7388559579849243,0.9964274114972393,0.3136773764793088
0.7385886907577515,0.9963494767583354,0.31393298059964725
0.7384250164031982,0.9963524357623409,0.3141885847199857
0.7381142973899841,0.9963556851311953,0.31446974925235793
0.7378981709480286,0.996358634083185,0.31472535337269636
0.737689197063446,0.996361872422993,0.3150065179050686
0.7375410795211792,0.9963648113741013,0.31526212202540704
0.7373337149620056,0.996287028815885,0.31549216573371164
0.7371442914009094,0.9962903225806452,0.3157733302660839
0.7369406223297119,0.996293311845286,0.3160289343864223
0.7366238236427307,0.9962965944770953,0.3163100989187946
0.7363386154174805,0.9962995736465289,0.316565703039133
0.7361708879470825,0.9963028452017361,0.31684686757150526
0.7359364628791809,0.9963058143270157,0.3171024716918437
0.7356746792793274,0.9963090748615903,0.31738363622421595
0.7354053854942322,0.9963120339934258,0.3176392403445544
0.7352444529533386,0.9963149883842025,0.3178948444648928
0.7349879741668701,0.9963182327517208,0.31817600899726506
0.7347710132598877,0.9963211772232885,0.31843161311760343
0.7345229387283325,0.9963244107071514,0.31871277764997574
0.7343918681144714,0.9963273453093813,0.3189683817703141
0.7341557741165161,0.9963305679642629,0.3192495463026864
0.7338795065879822,0.9963334927466921,0.3195051504230248
0.733610212802887,0.9963364128703409,0.3197607545433632
0.7333261370658875,0.9963396196387364,0.3200419190757355
0.7331271171569824,0.996342530015107,0.3202975231960739
0.7328708171844482,0.996345726088338,0.32057868772844617
0.7326617240905762,0.9963486267661533,0.3208342918487846
0.7324916124343872,0.9963518121976366,0.32111545638115685
0.7323120832443237,0.9963547032252952,0.3213710605014953
0.732140064239502,0.9962787015043547,0.3216266646218337
0.7319179773330688,0.9962816455696203,0.32188226874217213
0.7316159009933472,0.9962055335968379,0.3221123124504767
0.7313535213470459,0.9961298475633836,0.3223679165708151
0.7312695384025574,0.9961329019019809,0.3226235206911535
0.7310030460357666,0.9961362561110235,0.3229046852235258
0.7308307886123657,0.9961393003466751,0.3231602893438642
0.7305830717086792,0.9961426434700464,0.32344145387623646
0.7303359508514404,0.9961456776527964,0.3236970579965749
0.7302320599555969,0.9960701092509628,0.3239271017048795
0.7298388481140137,0.9959949740851264,0.3241827058252179
0.7296331524848938,0.9959981167608286,0.32443830994555634
0.7294760942459106,0.9960015680125441,0.3247194744779286
0.7292747497558594,0.9960047003525264,0.324975078598267
0.7290432453155518,0.995929868503444,0.32523068271860545
0.7289036512374878,0.9959330517753793,0.3254862868389438
0.7285892963409424,0.9959365476283504,0.32576745137131613
0.7284115552902222,0.9959397204653705,0.3260230554916545
0.7281785607337952,0.9959428883514083,0.3262786596119929
0.7278637886047363,0.9959463673214842,0.3265598241443652
0.7275925874710083,0.9959495248481072,0.3268154282647036
0.7273945808410645,0.9958751653825201,0.32707103238504204
0.7272427082061768,0.9958006065790497,0.32730107609334663
0.7269788980484009,0.9958041958041958,0.3275822406257189
0.726801872253418,0.9958074534161491,0.3278378447460573
0.726514458656311,0.995810705973623,0.32809344886639574
0.7261956930160522,0.9958142779629486,0.328374613398768
0.7260065674781799,0.9958175199442336,0.3286302175191064
0.725799560546875,0.9958210803281226,0.3289113820514787
0.7256563901901245,0.9957469842251778,0.3291414257597832
0.7253583073616028,0.995750598779263,0.32942259029215554
0.7251172661781311,0.9957538794101752,0.3296781944124939
0.7249709963798523,0.9957574822585622,0.32995935894486617
0.7247536778450012,0.9957607522737784,0.3302149630652046
0.7244129180908203,0.9957640172520025,0.330470567185543
0.7241992950439453,0.9957676029242016,0.3307517317179153
0.7239046692848206,0.9957708573625529,0.3310073358382537
0.7236826419830322,0.9957744314689613,0.33128850037062596
0.7233935594558716,0.9957009058805466,0.33151854407893055
0.7231845855712891,0.9957045332515149,0.3317997086113028
0.72307288646698,0.995631179581513,0.3320297523196074
0.7228784561157227,0.9956345255418549,0.33228535643994583
0.7227100133895874,0.9956382001836547,0.3325665209723181
0.7225375771522522,0.9956415354029668,0.3328221250926565
0.7222883105278015,0.9956451982580793,0.3331032896250288
0.7219895124435425,0.9956485227879991,0.3333588937453672
0.7217961549758911,0.9956521739130435,0.33364005827773946
0.7216111421585083,0.995579268292683,0.333870101986044
0.7214594483375549,0.995582971593938,0.33415126651841626
0.7213131785392761,0.9955863328513812,0.3344068706387547
0.7210506796836853,0.9955136491521557,0.3346369143470593
0.7207592725753784,0.9955173985716457,0.33491807887943154
0.720554769039154,0.995520801700577,0.33517368299976996
0.7202240824699402,0.9954486839110976,0.3354292871201084
0.719770073890686,0.995452133707269,0.3356848912404468
0.7196348905563354,0.9954559224477431,0.33596605577281907
0.7192768454551697,0.9953836839715453,0.3361960994811236
0.7190289497375488,0.9953871748336358,0.33645170360146204
0.7187798619270325,0.9953910086890819,0.3367328681338343
0.7186490893363953,0.9953189882974708,0.3369629118421389
0.7182630896568298,0.9953228726614364,0.33724407637451115
0.7180256247520447,0.995326398311473,0.3374996804948496
0.7178794145584106,0.995330270392408,0.33778084502722183
0.7177051305770874,0.9953337849025363,0.33803644914756026
0.7174761295318604,0.9953376447586103,0.3383176136799325
0.7172279357910156,0.9952660054102795,0.3385476573882371
0.7170220613479614,0.9952695599939931,0.33880326150857554
0.7168059945106506,0.9951984394928352,0.33905886562891396
0.7166308164596558,0.9952020391333684,0.33931446974925233
0.7163398265838623,0.9951310861423222,0.33957007386959076
0.7161467671394348,0.9951347305389222,0.3398256779899292
0.7159605026245117,0.9950639443571909,0.3400812821102676
0.7157095670700073,0.9949929003811374,0.3403113258185722
0.7155263423919678,0.9949966395340154,0.34056692993891063
0.7152873277664185,0.99500074615729,0.3408480944712829
0.7149703502655029,0.9950044736057262,0.3411036985916213
0.7148199081420898,0.9950085673843403,0.3413848631239936
0.7146696448326111,0.9949378396486265,0.3416149068322981
0.7142063975334167,0.9949419815531092,0.3418960713646704
0.7139385938644409,0.9949457410435558,0.3421516754850088
0.713629961013794,0.99494987003342,0.34243284001738106
0.71346116065979,0.9949536178107606,0.3426884441377195
0.7132716774940491,0.9949573600296626,0.3429440482580579
0.7129759788513184,0.9949614700652045,0.34322521279043017
0.7127877473831177,0.9949652006515622,0.3434808169107686
0.7126290202140808,0.9948953170082119,0.343736421031107
0.7122963666915894,0.994899090707474,0.34399202515144545
0.7120344042778015,0.9948293691830403,0.3442476292717839
0.7117413878440857,0.994833185710068,0.3445032333921223
0.7116019129753113,0.9948369966071692,0.3447588375124607
0.7113909721374512,0.9948411821062716,0.345040002044833
0.7111245393753052,0.9948449812210031,0.3452956061651714
0.7108054161071777,0.9948491537895512,0.34557677069754367
0.7106029987335205,0.9948529411764706,0.34583237481788204
0.7104112505912781,0.9948571008742928,0.34611353935025435
0.7101284861564636,0.994860876587622,0.3463691434705927
0.7099084854125977,0.9948650234741784,0.34665030800296504
0.7097110152244568,0.9947954845330597,0.3468803517112696
0.7093714475631714,0.9947992968063287,0.347135955831608
0.7091429233551025,0.9948034838615238,0.34741712036398026
0.7087785005569458,0.994807284429167,0.3476727244843187
0.7085601091384888,0.9948114586378252,0.34795388901669094
0.7084090709686279,0.9948152475536731,0.34820949313702937
0.7081192135810852,0.9948194089748267,0.3484906576694016
0.7078994512557983,0.9948231862923806,0.34874626178974005
0.7076953053474426,0.9948269581056466,0.3490018659100785
0.7074868083000183,0.9948311007571345,0.34928303044245074
0.7072399854660034,0.9947621126145788,0.34951307415075533
0.7069246172904968,0.9947663007923239,0.3497942386831276
0.7066522240638733,0.9947701024188277,0.350049842803466
0.7063299417495728,0.9947742778342284,0.3503310073358383
0.706037163734436,0.9947780678851175,0.3505866114561767
0.7057850956916809,0.9947097615769258,0.35084221557651507
0.7056326866149902,0.9947135925845463,0.3510978196968535
0.7052644491195679,0.9946450539112816,0.3513278634051581
0.7049996852874756,0.9946493130874909,0.35160902793753035
0.7047605514526367,0.9946531791907515,0.3518646320578688
0.7046489715576172,0.9945852285033572,0.3521202361782072
0.7042320370674133,0.9945169901161532,0.3523502798865118
0.7038775086402893,0.9945213379469435,0.35263144441888405
0.7037319540977478,0.9945252845411324,0.3528870485392224
0.7034723162651062,0.9944572415778865,0.353117092247527
0.7029579877853394,0.9943177731424873,0.3533471359558316
0.7027193903923035,0.9943218572558039,0.35360274007617004
0.7024975419044495,0.9943263430048837,0.3538839046085423
0.7020463943481445,0.9942586479115831,0.3541139483168469
0.7017784714698792,0.994263176765866,0.35439511284921915
0.7014874815940857,0.9941956288068793,0.3546251565575237
0.7013262510299683,0.9941281775868243,0.3548552002658283
0.7009947896003723,0.9941327990841442,0.35513636479820054
0.700758695602417,0.9941369941369942,0.35539196891853897
0.7005336880683899,0.9940701578909766,0.3556475730388774
0.7003268003463745,0.9940743913757407,0.3559031771592158
0.6999648213386536,0.9940077043800828,0.35615878127955425
0.6996939182281494,0.9940119760479041,0.3564143853998926
0.6994673013687134,0.9939454377092386,0.35666998952023105
0.69898921251297,0.993949747312976,0.35692559364056947
0.698735237121582,0.9938829219716907,0.35715563734887407
0.6984761953353882,0.9938877043354656,0.3574368018812463
0.6982828378677368,0.9938210227272727,0.3576668455895509
0.6981329321861267,0.9938258462848627,0.3579480101219232
0.6979883909225464,0.993759307850507,0.3581780538302277
0.6977121829986572,0.9936933106575964,0.35843365795056614
0.6974680423736572,0.9936977765189067,0.35868926207090457
0.6972460746765137,0.9937022360600056,0.358944866191243
0.6969567537307739,0.993707134271371,0.35922603072361525
0.6967452168464661,0.9937115805836219,0.3594816348439537
0.6965575218200684,0.9937164642756283,0.35976279937632594
0.6964100003242493,0.9937208974178072,0.36001840349666436
0.6961733102798462,0.9937257666549172,0.3602995680290366
0.6959912180900574,0.9937301866854527,0.36055517214937505
0.6956945657730103,0.9936646487399691,0.3608107762697135
0.6954748630523682,0.9936691052335397,0.3610663803900519
0.6951965093612671,0.9936032616336286,0.36129642409835644
0.6950086355209351,0.9936082039755566,0.36157758863072875
0.6947472095489502,0.9935425001754755,0.3618076323390333
0.6943744421005249,0.9935474821153036,0.36208879687140555
0.6941001415252686,0.9935520044855621,0.362344400991744
0.6937974691390991,0.9935569717767351,0.36262556552411623
0.6935789585113525,0.9935614808594023,0.36288116964445466
0.6931841373443604,0.9935659836352192,0.3631367737647931
0.6927777528762817,0.993570929419986,0.36341793829716534
0.6925033330917358,0.9935055865921788,0.36364798200546994
0.6921749114990234,0.9935105714883818,0.3639291465378422
0.6918367743492126,0.9934453664319085,0.3641591902461468
0.6916378736495972,0.9933110367892977,0.36438923395445133
0.6915391087532043,0.9932460660075199,0.3646192776627559
0.6913360357284546,0.9932512349544285,0.3649004421951282
0.691178560256958,0.9932559271362025,0.3651560463154666
0.6909705996513367,0.9932606127978879,0.36541165043580504
0.69063800573349,0.9932657595112468,0.3656928149681773
0.6902942657470703,0.9932704315249063,0.3659484190885157
0.6897029876708984,0.9931369150779896,0.36617846279682026
0.6893263459205627,0.9930723934880499,0.36640850650512485
0.6891082525253296,0.9930776685587706,0.3666896710374971
0.6888213157653809,0.9930824571112341,0.36694527515783554
0.6885997653007507,0.9930872390432739,0.36720087927817396
0.6884104013442993,0.9930924915383021,0.3674820438105462
0.6882247924804688,0.993097259612066,0.36773764793088465
0.688021183013916,0.9931024968961236,0.3680188124632569
0.6877169609069824,0.993038323683485,0.3682488561715615
0.687555193901062,0.9930435980439424,0.36853002070393376
0.6873247027397156,0.9929795581251291,0.3687600644122383
0.6869970560073853,0.9929848693259973,0.3690412289446106
0.6867293119430542,0.9929896907216494,0.369296833064949
0.6865485310554504,0.9929945054945055,0.3695524371852874
0.6862727999687195,0.9929997941115916,0.36983360171765967
0.6860337853431702,0.992936012619162,0.37006364542596426
0.6857049465179443,0.9929413377192983,0.3703448099583365
0.6851198077201843,0.9929461717572935,0.37060041407867494
0.6848104000091553,0.9929514815575172,0.3708815786110472
0.6845792531967163,0.9929563017164741,0.37113718273138563
0.6843414306640625,0.9929611152873642,0.37139278685172405
0.6841576099395752,0.9928981152690521,0.3716483909720625
0.6839470267295837,0.9928347208953187,0.371878434680367
0.6835923194885254,0.9928400954653938,0.37215959921273933
0.6834796071052551,0.9928449744463373,0.3724152033330777
0.6830211877822876,0.9927822415906306,0.37267080745341613
0.6826854348182678,0.9927871529667937,0.37292641157375456
0.6823704242706299,0.9927925477663697,0.3732075761061268
0.6819939613342285,0.9927974451314806,0.37346318022646524
0.6819106340408325,0.992734433353704,0.37369322393476984
0.681483805179596,0.9927398561541593,0.3739743884671421
0.6812838912010193,0.9927447789530783,0.3742299925874805
0.681136965751648,0.9926824310590149,0.37448559670781895
0.6808884143829346,0.9926196763491096,0.3747156404161235
0.6806694865226746,0.9926251691474967,0.37499680494849574
0.6804301738739014,0.9926301555104801,0.37525240906883417
0.680176854133606,0.9925675675675676,0.37548245277713876
0.6798517107963562,0.9925730875700493,0.375763617309511
0.6796877384185791,0.9925780986438162,0.37601922142984945
0.679389238357544,0.9925836030204962,0.3763003859622217
0.6792833209037781,0.9925885999191484,0.37655599008256013
0.6787166595458984,0.9925940887362822,0.3768371546149324
0.6785150766372681,0.9924645091838794,0.37704163791120315
0.6781436204910278,0.9923356192012909,0.3772716816195077
0.6777341365814209,0.9923407686105885,0.3775272857398461
0.6775631308555603,0.992345911105143,0.37778288986018455
0.6772422790527344,0.9922844682992285,0.37803849398052297
0.6769942045211792,0.992289641300704,0.3782940981008614
0.6767212152481079,0.9922283264102908,0.3785497022211998
0.6763958930969238,0.9920996250669524,0.37875418551747053
0.6761645078659058,0.9921054392185723,0.3790353500498428
0.6758458614349365,0.9920438590626462,0.3792653937581474
0.6756422519683838,0.9920491748513396,0.3795209978784858
0.6753454208374023,0.991988249432501,0.37977660199882424
0.675163745880127,0.991860154790499,0.37998108529509494
0.6748416423797607,0.9917994532968865,0.38023668941543337
0.6745777130126953,0.9918049170497701,0.3804922935357718
0.6742922067642212,0.9918109187749667,0.38077345806814406
0.6740545034408569,0.9917498336660013,0.38100350177644865
0.6737481951713562,0.9917558672960575,0.3812846663088209
0.6734774112701416,0.9916949039930901,0.3815147100171255
0.6731664538383484,0.9916340216453091,0.38174475372543004
0.6728436946868896,0.991573779193206,0.38200035784576847
0.6726967096328735,0.9915793661318127,0.3822559619661069
0.6724266409873962,0.9915855032134102,0.38253712649847915
0.6722103357315063,0.9915910746209362,0.3827927306188176
0.6718753576278687,0.9915310308323408,0.383048334739156
0.6716477274894714,0.9914705104469717,0.3832783784474606
0.6714391708374023,0.9914761464252676,0.38353398256779897
0.6711878776550293,0.9913502806206669,0.38376402627610356
0.670745313167572,0.9913559881227317,0.384019630396442
0.6704918146133423,0.9912963207173942,0.3842752345167804
0.6702497005462646,0.9913020558777016,0.38453083863711884
0.6699823141098022,0.9912425100414829,0.38478644275745727
0.6697642803192139,0.9912482726853984,0.3850420468777957
0.6695051789283752,0.9912546028406102,0.38532321141016795
0.669058620929718,0.9912603495860166,0.3855788155305063
0.6689059138298035,0.9912004202784345,0.3858088592388109
0.668691873550415,0.9912067720979066,0.3860900237711832
0.6684566736221313,0.9911469604564234,0.38632006747948777
0.6681838035583496,0.9911533420707732,0.38660123201186003
0.6678664088249207,0.99109364767518,0.3868312757201646
0.6675460338592529,0.9911000588966691,0.3871124402525369
0.6671909093856812,0.9910404813288862,0.3873424839608414
0.6668547987937927,0.9910463368407294,0.38759808808117985
0.6664948463439941,0.9910527690700105,0.3878792526135521
0.6663001179695129,0.9910586085367445,0.38813485673389053
0.6661083698272705,0.9910650231526772,0.3884160212662628
0.665725588798523,0.9910708466401617,0.3886716253866012
0.6654343008995056,0.9910121141070731,0.38892722950693964
0.6651356816291809,0.9910179640718563,0.38918283362727807
0.6647628545761108,0.9910243902439024,0.3894639981596503
0.6645728349685669,0.9909652258693533,0.3896940418679549
0.6644578576087952,0.9909061383566092,0.3899240855762595
0.6640415191650391,0.9909126314422952,0.3902052501086318
0.6638326048851013,0.9908536585365854,0.3904352938169363
0.6635338068008423,0.9908601802035393,0.39071645834930857
0.6634011268615723,0.9908013215002915,0.39094650205761317
0.6630620956420898,0.9908078715691352,0.3912276665899854
0.662834644317627,0.9908138180877216,0.39148327071032385
0.6626816391944885,0.9906904577191621,0.3916877540065946
0.6624668836593628,0.9906324697977905,0.391943358126933
0.6621308326721191,0.9906385176576925,0.3921989622472714
0.6619067192077637,0.9905806451612903,0.39245456636760984
0.6616976857185364,0.9905867182462927,0.39271017048794826
0.6613515615463257,0.9905289607628375,0.3929657746082867
0.6609542965888977,0.9905350589144292,0.3932213787286251
0.6606422662734985,0.9905417578175267,0.3935025432609974
0.6604244709014893,0.9905478395061729,0.3937581473813358
0.6602988839149475,0.9905539133787431,0.3940137515016742
0.660080075263977,0.990496371925769,0.39426935562201265
0.659736156463623,0.9904382981454148,0.3944993993303172
0.659416139125824,0.990445042965243,0.39478056386268945
0.6590874195098877,0.9903229941040759,0.3949850471589602
0.6588138341903687,0.9903298110790906,0.39526621169133247
0.6585086584091187,0.990336,0.3955218158116709
0.658228874206543,0.9903421810041574,0.3957774199320093
0.6579108238220215,0.9903489709829989,0.3960585844643816
0.6576201915740967,0.9902912621359223,0.3962886281726861
0.6571547389030457,0.9902980787642817,0.39656979270505843
0.6566740274429321,0.9903042673980992,0.3968253968253968
0.6563774347305298,0.9902473227944926,0.39708100094573523
0.6562069654464722,0.990253535482227,0.39733660506607366
0.6559567451477051,0.9901330447514164,0.39756664877437825
0.6556001305580139,0.9900757045613588,0.39779669248268285
0.6552149653434753,0.9900820141140568,0.3980522966030212
0.6547383666038513,0.9900254129606099,0.39830790072335964
0.6545498371124268,0.990031746031746,0.39856350484369807
0.6543474793434143,0.9900387031279742,0.3988446693760703
0.654050350189209,0.9900450193392937,0.39910027349640875
0.6537052392959595,0.990051957926752,0.399381438028781
0.6533163785934448,0.9900582573454914,0.39963704214911944
0.6529833078384399,0.9900012656625744,0.39986708585742403
0.6525829434394836,0.9899449819768544,0.40012268997776246
0.6523683071136475,0.9898249383808381,0.40032717327403317
0.6520813703536987,0.9897056966022483,0.40055721698233776
0.6518782377243042,0.9897121938904317,0.4008128211026762
0.6515449285507202,0.9897193314411857,0.40109398563504844
0.6513239145278931,0.9897258115348251,0.40134958975538687
0.6510491371154785,0.9896069538926682,0.4015796334636914
0.6507980823516846,0.9894875991439003,0.4017841167599622
0.6503564715385437,0.9894942123804731,0.4020397208803006
0.6500142216682434,0.9895014773370214,0.40232088541267286
0.6497880220413208,0.9895080731293585,0.4025764895330113
0.6493757963180542,0.9895153189352084,0.40285765406538354
0.6490887403488159,0.9895218973522399,0.40311325818572197
0.6488291025161743,0.9895291240830146,0.4033944227180942
0.6486706733703613,0.9894730246256032,0.4036244664263988
0.648380696773529,0.989416995428643,0.40385451013470336
0.6481224298477173,0.9892365456821026,0.4040589934309741
0.6478378772735596,0.9891181988742964,0.40426347672724483
0.6475098133087158,0.9891256796450222,0.4045446412596171
0.6472357511520386,0.989070014365124,0.4047746849679217
0.6470035314559937,0.9890775184121833,0.40505584950029394
0.6467867493629456,0.9890219560878244,0.40528589320859854
0.6466109156608582,0.9890294832637287,0.4055670577409708
0.6464444398880005,0.9889117298947238,0.4057715410372415
0.6462600231170654,0.9889186328830231,0.4060271451575799
0.6458990573883057,0.9889262162498444,0.4063083096899522
0.6455608606338501,0.9888709276299428,0.4065383533982568
0.6453678607940674,0.9888785337061199,0.40681951793062904
0.6450321674346924,0.988699161751009,0.4069984408148659
0.6446173191070557,0.9885207247455945,0.4072029241111367
0.6440631151199341,0.9885278432345281,0.4074585282314751
0.6438383460044861,0.9885349529003471,0.40771413235181353
0.6434569954872131,0.9884808323527591,0.40796973647215196
0.643154501914978,0.9884879618741103,0.4082253405924903
0.6428314447402954,0.9884957941613063,0.40850650512486264
0.6425940990447998,0.9884410928421313,0.4087365488331672
0.6423356533050537,0.988448946815739,0.40901771336553944
0.6420724391937256,0.9884560775356503,0.40927331748587786
0.641766369342804,0.9884639111659469,0.4095544820182501
0.64150071144104,0.9884093711467324,0.4097845257265547
0.6413494944572449,0.9884165126309303,0.41004012984689314
0.6409473419189453,0.9883627855427621,0.41029573396723157
0.6406732797622681,0.9883084117900437,0.4105257776755361
0.6404545307159424,0.9882548272045258,0.41078138179587453
0.640107274055481,0.9882620452310718,0.41103698591621296
0.6398805975914001,0.9882699748203648,0.4113181504485852
0.6396196484565735,0.988277174246609,0.41157375456892364
0.6393905878067017,0.9882230264368521,0.41180379827722824
0.6390532851219177,0.9881083731764129,0.41203384198553283
0.6388508677482605,0.9880543984317569,0.4122638856938374
0.6385456919670105,0.9880012243648607,0.4125194898141758
0.638308584690094,0.9880085653104925,0.4127750939345142
0.6380917429924011,0.9879554903399365,0.41303069805485265
0.63786381483078,0.9879017475253574,0.41326074176315725
0.6372556686401367,0.9879091353199805,0.4135163458834956
0.6370381116867065,0.9878562274974065,0.41377195000383404
0.6366788148880005,0.9878026468256388,0.41400199371213864
0.6361775398254395,0.9876889322281813,0.41423203742044323
0.6358713507652283,0.9876355219880619,0.4144620811287478
0.6355438232421875,0.9875829326191491,0.4147176852490862
0.6353012323379517,0.987529655088509,0.4149477289573908
0.634974479675293,0.9874772036474164,0.4152033330777292
0.6347882747650146,0.9874240583232078,0.4154333767860338
0.6345767974853516,0.987370977534912,0.41566342049433835
0.6342966556549072,0.9873794065894059,0.4159445850267106
0.6341226100921631,0.9873264204717724,0.4161746287350152
0.6337338089942932,0.9873348685007878,0.41645579326738746
0.6336119771003723,0.9873425387596899,0.4167113973877259
0.6332542300224304,0.9872904436240392,0.4169670015080643
0.6328968405723572,0.9872376459202806,0.4171970452163689
0.632656455039978,0.9871849120473917,0.41742708892467345
0.6321284174919128,0.9871934275703758,0.4177082534570457
0.6318521499633789,0.9871407872494566,0.4179382971653503
0.631432056427002,0.9870889894419306,0.41819390128568873
0.6309338808059692,0.9870967741935484,0.41844950540602716
0.6306643486022949,0.9870450711014702,0.4187051095263656
0.6304426193237305,0.9869926532578586,0.4189351532346701
0.6300321221351624,0.9868809050971896,0.4191651969429747
0.6298234462738037,0.9867685090515427,0.4193696802392455
0.6295304298400879,0.9867764621025426,0.41962528435958385
0.6291048526763916,0.9866650648726574,0.41985532806788844
0.6285186409950256,0.9865530075639333,0.4200598113641592
0.6282210350036621,0.9865018897354371,0.42031541548449763
0.6280383467674255,0.9865099826128665,0.420571019604836
0.6277718544006348,0.9863990413421211,0.4208010633131406
0.6274027228355408,0.9864071856287425,0.421056667433479
0.6271812915802002,0.9863554757630162,0.4212867111417836
0.6268857717514038,0.9863046468512648,0.42154231526212205
0.6265168786048889,0.9862530631761401,0.4217723589704266
0.6261937022209167,0.9862023653088042,0.422027963090765
0.6260347366333008,0.9861509073543457,0.4222580067990696
0.6254704594612122,0.9861599952275846,0.42253917133144187
0.6250863075256348,0.9861682465867764,0.4227947754517803
0.624869704246521,0.9861177311725453,0.4230503795721187
0.6246388554573059,0.9860069072287722,0.4232548628683894
0.6243574023246765,0.9860152344679838,0.42351046698872785
0.6239753365516663,0.9859054415700268,0.42374051069703245
0.6236920356750488,0.985854383358098,0.42397055440533704
0.6234285235404968,0.9857448325017819,0.4242005981136416
0.6232157349586487,0.9857532945506352,0.42445620223398
0.6228404641151428,0.9857032686717684,0.42471180635431843
0.6225067377090454,0.9857117448271774,0.42496741047465686
0.6222173571586609,0.985660958701191,0.42519745418296145
0.6220312118530273,0.9855518711511132,0.425427497891266
0.6219052076339722,0.9855012427506213,0.4256575415995706
0.6216729879379272,0.9854515346856704,0.425913145719909
0.6214578747749329,0.9854601335776346,0.42616874984024744
0.621265709400177,0.9854695806261075,0.4264499143726197
0.6209365129470825,0.9854781582054309,0.4267055184929581
0.6204571723937988,0.985487581853578,0.4269866830253304
0.6199543476104736,0.9854961381993986,0.4272422871456688
0.6196633577346802,0.9854457604148253,0.42747233085397335
0.6193581819534302,0.9854551878459545,0.4277534953863456
0.6189571619033813,0.985463747645951,0.42800909950668403
0.6186070442199707,0.9853555254955008,0.4282391432149886
0.6182602643966675,0.9852465761476518,0.42844362651125933
0.6179739832878113,0.9852561090225563,0.42872479104363165
0.6178392171859741,0.9852647645884701,0.42898039516397
0.6176270246505737,0.9851560666510208,0.4291848784602408
0.6174812316894531,0.9851070067428906,0.4294404825805792
0.6173135042190552,0.9851157339583944,0.42969608670091763
0.6169407367706299,0.9850667603654252,0.42995169082125606
0.6165605783462524,0.9850755004096922,0.43020729494159443
0.616299033164978,0.9849681230625256,0.430437338649899
0.6159920692443848,0.9848599988308879,0.4306418219461698
0.615736722946167,0.9847528916929548,0.43087186565447433
0.6154687404632568,0.9847617935544138,0.43112746977481275
0.6153260469436646,0.9847706850274245,0.4313830738951512
0.6149657964706421,0.984722141232725,0.4316386780154896
0.6146034002304077,0.9847310449326884,0.43189428213582803
0.6144816875457764,0.9846825859056494,0.43214988625616646
0.6140745282173157,0.9846915017462166,0.4324054903765049
0.6138237714767456,0.9846431272177302,0.4326610944968433
0.6133876442909241,0.9845939189582001,0.43289113820514785
0.6130025386810303,0.9844285631282319,0.4330700610893848
0.6126440763473511,0.9843804436186273,0.43332566520972315
0.6122339963912964,0.9842734447539462,0.4335301485059939
0.6118991374969482,0.9842254828046164,0.43378575262633234
0.6114016175270081,0.9842346258621689,0.43404135674667077
0.6109851598739624,0.9841867469879518,0.4342969608670092
0.610747754573822,0.9841380108834086,0.43452700457531374
0.6105177402496338,0.9841481052936072,0.434808169107686
0.6101675033569336,0.9840994507082972,0.4350382128159906
0.6097864508628845,0.98393527882115,0.43521713570022746
0.6095162034034729,0.9838877338877339,0.4354727398205659
0.6090534329414368,0.9838970333602678,0.4357283439409043
0.6086699962615967,0.9838495702832093,0.43598394806124274
0.6080171465873718,0.9838012336427048,0.43621399176954734
0.607644259929657,0.9838114990206245,0.4364951563019196
0.6074206829071045,0.9837056655918931,0.4366996395981903
0.6072102785110474,0.9836574979859593,0.4369296833064949
0.6068808436393738,0.9836678359882685,0.43721084783886716
0.6064327955245972,0.9835622736938905,0.4374153311351379
0.6061946153640747,0.9834003446295233,0.4376198144314086
0.605858325958252,0.9833524684270953,0.4378498581397132
0.6055091023445129,0.9832482359015547,0.4380799018480178
0.6051281094551086,0.9832005045582248,0.43830994555632236
0.6046304702758789,0.9832110932844373,0.4385911100886946
0.6043464541435242,0.9831634406139045,0.4388211537969992
0.6039730310440063,0.983058608058608,0.4390256370932699
0.6036962270736694,0.9830120688668993,0.43928124121360834
0.6034563183784485,0.9829646144171954,0.43951128492191294
0.6030177474021912,0.9829181901279708,0.43976688904225136
0.602729856967926,0.9828708461801987,0.43999693275055596
0.6022517681121826,0.9828815977175464,0.4402780972829282
0.6020419597625732,0.9827773025377816,0.4404825805791989
0.6017964482307434,0.9826161299515531,0.44066150346343586
0.6015822291374207,0.9825131009341536,0.4408915471717404
0.6013264656066895,0.9824661277467835,0.441121590880045
0.6010591983795166,0.9824202082266599,0.4413771950003834
0.6008431911468506,0.9824302041280492,0.44163279912072184
0.6004625558853149,0.9824411864984657,0.4419139636530941
0.6000471711158752,0.982451158564289,0.4421695677734325
0.5996644496917725,0.9823486009421647,0.44239961148173707
0.5994523763656616,0.9823586136479664,0.4426552156020755
0.5992507338523865,0.9822552298883157,0.44285969889834625
0.5987106561660767,0.9822662889518413,0.4431408634307185
0.5983998775482178,0.9821630804077011,0.4433453467269892
0.5981320142745972,0.9821741836907928,0.4436265112593615
0.5978412628173828,0.9820711498218426,0.44383099455563224
0.5976008176803589,0.9820257743612932,0.44408659867597067
0.5973847508430481,0.9819794373517117,0.44431664238427526
0.597131609916687,0.98193315266486,0.4445466860925798
0.5968993902206421,0.9818879422219714,0.4448022902129182
0.596580445766449,0.981785371905487,0.445006773509189
0.5960718393325806,0.9817966636609559,0.44528793804156125
0.5958293080329895,0.981750591416019,0.4455179817498658
0.5955013036727905,0.9816493104418801,0.4457480254581704
0.5952107310295105,0.9815471167369901,0.44595250875444115
0.5948954224586487,0.9815585291802541,0.4462336732868134
0.594651460647583,0.9813441222746685,0.44638703575901645
0.5943965911865234,0.9812984387285185,0.446617079467321
0.5940818786621094,0.9813099848459337,0.4468982439996933
0.5937435030937195,0.9812643742637572,0.44712828770799784
0.5932237505912781,0.9812198676981725,0.44738389182833627
0.5930028557777405,0.9811743612729718,0.44761393553664086
0.5926463007926941,0.9811859566605073,0.4478951000690131
0.5922521948814392,0.9810845598522581,0.4480995833652838
0.5919138193130493,0.9809832764696013,0.4483040666615546
0.5914710164070129,0.9808831749580771,0.4485341103698592
0.591227114200592,0.9808379888268156,0.4487641540781637
0.590758740901947,0.9807380939087711,0.4489941977864683
0.5903924703598022,0.9806372412253781,0.449198681082739
0.5901049375534058,0.9806491188935981,0.44947984561511134
0.5895284414291382,0.9806041689889644,0.4497098893234159
0.5891942977905273,0.9806160530273492,0.44999105385578814
0.5889062881469727,0.9805155040917442,0.4501955371520589
0.5885967016220093,0.9804150670450119,0.4504000204483296
0.5883999466896057,0.9804270462633452,0.45068118498070187
0.5882124900817871,0.9803823496721129,0.45091122868900646
0.5880184173583984,0.980338794779228,0.4511668328093449
0.5878148078918457,0.9802386899805717,0.45137131610561565
0.587573766708374,0.9802507489182293,0.4516524806379879
0.5871331691741943,0.9801508094921269,0.4518569639342586
0.5867930054664612,0.9801063947689239,0.4520870076425632
0.5865035057067871,0.9800077532258957,0.45231705135086775
0.5862688422203064,0.9800188188409807,0.4525726554712062
0.5859687328338623,0.979920345170926,0.45280269917951077
0.5857086181640625,0.979765590446705,0.45298162206374765
0.5853703022003174,0.9796673849383943,0.45321166577205224
0.5849621891975403,0.979678612844442,0.45346726989239067
0.5846428275108337,0.9796909492273731,0.4537484344247629
0.5843856930732727,0.9795918367346939,0.4539529177210337
0.5839971899986267,0.9796030871003307,0.45420852184137206
0.5835578441619873,0.9795052614181037,0.45443856554967665
0.5831483006477356,0.9794614833984913,0.45466860925798125
0.5827301740646362,0.9794188861985472,0.4549242133783197
0.5824291706085205,0.979320206797932,0.4551286966745904
0.5820589065551758,0.9791678117957456,0.45533317997086115
0.5817335844039917,0.9790693841674449,0.45553766326713185
0.5814170241355896,0.9789710646241695,0.4557421465634026
0.5811250805854797,0.9787642669007902,0.4559210694476395
0.5808923244476318,0.9786662279258528,0.45612555274391026
0.580280065536499,0.9786242806248288,0.4563811568642486
0.5800169110298157,0.9785812106272255,0.4566112005725532
0.5796754956245422,0.9784846162268696,0.4568412442808578
0.5793692469596863,0.9784963887065004,0.45709684840119624
0.5790669322013855,0.9784546399081314,0.45735245252153467
0.5787553787231445,0.9783024539542001,0.45753137540577155
0.5784839391708374,0.9783143060031682,0.45778697952610997
0.5780813097953796,0.9782727371983841,0.4580425836464484
0.5777806043624878,0.9781754692274116,0.4582470669427191
0.577536940574646,0.9780795026991657,0.4584771106510237
0.5773626565933228,0.9780914491252929,0.4587327147713621
0.5769928693771362,0.9780501089324619,0.45898831889170055
0.5766104459762573,0.9780076211213936,0.4592183626000051
0.5764724612236023,0.9778019586507073,0.45937172507220814
0.5759741067886353,0.9776521124463052,0.4595762083684789
0.5755219459533691,0.9775012227596326,0.4597551312527158
0.5752015709877014,0.9774603519443841,0.4600107353730542
0.5749521255493164,0.9773640212789056,0.46021521866932497
0.5746731758117676,0.9773232789019692,0.4604708227896634
0.5743584036827087,0.977281353358998,0.46070086649796793
0.5741538405418396,0.9772948954156281,0.4609820310303402
0.5738386511802673,0.97730719237435,0.4612376351506786
0.5735810399055481,0.9772653458915233,0.4614676788589832
0.5733376145362854,0.9771706789288612,0.4616977225672878
0.5730257630348206,0.9771830224384969,0.46195332668762623
0.5726255774497986,0.9771965848913866,0.4622344912199985
0.5723915100097656,0.9771548930654569,0.46246453492830303
0.57204669713974,0.97706050628812,0.4626945786366076
0.5717750787734985,0.9769649889410369,0.46289906193287833
0.5714185833930969,0.976869574594274,0.4631035452291491
0.5711300373077393,0.9767755146028667,0.4633335889374537
0.5708726048469543,0.976734166307626,0.46356363264575823
0.5705659985542297,0.9766402928037031,0.4637936763540628
0.5702534317970276,0.9765452687073,0.4639981596503336
0.5698497891426086,0.9763440860215054,0.46417708253457046
0.5697078704833984,0.976303062869425,0.46440712624287506
0.5694997310638428,0.9762620837808808,0.4646371699511796
0.5692185163497925,0.9762224249906071,0.464892774071518
0.5687242746353149,0.9761278901346494,0.4650972573677888
0.5682584047317505,0.9759811280291658,0.4653017406640595
0.5678271055221558,0.9758868288500696,0.46550622396033026
0.5675272941589355,0.9757939270604616,0.4657362676686348
0.5672354698181152,0.975753358668308,0.4659663113769394
0.5668530464172363,0.9756071466780786,0.46617079467321015
0.5665006041526794,0.9755667236954663,0.4664008383815147
0.5662516355514526,0.9755263439136476,0.4666308820898193
0.565907895565033,0.9755407209612817,0.46691204662219155
0.5655181407928467,0.9755004003202562,0.46714209033049614
0.5651941895484924,0.9754614317721114,0.46739769445083457
0.5650250911712646,0.9754211985497974,0.4676277381591391
0.5646580457687378,0.9753290350082592,0.4678577818674437
0.5643211603164673,0.9753421739361985,0.4681133859877821
0.5639351606369019,0.9753020705807207,0.4683434296960867
0.5637029409408569,0.9751569315884668,0.46854791299235743
0.5633977651596069,0.9750638026371756,0.4687523962886282
0.5631862878799438,0.9749189648759232,0.4689568795848989
0.5628751516342163,0.9748260661745181,0.46916136288116966
0.5624654293060303,0.9746815286624204,0.46936584617744037
0.5620291829109192,0.9745888594164456,0.46957032947371113
0.5615569353103638,0.9744976406341127,0.4698003731820157
0.561253547668457,0.9745111546817868,0.4700559773023541
0.5609842538833618,0.9744187278216196,0.47026046059862486
0.5605531930923462,0.9742218928647046,0.47043938348286174
0.5602204203605652,0.9741297217225691,0.4706438667791325
0.5597727298736572,0.9740390207793581,0.47087391048743704
0.5594930052757263,0.9738942028219627,0.471052833371674
0.5589856505393982,0.973856554346678,0.47130843749201234
0.5586909055709839,0.9737647804054054,0.4715129207882831
0.5583518743515015,0.9737258626147515,0.4717429644965877
0.5577169060707092,0.9736356446084893,0.47197300820489224
0.5573706030845642,0.973596837944664,0.47220305191319684
0.556990385055542,0.9735594648688507,0.47245865603353526
0.5567954182624817,0.9734680985470625,0.47266313932980597
0.5564145445823669,0.9733256168779924,0.47286762262607673
0.5561279654502869,0.9732344744176263,0.47307210592234744
0.5557147860527039,0.9731448391843599,0.47330214963065204
0.5553920865058899,0.97315894526736,0.47355775375099046
0.5551686882972717,0.9731730365392692,0.4738133578713289
0.5547841787338257,0.973188519859384,0.47409452240370115
0.5544878244400024,0.9730976978341811,0.4742990056999719
0.5542880296707153,0.9730083857442348,0.47452904940827645
0.5537899732589722,0.9730225248821373,0.4747846535286149
0.55338454246521,0.9729857075545782,0.4750402576489533
0.5532209277153015,0.9728951912511119,0.47524474094522406
0.5530144572257996,0.9727524711050677,0.47542366382946094
0.5528236031532288,0.9726113318001255,0.47562814712573165
0.5524717569351196,0.9725733988089019,0.47585819083403624
0.5522996187210083,0.9724847282410066,0.47608823454234084
0.5520422458648682,0.9723425350936701,0.4762671574265777
0.5516705513000488,0.9722019401272557,0.4764716407228485
0.5514848232269287,0.9721121768140116,0.4766761240191192
0.5509926080703735,0.9720239645741079,0.4769061677274238
0.5505925416946411,0.9719343920853944,0.4771106510236945
0.5502365827560425,0.9719489981785063,0.4773662551440329
0.5499833226203918,0.9719130344325393,0.47762185926437134
0.5497320294380188,0.971875649823248,0.47785190297267593
0.5494178533554077,0.9717878110874422,0.4780819466809805
0.5489898324012756,0.9717505322739783,0.47831199038928507
0.5485081672668457,0.9717147602242059,0.4785675945096235
0.5482382774353027,0.971677559912854,0.4787976382179281
0.5479561686515808,0.9716403981750311,0.47902768192623263
0.5475091934204102,0.971604746359915,0.47928328604657106
0.5473514795303345,0.9715158734268994,0.4794877693428418
0.5468780994415283,0.9714285714285714,0.47971781305114636
0.5465185642242432,0.9713916192446974,0.47994785675945095
0.5462331771850586,0.9712527790703687,0.4801523400557217
0.5459744930267334,0.9712159578316366,0.48038238376402626
0.5456390976905823,0.9712323107117034,0.4806635482963985
0.545181930065155,0.9711955399545736,0.4808935920047031
0.5447680950164795,0.971158807140646,0.4811236357130077
0.5445435643196106,0.9709689063063992,0.4813025585972446
0.5441821813583374,0.9708292532082667,0.48148148148148145
0.5439977049827576,0.9707427629545688,0.48171152518978605
0.5438585877418518,0.970654859967051,0.4819160084860568
0.5436649918556213,0.9705685618729097,0.48214605219436135
0.5434569120407104,0.970532270506557,0.48237609590266595
0.5431753993034363,0.9704446157800052,0.4825805791989367
0.5427891612052917,0.9702558306791329,0.4827595020831736
0.542364239692688,0.9702711028958718,0.483015106203512
0.5421446561813354,0.9702365679683892,0.48327071032385044
0.5418092608451843,0.9700466738472585,0.4834240727960535
0.5413248538970947,0.9699610416239491,0.483654116504358
0.5410836935043335,0.9698739624961574,0.4838585998006288
0.5405147075653076,0.9696861078396232,0.48403752268486566
0.5403145551681519,0.9695480833205384,0.4842164455691026
0.5398845672607422,0.9694613535219193,0.4844209288653733
0.5395751595497131,0.9693251533742331,0.48462541216164406
0.5392879247665405,0.9691875319366378,0.48480433504588094
0.5388239026069641,0.9691027015984883,0.48503437875418554
0.5385961532592773,0.9690163850747793,0.48523886205045624
0.5382565855979919,0.9689827568615448,0.48549446617079467
0.5379348993301392,0.9689475831123802,0.48572450987909926
0.5377346277236938,0.9688614820099888,0.48592899317536997
0.5374575257301331,0.9688789283349463,0.48621015770774223
0.5370668172836304,0.9687420455123963,0.48638908059197916
0.5368930697441101,0.9686577795868525,0.4866191243002837
0.5366318821907043,0.9685211554109032,0.48679804718452063
0.5363590717315674,0.9684371029224905,0.48702809089282517
0.5359562635421753,0.9684023368046736,0.48725813460112977
0.5355044007301331,0.9683692120227457,0.4875137387214682
0.5350809693336487,0.9683345174058662,0.4877437824297728
0.5348470211029053,0.9682998579833638,0.4879738261380773
0.5346918106079102,0.9680640746185432,0.48812718861028037
0.5345507264137268,0.9680802553579572,0.4883827927306188
0.5343596339225769,0.9679967591654851,0.4886128364389234
0.5340297222137451,0.9679623443668387,0.488842880147228
0.533730685710907,0.967828418230563,0.4890473634434987
0.5334302186965942,0.9677941250821579,0.4892774071518033
0.5332472324371338,0.967557734094699,0.4894052092119725
0.5329186916351318,0.9674747474747475,0.4896352529202771
0.5326977968215942,0.9673397274103988,0.489814175804514
0.5324525237083435,0.967055143534635,0.4899419778646832
0.5320892333984375,0.9669204780394333,0.49012090074892006
0.5317962169647217,0.9669388166515472,0.4904020652812923
0.5314307808876038,0.9668043522063268,0.49058098816552925
0.5312269926071167,0.9667220460152042,0.4908110318738338
0.530702531337738,0.9667387913249132,0.4910666359941722
0.5303541421890259,0.966755519790776,0.49132224011451064
0.5299893021583557,0.9666733688549312,0.49155228382281524
0.5297340750694275,0.9666901125401929,0.49180788794315367
0.5292550325393677,0.9666080843585237,0.4920379316514582
0.5290368795394897,0.966474278544542,0.49221685453569514
0.5286871194839478,0.966392455858748,0.4924468982439997
0.5284327864646912,0.9662588990273739,0.4926258211282366
0.5281085968017578,0.9662256965323712,0.49285586483654115
0.527809202671051,0.9660940551910653,0.4930603481328119
0.5274134874343872,0.9661110276818341,0.49331595225315034
0.5270346999168396,0.9660296177706624,0.4935459959614549
0.5267515182495117,0.965996599659966,0.49377603966975947
0.5264618396759033,0.965915338097856,0.49400608337806406
0.5262209177017212,0.9658824117088766,0.49423612708636866
0.5256248116493225,0.9657513729405891,0.49444061038263937
0.5253533124923706,0.9657185628742515,0.49467065409094396
0.5250458717346191,0.9655361596009975,0.494824016563147
0.524838924407959,0.9652559692936543,0.4949518186233162
0.5246682167053223,0.9651736336007175,0.4951563019195869
0.5242527723312378,0.9650433223782492,0.4953607852158577
0.5240153670310974,0.9649611785785387,0.4955652685121284
0.5235284566879272,0.9648808635527035,0.495795312220433
0.523172914981842,0.9647988862924477,0.49599979551670376
0.5227930545806885,0.9646672961288079,0.49617871840094063
0.5225408673286438,0.9646369325519023,0.49643432252127906
0.5221859812736511,0.9645055599682287,0.49661324540551594
0.5218042135238647,0.9644257008186554,0.49684328911382053
0.521494448184967,0.964344160674436,0.49704777241009124
0.5209723114967346,0.9642644726407613,0.49727781611839583
0.5205543637275696,0.9642326364807292,0.4975078598267004
0.5202359557151794,0.9641035797395653,0.49771234312297113
0.519967794418335,0.9641213440886821,0.49796794724330956
0.5195384621620178,0.9638917742493941,0.4980957493034788
0.5191190838813782,0.9638125370773186,0.49832579301178337
0.5188305974006653,0.9637810060282637,0.4985558367200879
0.5185161828994751,0.9636525260506692,0.49876032001635867
0.5182138681411743,0.9635717458907153,0.4989648033126294
0.517767608165741,0.9634435125801677,0.49916928660890014
0.5174635052680969,0.9633136094674556,0.499348209493137
0.5172672867774963,0.9632331197634303,0.4995526927894078
0.5169810056686401,0.9631545244076647,0.4997827364977123
0.5166106224060059,0.9630741962483383,0.4999872197939831
0.5161679983139038,0.9629957681330578,0.5002172635022877
0.5157968401908875,0.9628172339169782,0.5003706259744907
0.5155429840087891,0.9625915548345868,0.5005239884466938
0.515257716178894,0.9625608018473935,0.5007540321549984
0.514761209487915,0.9623354940090355,0.5009073946272014
0.5144750475883484,0.962206734072838,0.5010863175114383
0.5142523050308228,0.9621762166405023,0.5013163612197429
0.5140425562858582,0.9621475851924491,0.5015719653400813
0.5136832594871521,0.9620681205586866,0.5017764486363521
0.5134372115135193,0.9619905956112853,0.5020064923446566
0.5130767822265625,0.9618623323215509,0.5021854152288935
0.512836217880249,0.9616871360767236,0.5023643381131304
0.5126468539237976,0.9615591529319705,0.5025432609973672
0.5120514631271362,0.9614312949112773,0.5027221838816042
0.511556088924408,0.9613543091655267,0.5029522275899088
0.5112422108650208,0.9613243480808673,0.5031822712982134
0.511055052280426,0.9612474986578163,0.503412315006518
0.5107651352882385,0.9611200546368116,0.5035912378907548
0.51043301820755,0.9609946367625548,0.5037957211870255
0.5101646184921265,0.9609649122807018,0.5040257648953301
0.5097504258155823,0.9607909989771565,0.504204687779567
0.5093275308609009,0.9607614040212259,0.5044347314878715
0.5091392397880554,0.9606831784341394,0.5046392147841423
0.508851945400238,0.9606069448497228,0.5048692584924469
0.5085198879241943,0.960577483958779,0.5050993022007515
0.5080721974372864,0.9603070495068746,0.5052271042609207
0.5078786015510559,0.9601320837177681,0.5053804667331238
0.5075935125350952,0.9599592312172394,0.5055593896173606
0.5074301958084106,0.9597846123993402,0.5057127520895637
0.5071485042572021,0.9597071373157486,0.5059172353858344
0.5067837834358215,0.9595347710201114,0.5060961582700713
0.5066077709197998,0.9594090578832647,0.5062750811543082
0.5063582062721252,0.9592854376452362,0.506479564450579
0.5060561895370483,0.9591599729023517,0.5066584873348159
0.5057608485221863,0.9590849736422111,0.5068885310431204
0.5055413246154785,0.9590080727026635,0.5070930143393911
0.5051559805870056,0.958981544110542,0.5073486184597296
0.5047449469566345,0.9588564805872126,0.5075275413439665
0.5044980645179749,0.958828072207742,0.5077575850522711
0.5041618943214417,0.958656954025761,0.5079365079365079
0.5039265751838684,0.9586286706205699,0.5081665516448125
0.5035110116004944,0.9584578313253012,0.5083454745290494
0.5032101273536682,0.9584778420038536,0.5086010786493879
0.5027569532394409,0.9583553993548698,0.5088055619456585
0.5024967193603516,0.9582310764640778,0.5089844848298954
0.5023471713066101,0.9580587754316772,0.5091378473020985
0.5021568536758423,0.9580328814537064,0.509393451422437
0.5018773674964905,0.9579569479146646,0.5095979347187076
0.501523494720459,0.9579311338423858,0.509853538839046
0.5012261271476746,0.9578553256852109,0.5100580221353168
0.5007467865943909,0.9576376895029745,0.5102113846075199
0.5003713369369507,0.9576100508295771,0.5104414283158244
0.5000229477882385,0.9574406901509706,0.5106203512000613
