confidence,precision,recall
1.0,1.0,2.5560412033841985e-05
1.0,1.0,0.0002811645323722618
1.0,1.0,0.0005623290647445236
1.0,1.0,0.0008434935971167856
1.0,1.0,0.0011246581294890473
1.0,1.0,0.0014058226618613092
1.0,1.0,0.001686987194233571
1.0,1.0,0.001968151726605833
0.9999998807907104,1.0,0.0022493162589780945
0.9999998807907104,1.0,0.0025304807913503567
0.9999998807907104,1.0,0.0028116453237226184
0.9999998807907104,1.0,0.00309280985609488
0.9999998807907104,1.0,0.003373974388467142
0.9999998807907104,1.0,0.003655138920839404
0.9999998807907104,1.0,0.003936303453211666
0.9999997615814209,1.0,0.004217467985583928
0.9999997615814209,0.9943181818181818,0.004473072105922347
0.9999997615814209,0.9946236559139785,0.004728676226260767
0.9999997615814209,0.9949238578680203,0.0050098407586330294
0.9999997615814209,0.9951923076923077,0.005291005291005291
0.9999997615814209,0.9954337899543378,0.005572169823377553
0.9999996423721313,0.9956521739130435,0.005853334355749815
0.9999996423721313,0.995850622406639,0.006134498888122076
0.9999996423721313,0.996031746031746,0.006415663420494338
0.9999996423721313,0.9961977186311787,0.0066968279528666005
0.9999996423721313,0.9963503649635036,0.006977992485238862
0.9999995231628418,0.9964912280701754,0.007259157017611124
0.9999995231628418,0.9966216216216216,0.007540321549983386
0.9999995231628418,0.996742671009772,0.007821486082355647
0.9999995231628418,0.9968553459119497,0.008102650614727909
0.9999995231628418,0.9969604863221885,0.008383815147100172
0.9999994039535522,0.9970588235294118,0.008664979679472433
0.9999994039535522,0.9971509971509972,0.008946144211844694
0.9999994039535522,0.9972375690607734,0.009227308744216957
0.9999994039535522,0.9973118279569892,0.009482912864555377
0.9999992847442627,0.9947780678851175,0.009738516984893796
0.9999992847442627,0.9949238578680203,0.010019681517266059
0.9999992847442627,0.9950617283950617,0.01030084604963832
0.9999992847442627,0.9951923076923077,0.010582010582010581
0.9999992847442627,0.9953161592505855,0.010863175114382844
0.9999991655349731,0.9954337899543378,0.011144339646755106
0.9999991655349731,0.9955456570155902,0.011425504179127367
0.9999991655349731,0.9956521739130435,0.01170666871149963
0.9999991655349731,0.9957537154989384,0.011987833243871891
0.9999990463256836,0.995850622406639,0.012268997776244153
0.9999990463256836,0.9959432048681541,0.012550162308616416
0.999998927116394,0.996031746031746,0.012831326840988677
0.999998927116394,0.9941747572815534,0.013086930961327096
0.999998927116394,0.9923954372623575,0.013342535081665517
0.999998927116394,0.9925512104283054,0.013623699614037778
0.9999988079071045,0.9927007299270073,0.01390486414641004
0.9999988079071045,0.992831541218638,0.01416046826674846
0.9999988079071045,0.9929701230228472,0.014441632799120722
0.9999988079071045,0.993103448275862,0.014722797331492983
0.9999986886978149,0.9932318104906938,0.015003961863865245
0.9999986886978149,0.9933554817275747,0.015285126396237508
0.9999986886978149,0.9934747145187602,0.015566290928609769
0.9999985694885254,0.9935897435897436,0.01584745546098203
0.9999985694885254,0.9937007874015747,0.01612861999335429
0.9999985694885254,0.9938080495356038,0.016409784525726556
0.9999984502792358,0.9939117199391172,0.016690949058098817
0.9999984502792358,0.9940119760479041,0.01697211359047108
0.9999984502792358,0.9941089837997055,0.01725327812284334
0.9999983310699463,0.9942028985507246,0.0175344426552156
0.9999983310699463,0.9942938659058488,0.017815607187587863
0.9999983310699463,0.9943820224719101,0.018096771719960127
0.9999982118606567,0.9944674965421854,0.01837793625233239
0.9999982118606567,0.9945504087193461,0.01865910078470465
0.9999980926513672,0.9946236559139785,0.01891470490504307
0.9999980926513672,0.9947019867549669,0.01919586943741533
0.9999980926513672,0.9947780678851175,0.019477033969787592
0.9999979734420776,0.9948519948519948,0.019758198502159856
0.9999979734420776,0.9949238578680203,0.020039363034532118
0.9999978542327881,0.9949937421777222,0.02032052756690438
0.9999978542327881,0.9950617283950617,0.02060169209927664
0.9999977350234985,0.9939098660170523,0.02085729621961506
0.9999977350234985,0.9939903846153846,0.02113846075198732
0.9999977350234985,0.9940688018979834,0.021419625284359582
0.999997615814209,0.9941451990632318,0.021700789816731847
0.999997615814209,0.9942196531791907,0.021981954349104108
0.9999974966049194,0.9942922374429224,0.02226311888147637
0.9999974966049194,0.9932356257046223,0.02251872300181479
0.9999973773956299,0.9922048997772829,0.022774327122153208
0.9999972581863403,0.9922992299229924,0.02305549165452547
0.9999972581863403,0.9923913043478261,0.023336656186897734
0.9999971389770508,0.9924731182795699,0.023592260307236153
0.9999971389770508,0.9925611052072264,0.023873424839608415
0.9999970197677612,0.9926470588235294,0.024154589371980676
0.9999970197677612,0.9927310488058152,0.024435753904352937
0.9999969005584717,0.9928131416837782,0.0247169184367252
0.9999969005584717,0.9928934010152284,0.024998082969097463
0.9999967813491821,0.9929718875502008,0.025279247501469725
0.9999967813491821,0.9930486593843099,0.025560412033841986
0.9999966621398926,0.9931237721021611,0.025841576566214247
0.999996542930603,0.9931972789115646,0.02612274109858651
0.999996542930603,0.9932692307692308,0.02640390563095877
0.999996542930603,0.9933396764985728,0.026685070163331034
0.9999964237213135,0.9934086629001884,0.026966234695703296
0.9999963045120239,0.9934762348555451,0.027247399228075557
0.9999963045120239,0.9935424354243543,0.027528563760447818
0.9999963045120239,0.993607305936073,0.02780972829282008
0.9999961853027344,0.9936708860759493,0.02809089282519234
0.9999961853027344,0.9937275985663082,0.028346496945530764
0.9999960660934448,0.9929015084294588,0.028602101065869183
0.9999959468841553,0.9929701230228472,0.028883265598241444
0.9999959468841553,0.9930374238468234,0.029164430130613705
0.9999958276748657,0.993103448275862,0.029445594662985967
0.9999958276748657,0.9931682322801024,0.029726759195358228
0.9999957084655762,0.9932318104906938,0.03000792372773049
0.9999955892562866,0.9932942162615256,0.030289088260102754
0.9999955892562866,0.9933554817275747,0.030570252792475015
0.9999954700469971,0.9934156378600824,0.030851417324847277
0.9999954700469971,0.9934747145187602,0.031132581857219538
0.9999953508377075,0.9935327405012127,0.0314137463895918
0.9999953508377075,0.9927884615384616,0.03166935050993022
0.999995231628418,0.9928514694201748,0.03195051504230248
0.9999951124191284,0.9929133858267717,0.032231679574674744
0.9999949932098389,0.9929742388758782,0.032512844107047
0.9999949932098389,0.9930340557275542,0.03279400863941927
0.9999948740005493,0.9930875576036866,0.033049612759757686
0.9999948740005493,0.9931454683929931,0.03333077729212995
0.9999947547912598,0.993202416918429,0.03361194182450221
0.9999946355819702,0.9932584269662922,0.033893106356874474
0.9999946355819702,0.9933135215453195,0.03417427088924673
0.9999945163726807,0.993367722918202,0.034455435421618996
0.9999943971633911,0.993421052631579,0.03473659995399126
0.9999942779541016,0.9934735315445975,0.03501776448636352
0.9999942779541016,0.9935251798561151,0.035298929018735783
0.999994158744812,0.9935760171306209,0.03558009355110804
0.999994158744812,0.9936260623229461,0.035861258083480306
0.9999940395355225,0.9936753338018272,0.03614242261585257
0.9999939203262329,0.9937238493723849,0.03642358714822483
0.9999939203262329,0.9937716262975779,0.03670475168059709
0.9999938011169434,0.9938186813186813,0.03698591621296935
0.9999936819076538,0.9938650306748467,0.037267080745341616
0.9999935626983643,0.9939106901217862,0.037548245277713874
0.9999935626983643,0.9939516129032258,0.0378038493980523
0.9999934434890747,0.9939959973315544,0.03808501393042456
0.9999933242797852,0.9940397350993377,0.03836617846279682
0.9999932050704956,0.9940828402366864,0.03864734299516908
0.999993085861206,0.9941253263707572,0.038928507527541345
0.999993085861206,0.9935191186001296,0.039184111647879764
0.9999929666519165,0.9935649935649936,0.03946527618025203
0.999992847442627,0.9929712460063898,0.03972088030059045
0.9999927282333374,0.993020304568528,0.040002044832962706
0.9999926090240479,0.9930686830497795,0.04028320936533497
0.9999924898147583,0.9931163954943679,0.04056437389770723
0.9999922513961792,0.9931634555624611,0.040845538430079494
0.9999922513961792,0.9932098765432099,0.04112670296245175
0.9999920129776001,0.9932556713672593,0.041407867494824016
0.9999918937683105,0.9933008526187577,0.04168903202719628
0.999991774559021,0.9933454325468845,0.04197019655956854
0.999991774559021,0.9933894230769231,0.0422513610919408
0.9999916553497314,0.9934289127837514,0.04250696521227922
0.9999915361404419,0.9934718100890207,0.04278812974465148
0.9999914169311523,0.9935141509433962,0.043069294277023745
0.9999912977218628,0.9935559461042766,0.04335045880939601
0.9999911785125732,0.9935972060535506,0.04363162334176827
0.9999910593032837,0.993637941006362,0.04391278787414053
0.9999910593032837,0.9936781609195402,0.04419395240651279
0.9999909400939941,0.9937178754997145,0.044475116938885055
0.9999908208847046,0.9937570942111237,0.04475628147125732
0.9999905824661255,0.9937958262831359,0.04503744600362958
0.9999904632568359,0.9938340807174888,0.04531861053600184
0.9999903440475464,0.9938718662952646,0.0455997750683741
0.9999903440475464,0.9939091915836102,0.045880939600746365
0.9999901056289673,0.9939460649422125,0.04616210413311862
0.9999899864196777,0.9939824945295405,0.04644326866549089
0.9999899864196777,0.9940184883088635,0.04672443319786315
0.9999898672103882,0.994054054054054,0.04700559773023541
0.9999897480010986,0.9940860215053764,0.04726120185057383
0.9999896287918091,0.9941207910208445,0.047542366382946094
0.9999895095825195,0.9941551540913921,0.04782353091531835
0.9999892711639404,0.99418911780243,0.04810469544769062
0.9999891519546509,0.9942226890756303,0.04838585998006288
0.9999889135360718,0.9942558746736292,0.04866702451243514
0.9999887943267822,0.994288681204569,0.048948189044807404
0.9999886751174927,0.9943211151264842,0.04922935357717966
0.9999885559082031,0.99435318275154,0.049510518109551926
0.999988317489624,0.9943848902501277,0.04979168264192419
0.9999881982803345,0.9944162436548223,0.05007284717429645
0.9999880790710449,0.99444724886421,0.050354011706668714
0.9999879598617554,0.9944779116465864,0.05063517623904097
0.9999877214431763,0.9945082376435347,0.050916340771413236
0.9999876022338867,0.9945382323733863,0.051197505303785494
0.9999876022338867,0.994567901234568,0.05147866983615776
0.9999873638153076,0.9945972495088409,0.051759834368530024
0.9999872446060181,0.9946236559139785,0.05201543848886844
0.9999871253967285,0.9946524064171123,0.0522966030212407
0.999987006187439,0.9946808510638298,0.052577767553612965
0.9999868869781494,0.9947089947089947,0.05285893208598522
0.9999867677688599,0.9947368421052631,0.05314009661835749
0.9999866485595703,0.9947643979057592,0.05342126115072975
0.9999864101409912,0.9943181818181818,0.05367686527106817
0.9999862909317017,0.9943476212906265,0.05395802980344043
0.9999861717224121,0.9943767572633552,0.054239194335812695
0.999985933303833,0.9939393939393939,0.054494798456151114
0.9999856948852539,0.9939703153988868,0.05477596298852337
0.9999855756759644,0.9940009229349331,0.055057127520895636
0.9999854564666748,0.9940312213039486,0.0553382920532679
0.9999852180480957,0.9940612151667428,0.05561945658564016
0.9999850988388062,0.9940909090909091,0.055900621118012424
0.9999849796295166,0.9941203075531434,0.05618178565038468
0.9999847412109375,0.9941494149414941,0.056462950182756946
0.999984622001648,0.9941756272401434,0.056718554303095366
0.9999843835830688,0.9942041908158716,0.05699971883546763
0.9999843835830688,0.9942324755989352,0.05728088336783989
0.9999842643737793,0.9942604856512142,0.05756204790021215
0.9999841451644897,0.9942882249560633,0.05784321243258441
0.9999839067459106,0.9943156974202011,0.058124376964956675
0.9999836683273315,0.9943429068755439,0.05840554149732894
0.999983549118042,0.9943698570809875,0.0586867060297012
0.9999834299087524,0.9943965517241379,0.05896787056207346
0.9999833106994629,0.9944229944229944,0.05924903509444572
0.9999830722808838,0.9944491887275833,0.059530199626817985
0.9999829530715942,0.9940501487462814,0.059785803747156405
0.9999827146530151,0.994077834179357,0.06006696827952867
0.999982476234436,0.9941052631578947,0.06034813281190093
0.9999822378158569,0.9941324392288349,0.06062929734427319
0.9999819993972778,0.9941593658740092,0.06091046187664545
0.9999816417694092,0.9937707641196013,0.06116606599698387
0.9999815225601196,0.9937965260545906,0.06142167011732229
0.9999814033508301,0.9938246191848498,0.06170283464969455
0.999981164932251,0.9938524590163934,0.06198399918206682
0.9999809265136719,0.9938800489596084,0.062265163714439076
0.9999806880950928,0.9939073923639318,0.06254632824681133
0.9999805688858032,0.9939344925192074,0.0628274927791836
0.9999802112579346,0.9939613526570048,0.06310865731155586
0.9999799728393555,0.9939879759519038,0.06338982184392812
0.9999796152114868,0.9940143655227454,0.06367098637630039
0.9999794960021973,0.9940405244338498,0.06395215090867265
0.9999792575836182,0.9940664556962026,0.06423331544104491
0.9999790191650391,0.9940921622686096,0.06451447997341717
0.9999788999557495,0.9937254901960785,0.06477008409375559
0.99997878074646,0.9937524404529481,0.06505124862612785
0.9999785423278809,0.9937791601866252,0.06533241315850012
0.9999784231185913,0.9938056523422377,0.06561357769087238
0.9999781847000122,0.9938319198149576,0.06589474222324464
0.9999779462814331,0.9938556067588326,0.06615034634358306
0.999977707862854,0.9938814531548757,0.06643151087595532
0.9999775886535645,0.993907083015994,0.06671267540832758
0.9999773502349854,0.993932499051953,0.06699383994069985
0.9999772310256958,0.9939577039274925,0.06727500447307211
0.9999768733978271,0.9939827002632569,0.06755616900544437
0.9999767541885376,0.9936329588014982,0.06781177312578279
0.9999765157699585,0.9936590824319284,0.06809293765815505
0.999976396560669,0.9936849925705795,0.06837410219052731
0.9999759197235107,0.9937106918238994,0.06865526672289958
0.9999756813049316,0.9937361827560796,0.06893643125527184
0.9999754428863525,0.9937614678899083,0.0692175957876441
0.9999752044677734,0.9937865497076024,0.06949876032001635
0.9999750852584839,0.9938114306516199,0.06977992485238863
0.9999747276306152,0.9938361131254533,0.07006108938476088
0.9999743700027466,0.9938605994944023,0.07034225391713314
0.9999741315841675,0.9938848920863309,0.07062341844950541
0.9999738931655884,0.9939068100358422,0.07087902256984382
0.9999736547470093,0.993930739021778,0.07116018710221608
0.9999734163284302,0.9939544807965861,0.07144135163458835
0.9999731779098511,0.9939780375487071,0.07172251616696061
0.999972939491272,0.9940014114326041,0.07200368069933287
0.9999725818634033,0.99402460456942,0.07228484523170514
0.9999723434448242,0.9940476190476191,0.0725660097640774
0.9999722242355347,0.9940704569236135,0.07284717429644966
0.9999719858169556,0.9940931202223766,0.07312833882882191
0.9999717473983765,0.9941156109380408,0.07340950336119419
0.9999713897705078,0.9941379310344828,0.07369066789356644
0.9999710321426392,0.9938165578838887,0.07394627201390487
0.9999707937240601,0.9938398357289527,0.07422743654627713
0.9999706745147705,0.9938629389703375,0.07450860107864939
0.9999701976776123,0.9938858695652174,0.07478976561102164
0.9999700784683228,0.9939086294416244,0.07507093014339392
0.9999697208404541,0.9935940660822656,0.07532653426373233
0.9999693632125854,0.9936155913978495,0.07558213838407075
0.9999690055847168,0.9936391027787077,0.07586330291644301
0.9999688863754272,0.9936624416277519,0.07614446744881527
0.9999685287475586,0.9936856098371551,0.07642563198118754
0.9999681711196899,0.9933774834437086,0.07668123610152595
0.9999680519104004,0.9934015176509403,0.07696240063389821
0.9999678134918213,0.9934253780407627,0.07724356516627048
0.9999675750732422,0.9934490664919751,0.07752472969864274
0.9999672174453735,0.9934725848563969,0.077805894231015
0.9999669790267944,0.9934959349593496,0.07808705876338727
0.9999666213989258,0.9935191186001296,0.07836822329575953
0.9999662637710571,0.9935421375524701,0.07864938782813179
0.9999659061431885,0.9935649935649936,0.07893055236050406
0.9999654293060303,0.9935876883616543,0.07921171689287632
0.9999651908874512,0.9936102236421726,0.07949288142524857
0.9999649524688721,0.9936326010824578,0.07977404595762083
0.999964714050293,0.9936528086321803,0.08002965007795926
0.9999643564224243,0.9936748893105629,0.08031081461033152
0.9999641180038452,0.9936968168925308,0.08059197914270377
0.9999639987945557,0.9937185929648241,0.08087314367507605
0.9999637603759766,0.9937402190923318,0.0811543082074483
0.9999634027481079,0.9937616968184654,0.08143547273982056
0.9999630451202393,0.9937830276655268,0.08171663727219283
0.9999628067016602,0.9938042131350682,0.08199780180456509
0.999962329864502,0.9938252547082432,0.08227896633693735
0.9999620914459229,0.9938461538461538,0.08256013086930962
0.9999617338180542,0.9938669119901871,0.08284129540168188
0.9999614953994751,0.9938875305623472,0.08312245993405414
0.9999610185623169,0.9939080109655802,0.0834036244664264
0.9999607801437378,0.9939283545840923,0.08368478899879866
0.9999603033065796,0.9939485627836612,0.08396595353117092
0.9999599456787109,0.9939686369119421,0.08424711806354318
0.9999593496322632,0.9939885782987676,0.08452828259591545
0.9999591112136841,0.9940065927479772,0.08478388671625386
0.9999583959579468,0.994026284348865,0.08506505124862612
0.9999580383300781,0.9940458469782674,0.0853462157809984
0.999957799911499,0.9940652818991098,0.08562738031337065
0.9999572038650513,0.9940845903578823,0.08590854484574291
0.9999568462371826,0.9941037735849056,0.08618970937811518
0.9999563694000244,0.994122832794593,0.08647087391048744
0.9999560117721558,0.994141769185706,0.0867520384428597
0.9999557733535767,0.9938686131386861,0.08700764256319812
0.9999551773071289,0.9935972060535506,0.08726324668353654
0.9999549388885498,0.9936176385262547,0.08754441121590881
0.9999547004699707,0.993637941006362,0.08782557574828107
0.999954342842102,0.9936581147304698,0.08810674028065332
0.9999538660049438,0.9936781609195402,0.08838790481302558
0.9999535083770752,0.9936980807791463,0.08866906934539785
0.9999531507492065,0.9937178754997145,0.08895023387777011
0.9999526739120483,0.9937375462567606,0.08923139841014237
0.9999520778656006,0.9937553221686063,0.0894870025304808
0.9999517202377319,0.9937747594793436,0.08976816706285305
0.9999513626098633,0.9937940761636107,0.09004933159522531
0.9999510049819946,0.9938132733408324,0.09033049612759758
0.9999508857727051,0.9938323521166246,0.09061166065996984
0.9999504089355469,0.9938513135830073,0.0908928251923421
0.9999500513076782,0.9938701588186124,0.09117398972471437
0.9999498128890991,0.9938888888888889,0.09145515425708663
0.9999494552612305,0.993907504846303,0.09173631878945888
0.9999490976333618,0.9939260077305356,0.09201748332183114
0.9999486207962036,0.993944398568676,0.09229864785420341
0.9999480247497559,0.9939626783754116,0.09257981238657567
0.9999476671218872,0.9939808481532147,0.09286097691894793
0.9999473094940186,0.9937261320240044,0.09311658103928636
0.9999469518661499,0.9937449007342942,0.09339774557165861
0.9999467134475708,0.993763557483731,0.09367891010403087
0.9999463558197021,0.9937821032711543,0.09396007463640314
0.9999457597732544,0.9937988676193044,0.09421567875674156
0.9999456405639648,0.9938172043010752,0.09449684328911383
0.9999451637268066,0.9938354328598231,0.09477800782148608
0.999944806098938,0.9938535542490646,0.09505917235385834
0.9999444484710693,0.9938715694111377,0.0953403368862306
0.999943733215332,0.9938894792773645,0.09562150141860287
0.9999434947967529,0.9939072847682119,0.09590266595097513
0.9999428987503052,0.9939249867934495,0.09618383048334739
0.9999425411224365,0.9939425862523045,0.09646499501571966
0.9999419450759888,0.9939600840336135,0.09674615954809192
0.9999414682388306,0.9939774810159727,0.09702732408046418
0.9999412298202515,0.9939947780678852,0.09730848861283643
0.9999408721923828,0.9940119760479041,0.0975896531452087
0.9999403953552246,0.9940290758047767,0.09787081767758096
0.9999401569366455,0.9940460781775822,0.09815198220995322
0.9999395608901978,0.9938048528652556,0.09840758633029165
0.99993896484375,0.9938223938223938,0.0986887508626639
0.9999387264251709,0.9938382541720154,0.09894435498300233
0.9999381303787231,0.9938556067588326,0.09922551951537459
0.9999377727508545,0.993872861884095,0.09950668404774685
0.9999371767044067,0.9938900203665988,0.09978784858011912
0.999936580657959,0.993907083015994,0.10006901311249138
0.9999363422393799,0.9939240506329113,0.10035017764486363
0.9999361038208008,0.9939409240090886,0.10063134217723589
0.9999357461929321,0.9939577039274925,0.10091250670960816
0.999935507774353,0.9939743911624404,0.10119367124198042
0.9999349117279053,0.9939909864797196,0.10147483577435268
0.9999343156814575,0.9940074906367041,0.10175600030672495
0.9999338388442993,0.9940239043824701,0.10203716483909721
0.9999336004257202,0.9940402284579091,0.10231832937146947
0.9999327659606934,0.9940564635958395,0.10259949390384172
0.9999324083328247,0.9938256359594961,0.10285509802418015
0.999932050704956,0.9938423645320197,0.10313626255655241
0.9999314546585083,0.9938590027020389,0.10341742708892468
0.9999310970306396,0.9938740504778241,0.10367303120926309
0.9999306201934814,0.9938905180840665,0.10395419574163535
0.9999299049377441,0.9939068973921521,0.10423536027400762
0.9999291896820068,0.9939231891103549,0.10451652480637988
0.9999289512634277,0.9939393939393939,0.10479768933875214
0.9999284744262695,0.9939555125725339,0.10507885387112441
0.9999282360076904,0.9939715456956836,0.10536001840349667
0.999927282333374,0.993987493987494,0.10564118293586892
0.9999266862869263,0.9940033581194531,0.10592234746824118
0.9999260902404785,0.9940191387559809,0.10620351200061345
0.9999256134033203,0.9940348365545216,0.10648467653298571
0.9999252557754517,0.9940504521656354,0.10676584106535797
0.9999250173568726,0.9940659862330881,0.10704700559773024
0.9999244213104248,0.9940814393939394,0.1073281701301025
0.999923825263977,0.9940968122786304,0.10760933466247476
0.9999233484268188,0.9941121055110692,0.10789049919484701
0.999922513961792,0.994127319708715,0.10817166372721929
0.9999220371246338,0.9941410827279119,0.1084272678475577
0.9999215602874756,0.9939223936418887,0.10868287196789612
0.9999212026596069,0.9939379808813243,0.10896403650026838
0.9999207258224487,0.9939534883720931,0.10924520103264064
0.9999202489852905,0.9939689167246578,0.10952636556501291
0.9999195337295532,0.993984266543267,0.10980753009738517
0.999919056892395,0.9939995384260327,0.11008869462975743
0.9999184608459473,0.9940147329650092,0.1103698591621297
0.9999176263809204,0.9938002296211251,0.11062546328246811
0.9999173879623413,0.9938158497480531,0.11090662781484037
0.9999165534973145,0.9938313913639479,0.11118779234721264
0.9999161958694458,0.9938468550592525,0.1114689568795849
0.999915599822998,0.9938622414185042,0.11175012141195716
0.9999150037765503,0.9938775510204082,0.11203128594432943
0.9999145269393921,0.99389278443791,0.11231245047670169
0.9999138116836548,0.9939079422382672,0.11259361500907394
0.999913215637207,0.9939230249831195,0.1128747795414462
0.9999127388000488,0.9939366719065799,0.11313038366178463
0.9999121427536011,0.9939516129032258,0.11341154819415689
0.9999114274978638,0.9939664804469274,0.11369271272652916
0.9999110698699951,0.9939812750780205,0.11397387725890142
0.9999103546142578,0.9939959973315544,0.11425504179127367
0.9999099969863892,0.9940106477373558,0.11453620632364593
0.9999091625213623,0.994025226820093,0.1148173708560182
0.999908447265625,0.9940397350993377,0.11509853538839046
0.9999076128005981,0.9940541730896278,0.11537969992076272
0.9999070167541504,0.9940685413005272,0.11566086445313499
0.9999064207077026,0.9940828402366864,0.11594202898550725
0.9999055862426758,0.9940970703979012,0.1162231935178795
0.999904990196228,0.9941112322791712,0.11650435805025176
0.9999041557312012,0.9941253263707572,0.11678552258262404
0.9999033212661743,0.9941393531582374,0.11706668711499629
0.999902606010437,0.9941533131225638,0.11734785164736855
0.9999018907546997,0.9941672067401166,0.11762901617974082
0.9999011754989624,0.994179780125027,0.11788462030007923
0.9999005794525146,0.9941935483870967,0.11816578483245149
0.9998997449874878,0.9942072516627333,0.11844694936482376
0.9998993873596191,0.994220890410959,0.11872811389719602
0.9998987913131714,0.994234465086483,0.11900927842956828
0.9998983144760132,0.9942479761397529,0.11929044296194055
0.9998973608016968,0.9942614240170032,0.11957160749431281
0.9998968839645386,0.9942748091603053,0.11985277202668507
0.9998958110809326,0.9942881320076158,0.12013393655905734
0.9998950958251953,0.9943013929928239,0.1204151010914296
0.9998941421508789,0.9943145925457991,0.12069626562380185
0.9998935461044312,0.994327731092437,0.12097743015617411
0.9998927116394043,0.9943408090547056,0.12125859468854638
0.9998922348022461,0.9941447093266416,0.1215141988088848
0.9998915195465088,0.9941581472981431,0.12179536334125707
0.9998908042907715,0.9941715237302248,0.12207652787362933
0.9998900890350342,0.9941848390446522,0.12235769240600158
0.9998892545700073,0.9941968911917098,0.12261329652634001
0.9998884201049805,0.9942100909842845,0.12289446105871227
0.9998879432678223,0.9942232308644522,0.12317562559108453
0.9998871088027954,0.9942363112391931,0.12345679012345678
0.9998863935470581,0.9942493325118094,0.12373795465582905
0.9998857975006104,0.9942622950819672,0.12401911918820131
0.999885082244873,0.994275199345737,0.12430028372057357
0.9998843669891357,0.9940840473276213,0.124555887840912
0.9998835325241089,0.9940972928963974,0.12483705237328425
0.9998824596405029,0.9941104792851341,0.12511821690565653
0.9998816251754761,0.9941236068895644,0.12539938143802878
0.9998810291290283,0.9941366761019005,0.12568054597040104
0.9998801946640015,0.9941496873108735,0.1259617105027733
0.9998792409896851,0.9941626409017713,0.12624287503514556
0.9998786449432373,0.9941755372564772,0.12652403956751782
0.9998781681060791,0.994188376753507,0.1268052040998901
0.9998772144317627,0.9942011597680463,0.12708636863226236
0.9998762607574463,0.9942127319896228,0.12734197275260078
0.9998751878738403,0.9942254082039028,0.12762313728497304
0.999874472618103,0.9942380290085436,0.1279043018173453
0.9998737573623657,0.9942505947660587,0.12818546634971756
0.9998725652694702,0.9942631058358061,0.12846663088208982
0.9998719692230225,0.9942755625740229,0.12874779541446207
0.9998711347579956,0.9942879653338585,0.12902895994683433
0.9998705387115479,0.9941037735849056,0.12928456406717276
0.999869704246521,0.9941164934300843,0.12956572859954502
0.999868631362915,0.9941291585127201,0.12984689313191727
0.9998677968978882,0.994141769185706,0.13012805766428956
0.9998667240142822,0.9941543257989088,0.13040922219666182
0.9998655319213867,0.9941668286992028,0.13069038672903407
0.9998650550842285,0.9941792782305006,0.13097155126140633
0.9998639822006226,0.9941916747337851,0.1312527157937786
0.9998629093170166,0.9942040185471407,0.13153388032615085
0.9998621940612793,0.9942163100057837,0.1318150448585231
0.999861478805542,0.9942274389070618,0.13207064897886153
0.9998602867126465,0.9942396313364056,0.1323518135112338
0.999859094619751,0.9942517723701858,0.13263297804360608
0.9998582601547241,0.994263862332696,0.13291414257597833
0.9998570680618286,0.9942759015455066,0.1331953071083506
0.9998558759689331,0.9942878903274943,0.13347647164072285
0.9998549222946167,0.9942998289948698,0.1337576361730951
0.9998538494110107,0.9943117178612059,0.13403880070546736
0.9998528957366943,0.9943235572374646,0.13431996523783962
0.9998522996902466,0.9943353474320241,0.1346011297702119
0.9998512268066406,0.9943470887507067,0.13488229430258417
0.999849796295166,0.9943587814968033,0.13516345883495642
0.9998486042022705,0.9943704259711015,0.13544462336732868
0.9998471736907959,0.9941947565543071,0.1357002274876671
0.9998458623886108,0.9942066903382545,0.13598139202003937
0.9998447895050049,0.994218575158523,0.13626255655241162
0.9998435974121094,0.9940442955518333,0.13651816067275005
0.9998430013656616,0.9940553594649824,0.13677376479308848
0.9998418092727661,0.9940674823878384,0.13705492932546073
0.999840497970581,0.9940795559666975,0.137336093857833
0.9998389482498169,0.9940915805022157,0.13761725839020525
0.9998376369476318,0.994103556292611,0.1378984229225775
0.9998365640640259,0.9941154836336888,0.13817958745494976
0.9998356103897095,0.9941273628188658,0.13846075198732202
0.9998346567153931,0.9941391941391942,0.1387419165196943
0.9998338222503662,0.9941509778833851,0.13902308105206657
0.9998321533203125,0.9941627143378329,0.13930424558443882
0.9998311996459961,0.9941744037866376,0.13958541011681108
0.9998300075531006,0.9941860465116279,0.13986657464918334
0.9998288154602051,0.9941976427923844,0.1401477391815556
0.9998277425765991,0.9942091929062613,0.14042890371392786
0.9998267292976379,0.9942206971284089,0.14071006824630014
0.9998250603675842,0.9942321557317952,0.1409912327786724
0.9998237490653992,0.9942435689872279,0.14127239731104466
0.9998223185539246,0.9942539055485724,0.14152800143138308
0.9998204112052917,0.9942652329749104,0.14180916596375534
0.9998194575309753,0.9942765158290109,0.1420903304961276
0.9998183846473694,0.9942877543734381,0.14237149502849986
0.999817430973053,0.9942989488686976,0.1426526595608721
0.9998160004615784,0.9943100995732574,0.14293382409324437
0.9998145699501038,0.9941437444543034,0.1431894282135828
0.9998136162757874,0.9941551540913921,0.14347059274595506
0.999812662601471,0.9941665193565494,0.1437517572783273
0.9998118281364441,0.9941778405081158,0.1440329218106996
0.9998101592063904,0.99418911780243,0.14431408634307186
0.9998084902763367,0.9942003514938489,0.14459525087544411
0.9998074173927307,0.9942115418347658,0.14487641540781637
0.9998059868812561,0.9942226890756303,0.14515757994018863
0.9998045563697815,0.9942337934649659,0.1454387444725609
0.9998036026954651,0.9942448552493897,0.14571990900493315
0.9998019337654114,0.9942558746736292,0.14600107353730543
0.999800980091095,0.9942658557775848,0.14625667765764383
0.9997996687889099,0.9942767950052029,0.14653784219001612
0.999798595905304,0.9942876925740003,0.14681900672238837
0.9997976422309875,0.9942985487214927,0.14710017125476063
0.9997963309288025,0.9943093636833937,0.1473813357871329
0.999795138835907,0.9943201376936317,0.14766250031950515
0.9997931122779846,0.9941590791960144,0.14791810443984357
0.9997918009757996,0.9941700960219478,0.14819926897221583
0.9997904896736145,0.9941810713674483,0.1484804335045881
0.9997877478599548,0.9941920054663478,0.14876159803696035
0.9997865557670593,0.9942028985507246,0.1490427625693326
0.9997856020927429,0.994213750850919,0.1493239271017049
0.9997846484184265,0.9942245625955495,0.14960509163407715
0.9997841715812683,0.9942353340115293,0.1498862561664494
0.9997832179069519,0.9942460653240819,0.15016742069882166
0.9997822642326355,0.9942567567567567,0.15044858523119392
0.9997808337211609,0.9942674085314449,0.15072974976356618
0.9997795224189758,0.9942770577343881,0.1509853538839046
0.9997788071632385,0.9942876344086021,0.15126651841627686
0.999777615070343,0.9942981720610431,0.15154768294864912
0.9997758269309998,0.9943086709072648,0.1518288474810214
0.9997751116752625,0.9943191311612364,0.15211001201339366
0.9997743964195251,0.9943295530353569,0.15239117654576592
0.9997726082801819,0.9941734642916598,0.15264678066610435
0.9997705817222595,0.9941841143236956,0.1529279451984766
0.9997695088386536,0.9941947254934483,0.15320910973084886
0.9997673630714417,0.9942052980132451,0.15349027426322112
0.999765932559967,0.9942158320938688,0.15377143879559338
0.9997649788856506,0.9942263279445728,0.15405260332796564
0.9997633099555969,0.994236785773094,0.1543337678603379
0.9997608065605164,0.9942472057856673,0.15461493239271018
0.9997593760490417,0.9942575881870386,0.15489609692508244
0.9997573494911194,0.9941041598427776,0.15515170104542086
0.9997555613517761,0.9941147621383031,0.15543286557779312
0.9997542500495911,0.9941243675534519,0.15568846969813152
0.9997527003288269,0.9941348973607038,0.1559696342305038
0.999750554561615,0.9941453894942267,0.15625079876287606
0.999749481678009,0.9941558441558441,0.15653196329524832
0.9997486472129822,0.9941662615459407,0.15681312782762058
0.9997473359107971,0.9941766418634747,0.15709429235999284
0.9997459053993225,0.9941869853059906,0.1573754568923651
0.9997438788414001,0.9940361057382334,0.15763106101270352
0.999742329120636,0.9940466613032984,0.15791222554507578
0.9997411370277405,0.9938965628011565,0.1581678296654142
0.9997395873069763,0.9939073272406606,0.15844899419778646
0.9997383952140808,0.9939180537772087,0.15873015873015872
0.9997370839118958,0.9939287426106407,0.15901132326253098
0.9997348189353943,0.9939393939393939,0.15929248779490326
0.9997324347496033,0.9939500079605158,0.15957365232727552
0.9997296929359436,0.9939605848696758,0.15985481685964778
0.999728262424469,0.9939701682005713,0.1601104209799862
0.9997262358665466,0.9938222715032473,0.1603660251003246
0.999723494052887,0.9936748893105629,0.16062162922066303
0.9997223019599915,0.9936858721389108,0.1609027937530353
0.9997207522392273,0.9936968168925308,0.16118395828540755
0.9997190833091736,0.9937077237690735,0.16146512281777983
0.9997175335884094,0.9935615577889447,0.16172072693811823
0.9997158646583557,0.9935726602915818,0.16200189147049052
0.9997139573097229,0.9935837245696401,0.16228305600286277
0.9997120499610901,0.9935947508201843,0.16256422053523503
0.9997100234031677,0.9934497816593887,0.16281982465557346
0.9997082352638245,0.9934609995329285,0.16310098918794572
0.9997066855430603,0.9934721790488033,0.16338215372031797
0.9997044205665588,0.9934833204034135,0.16366331825269023
0.9997023940086365,0.9934944237918215,0.1639444827850625
0.9997010827064514,0.9935054894077625,0.16422564731743475
0.9996986389160156,0.9935165174436554,0.164506811849807
0.999695897102356,0.9935265104808878,0.16476241597014543
0.999693751335144,0.9935374673026619,0.1650435805025177
0.9996899366378784,0.993394777265745,0.16529918462285612
0.999687910079956,0.9934059193375249,0.16558034915522837
0.9996857643127441,0.993417023882425,0.16586151368760063
0.9996849298477173,0.9934280910897142,0.16614267821997292
0.9996832609176636,0.9934391211473909,0.16642384275234517
0.9996820688247681,0.9934501142421934,0.16670500728471743
0.9996803998947144,0.9933090024330901,0.16696061140505586
0.9996778964996338,0.9933201761044481,0.16724177593742812
0.9996762275695801,0.9931797514398303,0.16749738005776654
0.9996728897094727,0.9931911030413073,0.1677785445901388
0.9996716976165771,0.993202416918429,0.16805970912251106
0.999670147895813,0.9930628864424672,0.16831531324284948
0.9996685981750488,0.9930743751881963,0.16859647777522174
0.999667763710022,0.9930858259431835,0.168877642307594
0.9996651411056519,0.9930972388955582,0.16915880683996626
0.9996628761291504,0.9931075816601738,0.16941441096030468
0.9996601343154907,0.9931189229618549,0.16969557549267694
0.999657392501831,0.9931302270011948,0.1699767400250492
0.9996557235717773,0.9931414939615327,0.17025790455742146
0.9996532201766968,0.9930038701994641,0.17051350867775988
0.9996515512466431,0.9930153068806657,0.17079467321013214
0.9996503591537476,0.9930267062314541,0.1710758377425044
0.9996479749679565,0.993038068434306,0.17135700227487666
0.9996458292007446,0.9930493936705117,0.17163816680724894
0.9996434450149536,0.9930606821201831,0.1719193313396212
0.9996402263641357,0.9930719339622641,0.17220049587199346
0.9996366500854492,0.9930831493745401,0.17248166040436572
0.9996323585510254,0.9930943285336468,0.17276282493673797
0.9996291399002075,0.9929587795217838,0.1730184290570764
0.9996248483657837,0.9928236672524897,0.17327403317741483
0.9996232986450195,0.9928352098259979,0.17355519770978708
0.9996209144592285,0.9928467153284671,0.17383636224215934
0.9996199607849121,0.9928571428571429,0.17409196636249777
0.9996175765991211,0.9928685780817931,0.17437313089487003
0.9996144771575928,0.9928799767509445,0.17465429542724228
0.9996108412742615,0.9928913390396054,0.17493545995961454
0.9996071457862854,0.9929026651216686,0.1752166244919868
0.9996045231819153,0.9929139551699204,0.17549778902435909
0.9996029734611511,0.9927808258735201,0.17575339314469748
0.999599277973175,0.9927922733169958,0.17603455767706974
0.9995970129966736,0.9926597582037997,0.17629016179740817
0.9995943903923035,0.9926713608277051,0.17657132632978043
0.9995909333229065,0.9926829268292683,0.1768524908621527
0.9995871186256409,0.9926944563816072,0.17713365539452497
0.999583899974823,0.9927059496567505,0.17741481992689723
0.9995819926261902,0.9927174068256461,0.17769598445926948
0.9995797276496887,0.99258625605931,0.1779515885796079
0.999576985836029,0.9925978647686833,0.17823275311198017
0.9995742440223694,0.992609437180216,0.17851391764435243
0.9995725750923157,0.992619926199262,0.17876952176469085
0.9995695948600769,0.992631429786028,0.1790506862970631
0.9995675683021545,0.9926428975664969,0.17933185082943537
0.9995641112327576,0.9926543297075858,0.17961301536180763
0.9995614886283875,0.992524682651622,0.17986861948214605
0.9995588660240173,0.9925362624982397,0.1801497840145183
0.9995564818382263,0.9925478065241845,0.18043094854689057
0.9995532631874084,0.9925593148954093,0.18071211307926283
0.9995517134666443,0.992430613961312,0.18096771719960125
0.9995495676994324,0.992442267319804,0.1812488817319735
0.9995463490486145,0.9924538848518726,0.18153004626434577
0.999543309211731,0.992465466722478,0.18181121079671805
0.9995392560958862,0.9924770130955698,0.1820923753290903
0.9995368719100952,0.9924885241340937,0.18237353986146257
0.99953293800354,0.9925,0.18265470439383483
0.999530553817749,0.9925114408542505,0.18293586892620708
0.999527096748352,0.9925228468568263,0.18321703345857934
0.9995244741439819,0.9925331858407079,0.18347263757891777
0.9995201826095581,0.992544525748999,0.18375380211129003
0.9995162487030029,0.9925558312655087,0.18403496664366228
0.999514102935791,0.9925671025464556,0.18431613117603457
0.9995118379592896,0.9925783397471138,0.18459729570840683
0.9995089769363403,0.9925895430218197,0.18487846024077909
0.9995068311691284,0.9926007125239792,0.18515962477315134
0.999503493309021,0.9926118484060747,0.1854407893055236
0.9994974136352539,0.9926229508196721,0.18572195383789586
0.9994944334030151,0.9926340199154277,0.18600311837026812
0.9994897842407227,0.9926450558430945,0.1862842829026404
0.9994874000549316,0.99265605875153,0.18656544743501266
0.9994843006134033,0.9926670287887018,0.18684661196738492
0.9994810223579407,0.9926779661016949,0.18712777649975718
0.9994780421257019,0.9925534795559166,0.1873833806200956
0.9994736313819885,0.9925645531972421,0.18766454515246786
0.999471127986908,0.9925755939524838,0.18794570968484012
0.9994675517082214,0.9925856025882988,0.18820131380517854
0.9994636178016663,0.9925965809664827,0.1884824783375508
0.9994602799415588,0.9926075268817204,0.18876364286992306
0.9994576573371887,0.9926184404777882,0.18904480740229532
0.999454915523529,0.9926293218976145,0.18932597193466758
0.9994518160820007,0.9926401712832865,0.18960713646703986
0.99944669008255,0.9926509887760556,0.18988830099941212
0.9994431138038635,0.9926617745163442,0.19016946553178438
0.9994407296180725,0.9926725286437517,0.19045063006415663
0.9994383454322815,0.99268325129706,0.1907317945965289
0.9994348883628845,0.9926939426142402,0.19101295912890115
0.9994310736656189,0.9927046027324579,0.1912941236612734
0.9994277358055115,0.9927152317880795,0.1915752881936457
0.9994245767593384,0.9927258299166777,0.19185645272601795
0.9994214773178101,0.9927363972530375,0.1921376172583902
0.9994192123413086,0.9927469339311618,0.19241878179076247
0.9994151592254639,0.992757440084277,0.19269994632313472
0.999413013458252,0.992766964755392,0.19295555044347315
0.9994091987609863,0.9927774130006566,0.1932367149758454
0.999407172203064,0.9927878311041175,0.19351787950821767
0.9994025230407715,0.9927982191960194,0.19379904404058992
0.9993987083435059,0.9928085774058577,0.1940802085729622
0.9993969202041626,0.9928189058623841,0.19436137310533447
0.9993940591812134,0.9928292046936115,0.19464253763770673
0.9993889331817627,0.9928394740268194,0.19492370217007898
0.9993839263916016,0.9928497139885596,0.19520486670245124
0.9993788003921509,0.9927301051538362,0.19546047082278967
0.9993732571601868,0.9927404718693285,0.19574163535516192
0.9993689656257629,0.9927508090614887,0.19602279988753418
0.999365508556366,0.9926318510858325,0.1962784040078726
0.999360978603363,0.9926423131534787,0.19655956854024487
0.9993557333946228,0.9926527455529776,0.19684073307261712
0.9993522763252258,0.9926631484103489,0.19712189760498938
0.9993494153022766,0.9926735218508997,0.19740306213736167
0.9993466734886169,0.9925545571245186,0.19763310584566623
0.9993413090705872,0.9925650557620818,0.1979142703780385
0.9993336796760559,0.992447516641065,0.19816987449837692
0.9993287324905396,0.99245813626486,0.19845103903074918
0.9993242025375366,0.9924687260658668,0.19873220356312143
0.9993182420730591,0.9922243467176546,0.198962247271426
0.9993126392364502,0.992235234215886,0.1992434118037983
0.9993062019348145,0.9922460912673192,0.19952457633617054
0.9993001222610474,0.9922569179994922,0.1998057408685428
0.999294638633728,0.9922677145392318,0.20008690540091506
0.9992901086807251,0.9921518987341772,0.2003425095212535
0.9992863535881042,0.9921628112754393,0.20062367405362574
0.9992837309837341,0.9921736935117395,0.200904838585998
0.999278724193573,0.9921845455691416,0.20118600311837026
0.9992759823799133,0.9921953675730111,0.20146716765074252
0.9992700219154358,0.9920804525455689,0.20172277177108094
0.9992665648460388,0.992091388400703,0.2020039363034532
0.9992621541023254,0.9921013039117352,0.20225954042379163
0.9992535710334778,0.9921121822962313,0.2025407049561639
0.9992475509643555,0.9921230307576894,0.20282186948853614
0.9992412328720093,0.9921338494194032,0.20310303402090843
0.9992386102676392,0.99214463840399,0.2033841985532807
0.9992353916168213,0.9921553978333956,0.20366536308565295
0.9992311000823975,0.9921661278288982,0.2039465276180252
0.9992250204086304,0.9921768285111139,0.20422769215039746
0.9992208480834961,0.9921875,0.20450885668276972
0.9992141723632812,0.9921981424148607,0.20479002121514198
0.9992066025733948,0.9922087558743508,0.20507118574751426
0.9992018342018127,0.9922193404964802,0.20535235027988652
0.9991963505744934,0.9922298963986187,0.20563351481225878
0.9991912245750427,0.9921172558196822,0.2058891189325972
0.9991839528083801,0.9921279212792128,0.20617028346496946
0.9991775155067444,0.9921385579167179,0.20645144799734172
0.9991729855537415,0.9921491658488715,0.20673261252971398
0.9991670846939087,0.9921587846116148,0.2069882166500524
0.9991604089736938,0.9921693380643583,0.20726938118242466
0.9991545677185059,0.9921798631476051,0.20755054571479692
0.9991500377655029,0.9920683343502136,0.20780614983513535
0.9991445541381836,0.9920789666097977,0.2080873143675076
0.9991389513015747,0.9920895704028234,0.20836847889987986
0.9991301894187927,0.9921001458434614,0.20864964343225212
0.9991175532341003,0.9921106930452724,0.20893080796462438
0.999110996723175,0.9921212121212121,0.20921197249699666
0.999100923538208,0.9920106524633822,0.20946757661733506
0.9990955591201782,0.9920212765957447,0.20974874114970735
0.9990929365158081,0.9920318725099602,0.2100299056820796
0.9990854263305664,0.9920424403183024,0.21031107021445186
0.9990800619125366,0.9920529801324504,0.21059223474682412
0.9990745782852173,0.9920634920634921,0.21087339927919638
0.9990712404251099,0.9920739762219286,0.21115456381156864
0.9990631937980652,0.9920844327176781,0.2114357283439409
0.9990571141242981,0.9920939147101102,0.21169133246427932
0.9990513920783997,0.9921043186984089,0.21197249699665158
0.9990450739860535,0.9921146953405018,0.21225366152902383
0.9990398287773132,0.9921250447440639,0.21253482606139612
0.9990299940109253,0.9921353670162059,0.21281599059376838
0.9990243911743164,0.9921456622634773,0.21309715512614064
0.9990200996398926,0.9921559305918707,0.2133783196585129
0.9990149736404419,0.9921661721068249,0.21365948419088515
0.9990066885948181,0.9920578473210052,0.21391508831122358
0.9990021586418152,0.9920681898899018,0.21419625284359584
0.9989977478981018,0.9920785055568693,0.2144774173759681
0.9989846348762512,0.9920887944267328,0.21475858190834035
0.9989776611328125,0.9920990566037736,0.21503974644071264
0.9989670515060425,0.9921092921917324,0.2153209109730849
0.9989608526229858,0.9921195012938132,0.21560207550545715
0.9989532232284546,0.9920122166098908,0.21585767962579558
0.9989467263221741,0.9919052088221493,0.21611328374613398
0.9989423155784607,0.9919146941645184,0.2163688878664724
0.9989315867424011,0.9919251023990637,0.21665005239884466
0.9989239573478699,0.9919354838709677,0.21693121693121692
0.9989147186279297,0.9919458386833198,0.2172123814635892
0.9989107847213745,0.9919561669386804,0.21749354599596146
0.998904824256897,0.9918500407497962,0.21774915011629986
0.9988960027694702,0.9917441860465116,0.2180047542366383
0.9988898634910583,0.9916386017884101,0.2182603583569767
0.9988805651664734,0.9916492693110647,0.21854152288934897
0.9988729357719421,0.9916599096490212,0.21882268742172123
0.9988664388656616,0.9916705229060621,0.2191038519540935
0.9988585710525513,0.991681109185442,0.21938501648646577
0.9988536834716797,0.9915762750980844,0.21964062060680417
0.9988464117050171,0.9914717068111099,0.2198962247271426
0.998836100101471,0.9914825046040515,0.22017738925951486
0.998829185962677,0.9914932750890907,0.2204585537918871
0.9988172054290771,0.99150401836969,0.2207397183242594
0.9988075494766235,0.9915137614678899,0.2209953224445978
0.9987986087799072,0.991524453098156,0.22127648697697008
0.9987908005714417,0.9915351178220086,0.22155765150934234
0.9987855553627014,0.9915457557408889,0.2218388160417146
0.9987831711769104,0.991556366955728,0.22211998057408686
0.9987766146659851,0.9915669515669515,0.2224011451064591
0.9987712502479553,0.9915775096744821,0.22268230963883137
0.9987629652023315,0.9915880413777424,0.22296347417120363
0.9987539052963257,0.9915985467756585,0.22324463870357591
0.998749852180481,0.9916090259666629,0.22352580323594817
0.9987439513206482,0.9916194790486976,0.22380696776832043
0.9987371563911438,0.9916299061192173,0.2240881323006927
0.9987260699272156,0.991640307275192,0.22436929683306495
0.9987143278121948,0.9916506826131107,0.2246504613654372
0.9987062215805054,0.9916610322289835,0.22493162589780946
0.9986943602561951,0.9916713562183456,0.22521279043018175
0.9986855387687683,0.991681654676259,0.225493954962554
0.9986749291419983,0.9916909948349427,0.2257495590828924
0.9986673593521118,0.991701244813278,0.2260307236152647
0.9986599683761597,0.9917114695340502,0.22631188814763695
0.9986515641212463,0.9917216690905023,0.2265930526800092
0.9986415505409241,0.991731843575419,0.22687421721238146
0.9986304044723511,0.9917419930811293,0.22715538174475372
0.9986228942871094,0.9917521176995095,0.22743654627712598
0.9986163377761841,0.991762217521986,0.22771771080949824
0.9986101388931274,0.9917722926395375,0.22799887534187052
0.998603880405426,0.9917823431426985,0.22828003987424278
0.998594343662262,0.991681455190772,0.2285356439945812
0.9985870122909546,0.9916915918909937,0.22881680852695346
0.9985737800598145,0.9917017039167958,0.22909797305932572
0.9985615611076355,0.9917117913581611,0.22937913759169798
0.9985576272010803,0.9917218543046358,0.22966030212407024
0.9985463619232178,0.9917318928453313,0.2299414666564425
0.9985365867614746,0.9917419070689275,0.23022263118881475
0.9985295534133911,0.9917509898812142,0.23047823530915318
0.9985166192054749,0.9917609579259585,0.23075939984152544
0.9985068440437317,0.9916611806012727,0.23101500396186386
0.9984934329986572,0.9915616438356164,0.2312706080822023
0.9984830021858215,0.9915718038528897,0.23155177261457455
0.9984716773033142,0.9915819394336941,0.2318329371469468
0.9984645843505859,0.9915920506660842,0.23211410167931906
0.998455286026001,0.9916021376376922,0.23239526621169132
0.998446524143219,0.9916122004357298,0.2326764307440636
0.9984386563301086,0.9915134370579916,0.232932034864402
0.9984240531921387,0.991523581830037,0.23321319939677426
0.9984098672866821,0.9915337023770758,0.23349436392914655
0.998400866985321,0.9915437987857763,0.2337755284615188
0.9983931183815002,0.991553871142393,0.23405669299389106
0.998375654220581,0.9915639195327709,0.23433785752626332
0.9983682036399841,0.9915739440423463,0.23461902205863558
0.9983593821525574,0.9915839447561502,0.23490018659100784
0.9983453750610352,0.99159301573615,0.23515579071134626
0.9983372688293457,0.9916029712563247,0.23543695524371852
0.9983224272727966,0.9916129032258064,0.23571811977609078
0.9983103275299072,0.9915154118784234,0.2359737238964292
0.9983007311820984,0.9914181506114568,0.23622932801676763
0.9982940554618835,0.9914282652951891,0.2365104925491399
0.9982701539993286,0.9914383561643836,0.23679165708151215
0.9982600808143616,0.9914484233030465,0.2370728216138844
0.998251736164093,0.9914584667947897,0.2373539861462567
0.9982432126998901,0.9913618428068679,0.2376095902665951
0.9982315897941589,0.9913719642096294,0.23789075479896735
0.9982191920280457,0.991382061921481,0.23817191933133963
0.9982072114944458,0.9913921360255048,0.2384530838637119
0.9981939196586609,0.9912960407600042,0.23870868798405032
0.9981698989868164,0.991306191687871,0.23898985251642257
0.9981589913368225,0.9913163189664301,0.23927101704879483
0.9981461763381958,0.9913255051306463,0.23952662116913326
0.9981396198272705,0.9913355874894336,0.23980778570150552
0.9981167316436768,0.9913456464379947,0.24008895023387777
0.9981064796447754,0.9913556820577694,0.24037011476625003
0.9980796575546265,0.9913656944298199,0.2406512792986223
0.9980672001838684,0.9913756836348339,0.24093244383099455
0.998054027557373,0.9913856497531254,0.2412136083633668
0.9980401396751404,0.991395592864638,0.2414947728957391
0.9980270266532898,0.9914055130489466,0.24177593742811135
0.9980182647705078,0.9914154103852596,0.2420571019604836
0.9980066418647766,0.9914252849524208,0.24233826649285586
0.997988224029541,0.9914351368289116,0.24261943102522812
0.9979735016822815,0.9914449660928534,0.24290059555760038
0.9979506134986877,0.9914547728220092,0.24318176008997264
0.9979357719421387,0.9914645570937858,0.24346292462234492
0.9979221224784851,0.991474318985236,0.24374408915471718
0.9979123473167419,0.9914840585730605,0.24402525368708944
0.9978992938995361,0.9913891482518934,0.244255297395394
0.9978824257850647,0.9913989637305699,0.24453646192776626
0.9978680610656738,0.9914087568574682,0.24481762646013855
0.997844934463501,0.9914185277088503,0.2450987909925108
0.9978296160697937,0.991428276360632,0.24537995552488306
0.9978182315826416,0.9914380028883846,0.24566112005725532
0.9977982044219971,0.9914477073673365,0.24594228458962758
0.997784435749054,0.9914573898723754,0.24622344912199984
0.9977667331695557,0.9913642438573044,0.24647905324233826
0.9977508187294006,0.9913739987677141,0.24676021777471052
0.9977327585220337,0.9912811570417479,0.24701582189504895
0.9977145195007324,0.9911885245901639,0.24727142601538737
0.9976953864097595,0.9911984443762153,0.24755259054775963
0.9976806640625,0.9912083418523819,0.2478337550801319
0.9976632595062256,0.9912182170938425,0.24811491961250415
0.9976469874382019,0.991126070991432,0.24837052373284257
0.9976354837417603,0.9910341314314824,0.248626127853181
0.9976182579994202,0.9910432569974554,0.24888173197351943
0.9976067543029785,0.9910532736884913,0.24916289650589168
0.9975899457931519,0.9909617142276835,0.24941850062623008
0.9975720047950745,0.990971799553662,0.24969966515860237
0.9975563287734985,0.990981862397406,0.24998082969097463
0.9975368976593018,0.9909919028340081,0.2502619942233469
0.9975239634513855,0.9907997169143666,0.2504920379316515
0.9975152015686035,0.9908099373863866,0.25077320246402374
0.9974959492683411,0.9908201351760315,0.251054366996396
0.9974822402000427,0.9907295445384925,0.2513099711167344
0.9974639415740967,0.99073980875692,0.2515911356491067
0.9974451065063477,0.990649507339634,0.2518467397694451
0.9974281191825867,0.9906598373003916,0.25212790430181736
0.9974072575569153,0.9906701444622793,0.2524090688341896
0.9973825812339783,0.9905802184587634,0.25266467295452805
0.9973710775375366,0.9905905905905906,0.2529458374869003
0.9973520040512085,0.9906009399060094,0.25322700201927256
0.9973451495170593,0.9906103286384976,0.253482606139611
0.9973180890083313,0.9906206346038715,0.25376377067198325
0.9972975850105286,0.9906309179706967,0.2540449352043555
0.997259259223938,0.9906411788132218,0.25432609973672776
0.997241735458374,0.9906514172053704,0.2546072642691
0.9972273707389832,0.9905622888933042,0.25486286838943845
0.9972088932991028,0.9905725910489233,0.2551440329218107
0.9971901774406433,0.99058287073751,0.25542519745418296
0.9971684813499451,0.9904941083275571,0.2556808015745214
0.9971393346786499,0.9904055390702275,0.2559364056948598
0.9971135854721069,0.9904159668016994,0.25621757022723207
0.9971029162406921,0.9904263718910383,0.25649873475960433
0.9970846772193909,0.9904367544119097,0.2567798992919766
0.9970734119415283,0.99044711443766,0.25706106382434885
0.9970543384552002,0.9903590752582391,0.25731666794468727
0.9970322847366333,0.9902712264150944,0.2575722720650257
0.9970068335533142,0.9901835672916462,0.2578278761853641
0.9969871640205383,0.9900951260174561,0.25805791989366866
0.9969612956047058,0.9900078369905956,0.2583135240140071
0.9969465136528015,0.9900185928173011,0.25859468854637935
0.9969242215156555,0.9900293255131964,0.2588758530787516
0.9968960285186768,0.9900400351528171,0.2591570176111239
0.9968794584274292,0.9900507218103785,0.2594381821434962
0.9968505501747131,0.9900613855597779,0.25971934667586843
0.9968281388282776,0.990072026474596,0.2600005112082407
0.9967907071113586,0.9900826446280991,0.26028167574061295
0.9967671632766724,0.9900932400932401,0.2605628402729852
0.9967369437217712,0.9901038129426604,0.26084400480535747
0.9967051148414612,0.9901143632486916,0.2611251693377297
0.9966846108436584,0.9901248910833576,0.261406333870102
0.9966452717781067,0.9901353965183752,0.26168749840247424
0.9966292977333069,0.990145879625157,0.2619686629348465
0.9966000914573669,0.9899633275429454,0.2621987066431511
0.9965775609016418,0.989973970885954,0.26247987117552335
0.996547281742096,0.9898873158046807,0.26270991488382794
0.9965174198150635,0.9898980180873581,0.2629910794162002
0.9964993000030518,0.989812590100913,0.26324668353653863
0.9964730143547058,0.9898233486943164,0.2635278480689109
0.9964503049850464,0.9898340845880886,0.26380901260128314
0.9964150190353394,0.989844797853995,0.2640901771336554
0.9963815212249756,0.9896640826873385,0.26432022084196
0.9963440299034119,0.9896749521988528,0.26460138537433225
0.9963363409042358,0.9896857988730781,0.2648825499067045
0.9963181018829346,0.9896966227819118,0.26516371443907677
0.9962843656539917,0.9896121223672925,0.2654193185594152
0.9962506890296936,0.9895277989337395,0.2656749226797536
0.9962325692176819,0.9895387541607228,0.2659560872121259
0.9962069988250732,0.9894546836405093,0.2662116913324643
0.9961917400360107,0.9893707886495208,0.2664672954528027
0.9961729645729065,0.9893818733409178,0.26674845998517493
0.9961528182029724,0.9893929349370205,0.26702962451754725
0.9961317777633667,0.9893083546220077,0.2672596682258518
0.9961052536964417,0.9893194706994329,0.26754083275822405
0.9960895776748657,0.9893305636861486,0.2678219972905963
0.9960579872131348,0.9893416336540275,0.26810316182296856
0.9960263967514038,0.9893526806746443,0.2683843263553409
0.9959847927093506,0.9893637048192772,0.26866549088771313
0.99594646692276,0.9892806770098731,0.2689210950080515
0.9959053993225098,0.9892917527709938,0.2692022595404238
0.995864987373352,0.9893028056676363,0.2694834240727961
0.995826780796051,0.9893138357705287,0.26976458860516833
0.9957844614982605,0.9892312014233543,0.27002019272550676
0.9957444071769714,0.9891487371375117,0.27027579684584513
0.9957186579704285,0.989159891598916,0.27055696137821744
0.9956901669502258,0.9890776699029126,0.2708125654985558
0.9956496357917786,0.9889956168982561,0.27106816961889424
0.9956140518188477,0.9889137320663313,0.27132377373923267
0.9955957531929016,0.9889250814332248,0.2716049382716049
0.9955602884292603,0.9889353788935379,0.27186054239194335
0.9955124258995056,0.9889466840052016,0.2721417069243156
0.995491087436676,0.9888651758374316,0.27239731104465403
0.9954463839530945,0.9888765294771968,0.2726784755770263
0.9954172372817993,0.9888878599870359,0.27295964010939855
0.9953893423080444,0.9888991674375578,0.2732408046417708
0.9953553676605225,0.9889104518990851,0.27352196917414306
0.9953145980834961,0.9889217134416544,0.2738031337065153
0.995254635810852,0.988932952135018,0.27408429823888764
0.995218813419342,0.9888520361157177,0.274339902359226
0.9951903820037842,0.9888633225954901,0.2746210668915983
0.9951522350311279,0.988874586244943,0.2749022314239706
0.9951131939888,0.9888858271332782,0.27518339595634284
0.9950893521308899,0.9888970453294182,0.2754645604887151
0.9950460195541382,0.9889082409020075,0.27574572502108735
0.9949880838394165,0.988919413919414,0.2760268895534596
0.9949249029159546,0.9889305644497302,0.27630805408583187
0.9948831796646118,0.9889406818389543,0.2765636582061703
0.9948626160621643,0.9889517896274653,0.27684482273854255
0.9948295950889587,0.9888716592173675,0.277100426858881
0.994784414768219,0.9888828139238199,0.27738159139125323
0.9947611689567566,0.988893946290396,0.2776627559236255
0.9947189092636108,0.9889050563841397,0.27794392045599775
0.9946692585945129,0.9888252929953666,0.2781995245763362
0.9946162104606628,0.9888364494463605,0.27848068910870843
0.9945729374885559,0.9887569135914408,0.27873629322904686
0.9945396780967712,0.988677536231884,0.2789918973493853
0.994481086730957,0.9886888064428558,0.27927306188175754
0.9944483041763306,0.9887000542397396,0.2795542264141298
0.9944144487380981,0.9887112796893344,0.27983539094650206
0.9943875670433044,0.988722482858174,0.2801165554788743
0.9943437576293945,0.9886435331230284,0.28037215959921274
0.9943023920059204,0.9885647397802989,0.28062776371955117
0.9942386150360107,0.9885760546910137,0.28090892825192343
0.9941995143890381,0.988586321560169,0.28116453237226186
0.9941786527633667,0.9885975938229484,0.2814456969046341
0.9941338896751404,0.9885191496995246,0.28170130102497254
0.9940978288650513,0.9884408602150537,0.28195690514531097
0.9940633177757263,0.9883627249127205,0.28221250926564934
0.9940118193626404,0.9883741727776784,0.28249367379802165
0.9939631819725037,0.9882962565889395,0.28274927791836
0.9939168095588684,0.9881292395573009,0.2829793216266646
0.993883490562439,0.9881408827463218,0.2832604861590369
0.9938504695892334,0.9880634241938357,0.2835160902793753
0.9938068389892578,0.9880751090148616,0.28379725481174756
0.9937769174575806,0.98799786628734,0.284052858932086
0.9937458038330078,0.9879207744915179,0.2843084630524244
0.9937141537666321,0.9879325643300798,0.28458962758479667
0.9936668276786804,0.9878556865526106,0.2848452317051351
0.993638813495636,0.9878675168260715,0.28512639623750735
0.993602454662323,0.9878793240732548,0.2854075607698796
0.9935594797134399,0.9878016441262265,0.2856376044781842
0.9935063123703003,0.9877251854468386,0.28589320859852263
0.9934267997741699,0.9877370974856639,0.2861743731308949
0.9933763146400452,0.9877489864269346,0.28645553766326715
0.993317723274231,0.9877608523377652,0.2867367021956394
0.9932843446731567,0.9877726952850105,0.28701786672801166
0.9932205677032471,0.9877845153352667,0.2872990312603839
0.9931749701499939,0.9877085162423178,0.28755463538072235
0.9931174516677856,0.9876326638014209,0.28781023950106077
0.9930701851844788,0.9876445846477392,0.28809140403343303
0.9930342435836792,0.987656482535236,0.2883725685658053
0.9929613471031189,0.9875808990729403,0.2886281726861437
0.9929049611091614,0.9875928352992573,0.28890933721851597
0.9928597807884216,0.9875174581005587,0.2891649413388544
0.9928165674209595,0.9875294322839452,0.28944610587122666
0.9927830696105957,0.9874542603240982,0.2897017099915651
0.9927459359169006,0.9874662720863434,0.28998287452393734
0.9926667809486389,0.9874771719279938,0.29023847864427577
0.9926112294197083,0.9874891398783666,0.290519643176648
0.9925772547721863,0.9875010849752626,0.2908008077090203
0.9925206899642944,0.9875130072840791,0.29108197224139254
0.9924811124801636,0.9875249068699645,0.2913631367737648
0.9924370646476746,0.987536783797819,0.29164430130613705
0.9923719167709351,0.9874621703415478,0.2918999054264755
0.9922911524772644,0.9873876986869385,0.2921555095468139
0.9922278523445129,0.9873996720462588,0.29243667407918617
0.9921699166297913,0.9872391791688222,0.29266671778749076
0.9921097159385681,0.9871651305021966,0.29292232190782913
0.9920147657394409,0.9871772805507745,0.2932034864402014
0.9919419288635254,0.987017453357407,0.293433530148506
0.9918835163116455,0.9869438240852088,0.2936891342688444
0.9918509125709534,0.9867845190079808,0.293919177977149
0.9917933344841003,0.9867112482853223,0.29417478209748743
0.9917516112327576,0.9866381156316917,0.29443038621782586
0.9917052984237671,0.9866495507060333,0.2946859903381642
0.9916167855262756,0.9865766073871409,0.29494159445850265
0.9915369749069214,0.9865038011446143,0.2951971985788411
0.9914747476577759,0.9864311315924219,0.2954528026991795
0.9914210438728333,0.9864438571063177,0.29573396723155176
0.9913502931594849,0.9863713798977853,0.2959895713518902
0.9913184642791748,0.986384137520211,0.29627073588426245
0.9912482500076294,0.9863968712803944,0.2965519004166347
0.9912023544311523,0.9864095812452222,0.29683306494900696
0.9911455512046814,0.9864222674813307,0.2971142294813792
0.9910786747932434,0.9864349300551081,0.2973953940137515
0.9910225868225098,0.9864475690326953,0.29767655854612374
0.9909215569496155,0.9863755606329864,0.29793216266646216
0.9908856749534607,0.9863882313155224,0.2982133271988344
0.9908140301704407,0.9863164118591097,0.29846893131917285
0.9907399415969849,0.9862447257383966,0.2987245354395113
0.9906909465789795,0.9862574825056909,0.29900569997188353
0.9906410574913025,0.9861848201499452,0.2992357436801881
0.9905524253845215,0.9861976098299949,0.2995169082125604
0.9904885292053223,0.9861262927772639,0.2997725123328988
0.9904252886772156,0.9860551075268817,0.30002811645323724
0.9903443455696106,0.9860679815358792,0.3003092809856095
0.9902825355529785,0.9859969813852087,0.3005648851059479
0.9902340173721313,0.986009885230795,0.3008460496383202
0.9901830554008484,0.9859390693003013,0.3011016537586586
0.9900998473167419,0.9859520026758091,0.30138281829103086
0.9900503158569336,0.9859649122807017,0.3016639828234031
0.9899768233299255,0.9858108672064102,0.3018940265317077
0.9899117350578308,0.9857404936624417,0.3021496306520461
0.9898440837860107,0.9856702491043906,0.3024052347723845
0.9897559285163879,0.9856833694023639,0.30268639930475677
0.9896925091743469,0.9856133056133056,0.3029420034250952
0.9896203279495239,0.9856264539714191,0.30322316795746745
0.9895193576812744,0.9856395783182536,0.3035043324898397
0.9894607663154602,0.9856514887617152,0.30375993661017814
0.9893605709075928,0.9856645674511104,0.3040411011425504
0.9892697930335999,0.9856776223197284,0.30432226567492265
0.9892155528068542,0.9856079404466501,0.3045778697952611
0.9891452193260193,0.9855383852574168,0.3048334739155995
0.9890589118003845,0.9854689564068693,0.30508907803593793
0.9889910221099854,0.9853996535511013,0.30534468215627636
0.9889156818389893,0.9852480632932257,0.30557472586458095
0.9888368844985962,0.985014409221902,0.30577920916085166
0.9887667298316956,0.9849457058242843,0.3060348132811901
0.9886503219604492,0.9849593161831183,0.30631597781356235
0.9885537624359131,0.984972901954344,0.3065971423459346
0.9884181618690491,0.9849864632045287,0.30687830687830686
0.9882932305335999,0.9849180327868853,0.3071339109986453
0.9882098436355591,0.9849316190320203,0.30741507553101755
0.9881090521812439,0.984863361152021,0.30767067965135597
0.9880411624908447,0.9847952260279572,0.3079262837716944
0.9879544973373413,0.9848076451850036,0.3081818878920328
0.9879060983657837,0.9848212828464175,0.3084630524244051
0.9878690838813782,0.9848348960456583,0.30874421695677734
0.9878052473068237,0.9846855653307266,0.30897426066508193
0.9876713752746582,0.9845365019939774,0.3092043043733865
0.9876083731651306,0.9844690193527403,0.3094599084937249
0.9874851107597351,0.984482898692014,0.30974107302609716
0.9874415397644043,0.9844155844155844,0.3099966771464356
0.9873802661895752,0.9843483902359906,0.310252281266774
0.9872588515281677,0.9843623399773133,0.31053344579914627
0.9871477484703064,0.9842953128794625,0.3107890499194847
0.9870246648788452,0.9843092850210288,0.31107021445185695
0.9869541525840759,0.9843232323232324,0.3113513789842292
0.986855149269104,0.9843371548522526,0.31163254351660147
0.9867910146713257,0.984351052674034,0.3119137080489737
0.9866618514060974,0.9842843326885881,0.31216931216931215
0.9865939617156982,0.9842177308962075,0.3124249162896506
0.986524224281311,0.9840695148443157,0.31262939958592134
0.9864258766174316,0.9839228295819936,0.3128594432942259
0.9863469004631042,0.9839370331700265,0.31314060782659814
0.986232340335846,0.9838709677419355,0.31339621194693656
0.9861717820167542,0.98372484566664,0.31362625565524116
0.9861057996749878,0.9836590836270426,0.3138818597755796
0.9860126376152039,0.9835134053621448,0.3141119034838842
0.9859311580657959,0.9833679833679834,0.3143419471921887
0.9858381152153015,0.9832228169689222,0.3145719909004933
0.9857422113418579,0.9831577266922095,0.31482759502083174
0.9856999516487122,0.9831725017944015,0.315108759553204
0.9855377078056335,0.9830278884462151,0.3153388032615086
0.9854529500007629,0.9830427513732983,0.31561996779388085
0.985333263874054,0.9828985046134266,0.3158500115021854
0.9852368235588074,0.9828339823571486,0.3161056156225238
0.9851036667823792,0.9828489757027156,0.3163867801548961
0.9850353002548218,0.9828625833068867,0.3166423842752345
0.9849357604980469,0.9828775267538644,0.31692354880760676
0.9848651885986328,0.9825756375732615,0.3171024716918437
0.9847961664199829,0.9825908047796155,0.31738363622421595
0.984701931476593,0.9823687539531942,0.31758811952048666
0.9846383929252625,0.9822260842088633,0.31781816322879125
0.9845751523971558,0.9822415153906867,0.3180993277611635
0.9844037294387817,0.9822569198012775,0.31838049229353577
0.9843173027038574,0.9821147179325559,0.31861053600184036
0.9841724038124084,0.981894040777769,0.31881501929811107
0.9840838313102722,0.9819097058360862,0.3190961838304833
0.9839876890182495,0.9819253438113948,0.3193773483628556
0.9838225245475769,0.9818624371859297,0.319632952483194
0.9837221503257751,0.9818780889621087,0.31991411701556627
0.9835741519927979,0.9818937137482364,0.3201952815479385
0.9834442138671875,0.9819093116140654,0.32047644608031084
0.9833032488822937,0.9819248826291079,0.3207576106126831
0.9832231402397156,0.9818608287724785,0.32098765432098764
0.9830028414726257,0.9818764159050074,0.3212688188533599
0.9828605651855469,0.9816578207930066,0.32147330214963066
0.9826923608779907,0.9815955704593309,0.3217289062699691
0.9825555086135864,0.9815334268349696,0.3219845103903075
0.9823856949806213,0.9814713896457765,0.32224011451064594
0.9822711944580078,0.9814872433105165,0.3225212790430182
0.9821547269821167,0.9813476334809978,0.32275132275132273
0.98208087682724,0.9812859139617953,0.32300692687166116
0.9819338917732239,0.9812242997905191,0.3232625309919996
0.9818691611289978,0.9811627906976744,0.323518135112338
0.9817304611206055,0.9811788397490512,0.32379929964471027
0.9816101789474487,0.9810400866738895,0.32402934335301486
0.9814422726631165,0.9810562127889894,0.3243105078853871
0.9813186526298523,0.9809950556242274,0.32456611200572555
0.9812259674072266,0.9810111925897337,0.3248472765380978
0.98093581199646,0.9810273021749191,0.32512844107047006
0.980824887752533,0.9809648581997534,0.32535848477877466
0.9806879758834839,0.980980980980981,0.3256396493111469
0.9804837107658386,0.9809970764733036,0.3259208138435192
0.980342447757721,0.9809362748866169,0.3261764179638576
0.9802022576332092,0.9807219662058372,0.3263809012601283
0.9800982475280762,0.9807382395825339,0.32666206579250057
0.9799349904060364,0.9807544855083576,0.3269432303248728
0.9797476530075073,0.9806940933118823,0.32719883444521125
0.979580819606781,0.9805572565829761,0.32742887815351585
0.9794792532920837,0.9804971319311664,0.32768448227385427
0.9792694449424744,0.9804371083600795,0.3279400863941927
0.9791973233222961,0.980453538978392,0.32822125092656496
0.9791087508201599,0.9803936527311565,0.3284768550469034
0.9789840579032898,0.9804100922326396,0.32875801957927564
0.978756844997406,0.9804265041888804,0.3290391841116479
0.9786362051963806,0.980442888669051,0.32932034864402016
0.9785546660423279,0.9804592457420924,0.3296015131763924
0.978442907333374,0.9803221394924784,0.3298059964726631
0.9783324599266052,0.9802626584680787,0.33006160059300155
0.9781838059425354,0.980127427184466,0.33029164430130614
0.9780884385108948,0.9799166350890489,0.33049612759757685
0.977977991104126,0.9799333636225958,0.3307772921299491
0.9777393937110901,0.9799500643111144,0.3310584566623214
0.9776239395141602,0.9798155427880254,0.33128850037062596
0.9774333834648132,0.9797567792129315,0.3315441044909644
0.9773173332214355,0.979622641509434,0.331774148199269
0.977101743221283,0.9796395445290702,0.33205531273164124
0.9769376516342163,0.9795810729355033,0.33231091685197967
0.9767196178436279,0.9793721297899571,0.3325154001482504
0.9766449928283691,0.9793891981344968,0.33279656468062263
0.9765143394470215,0.9792559188275085,0.3330266083889272
0.9763813614845276,0.979197957344548,0.33328221250926565
0.9762611389160156,0.9791400915434831,0.3335378166296041
0.9761369824409485,0.9789323736692158,0.3337422999258748
0.9760110378265381,0.9788732394366197,0.3339723436341794
0.9758696556091309,0.9788157796242234,0.3342279477545178
0.9756754636764526,0.9786836200448766,0.3344579914628224
0.9755024313926697,0.9786264105821687,0.33471359558316083
0.9753986597061157,0.9785692951015532,0.3349691997034992
0.9752038717269897,0.9785122733716333,0.3352248038238376
0.9749660491943359,0.9785298941404503,0.3355059683562099
0.9748645424842834,0.9783240223463687,0.33571045165248065
0.974607527256012,0.9783417683834474,0.3359916161848529
0.9743923544883728,0.9782851193574775,0.33624722030519133
0.9741950035095215,0.9782285629365434,0.33650282442552976
0.9740580916404724,0.9780236097705843,0.33670730772180046
0.9739006161689758,0.9778189910979228,0.3369117910180712
0.9737398624420166,0.9776888295900971,0.33714183472637577
0.9735348224639893,0.9772626277588505,0.337269636786545
0.9732829332351685,0.9772071338710872,0.3375252409068834
0.9731574058532715,0.9770777876367939,0.337755284615188
0.9729785919189453,0.9768730604403724,0.3379342074994249
0.9728088974952698,0.9768180140273164,0.3381898116197633
0.9725996851921082,0.9767630569489525,0.33844541574010173
0.9723842144012451,0.9767818972506818,0.338726580272474
0.9722048044204712,0.976727058476948,0.3389821843928124
0.9721563458442688,0.9767458974170284,0.33926334892518467
0.9719209671020508,0.9765441176470588,0.33946783222145543
0.971811056137085,0.9765630739842774,0.3397489967538277
0.9717310070991516,0.9762149464102188,0.33990235922603074
0.971535325050354,0.9762341377539793,0.340183523758403
0.9713897109031677,0.9761800058633832,0.3404391278787414
0.9712166786193848,0.9761259611863786,0.34069473199907985
0.9710609316825867,0.9761451778135519,0.3409758965314521
0.9709573984146118,0.976018132631425,0.34120594023975664
0.9707286357879639,0.9759643483343075,0.34146154436009507
0.970610499382019,0.9759106504124389,0.3417171484804335
0.9704575538635254,0.97563822027717,0.3418960713646704
0.9703097343444824,0.9754373177842566,0.3420749942489073
0.9701813459396362,0.9752385113975676,0.342279477545178
0.9699187278747559,0.9751127928976859,0.3425095212534826
0.9696745276451111,0.9751326983203664,0.34279068578585487
0.9694275856018066,0.9750072653298459,0.34302072949415946
0.9691686034202576,0.9749546279491833,0.3432763336144979
0.9689072370529175,0.974829537211664,0.3435063773228024
0.9687802195549011,0.974777125462057,0.34376198144314085
0.96864253282547,0.9747972190034763,0.3440431459755131
0.9684520959854126,0.9746001881467544,0.3442476292717839
0.9682692289352417,0.9745480838756326,0.3445032333921223
0.9680529832839966,0.9745683115381837,0.34478439792449456
0.967898428440094,0.9745163153335259,0.345040002044833
0.9676143527030945,0.9745365361032965,0.34532116657720524
0.9674801230430603,0.9744846475421652,0.34557677069754367
0.9672402739524841,0.9744328411955347,0.34583237481788204
0.9669111371040344,0.9744530800230282,0.34611353935025435
0.966846764087677,0.974399539767007,0.3463435830585589
0.9666827321052551,0.974347919810304,0.3465991871788973
0.9664715528488159,0.9743681792073521,0.3468803517112696
0.9660364985466003,0.9743166654709807,0.347135955831608
0.9659283757209778,0.9741218637992831,0.34734043912787876
0.9657532572746277,0.9739273690996347,0.34754492242414947
0.9655670523643494,0.9738763240767249,0.3478005265444879
0.9654161334037781,0.9738253593649432,0.3480561306648263
0.9651884436607361,0.9737030155781049,0.3482861743731309
0.965000569820404,0.973580863977151,0.34851621808143546
0.9648715853691101,0.9733162100456622,0.3486951409656724
0.9645887613296509,0.9733371355243459,0.34897630549804465
0.9643653035163879,0.9732155577717624,0.3492063492063492
0.964039146900177,0.9731653498469642,0.3494619533266876
0.9638277292251587,0.9731152204836415,0.34971755744702604
0.9634672999382019,0.9730651694975482,0.34997316156736447
0.9632889032363892,0.9729441840647636,0.35020320527566906
0.9631616473197937,0.9728214589838206,0.35040768857193977
0.9629896879196167,0.9727717506913423,0.3506632926922782
0.9627255797386169,0.9727221198809692,0.3509188968126166
0.9624649882316589,0.9727433628318584,0.3512000613449889
0.9622094035148621,0.972693831352575,0.3514556654653273
0.9619371891021729,0.9725736905350958,0.3516857091736319
0.9616215229034424,0.9724537364034468,0.35191575288193644
0.9611865878105164,0.9724045451337426,0.35217135700227487
0.9609876275062561,0.9722849083215797,0.35240140071057946
0.9606598019599915,0.9722359241772954,0.3526570048309179
0.9604530930519104,0.9720461906773694,0.3528614881271886
0.9602727890014648,0.9719974671075776,0.353117092247527
0.9600378274917603,0.9718082114735658,0.3533215755437978
0.959844708442688,0.971689497716895,0.3535516192521023
0.959635853767395,0.9715007721465675,0.3537561025483731
0.9594525694847107,0.9713824787823525,0.3539861462566777
0.9590245485305786,0.9713344547238576,0.35424175037701605
0.9586859941482544,0.9712144558061353,0.3544462336732868
0.9584749341011047,0.9711666316747148,0.35470183779362524
0.958227813243866,0.9711188811188811,0.35495744191396367
0.9579599499702454,0.971071203968975,0.3552130460343021
0.9576624631881714,0.9710236000558581,0.3554686501546405
0.9574252963066101,0.9710458382753088,0.3557498146870128
0.9570768475532532,0.9710680423870608,0.35603097921938504
0.9568081498146057,0.9710205503308952,0.35628658333972346
0.9562995433807373,0.9708339134066546,0.35649106663599417
0.955984354019165,0.9708562286986159,0.3567722311683664
0.9558399319648743,0.9708785098693355,0.3570533957007387
0.9554779529571533,0.9709007569970137,0.35733456023311094
0.9553547501564026,0.970853573907009,0.35759016435344937
0.954865038394928,0.9708758061160807,0.3578713288858216
0.9545840620994568,0.970690133037694,0.3580758121820924
0.9543830752372742,0.9707124558609707,0.35835697671446465
0.9539257287979126,0.9704580047045801,0.3585358995987015
0.953657865524292,0.9704784292035398,0.35879150371903995
0.9533795118331909,0.970293609671848,0.3589959870153107
0.9531475901603699,0.9701090708270054,0.3592004703115814
0.9529414176940918,0.9701317513968407,0.3594816348439537
0.9526422023773193,0.9698786876206231,0.35966055772819056
0.9524111747741699,0.9697637578345616,0.35989060143649515
0.9521676898002625,0.9695801789401238,0.3600950847327659
0.9518383145332336,0.9695344199160993,0.36035068885310434
0.9516372084617615,0.9693512919186366,0.36055517214937505
0.9512538313865662,0.9692371077387901,0.36078521585767964
0.9506524801254272,0.968917249897077,0.3609385783298827
0.9503487944602966,0.9688035653068221,0.3611686220381873
0.9500235319137573,0.96869005206906,0.3613986657464918
0.9497048258781433,0.9685767097966729,0.3616287094547964
0.9494468569755554,0.9684635381037078,0.361858753163101
0.9491134285926819,0.9683505366053728,0.36208879687140555
0.9487414956092834,0.9681693989071039,0.3622932801676763
0.9482756853103638,0.9680546075085324,0.362497763463947
0.9479917287826538,0.9680785758133824,0.3627789279963193
0.9477438926696777,0.9680343511450382,0.3630345321166577
0.9474103450775146,0.9678539807941157,0.36323901541292847
0.9470037817955017,0.967741935483871,0.363469059121233
0.9466907978057861,0.967698061883713,0.36372466324157143
0.9462560415267944,0.9674503941288394,0.36390358612580836
0.9460784792900085,0.9674747063217221,0.3641847506581806
0.9456027150154114,0.9673632785995386,0.36441479436648516
0.9453287124633789,0.9672520170859041,0.36464483807478976
0.9449371695518494,0.9670731707317073,0.3648493213710605
0.9444014430046082,0.9669622909755602,0.36507936507936506
0.9441931843757629,0.9668515762413746,0.36530940878766965
0.9439054727554321,0.9666058270803759,0.36548833167190653
0.9434906244277954,0.9663604431234801,0.36566725455614346
0.9431475400924683,0.9661154235572056,0.36584617744038034
0.9427738785743713,0.9657358694185889,0.36597397950054955
0.9425264596939087,0.9656915610676732,0.36620402320885415
0.9420997500419617,0.9655149188388227,0.36640850650512485
0.941830575466156,0.9652039305424687,0.3665618689773279
0.941571056842804,0.9649606563992199,0.36674079186156483
0.9410783648490906,0.9647849462365592,0.36694527515783554
0.9408079981803894,0.9646766503257,0.36717531886614013
0.9405388832092285,0.9645014092068179,0.36737980216241084
0.9402761459350586,0.9644605377858244,0.36763540628274927
0.9398061037063599,0.9644197266148485,0.3678910104030877
0.939354419708252,0.9642450619350519,0.36809549369935846
0.9389728903770447,0.9641375618894688,0.368325537407663
0.9386082887649536,0.9640302199638965,0.3685555811159676
0.938123345375061,0.9638562266167825,0.3687600644122383
0.9377825260162354,0.9636157286868282,0.36893898729647523
0.9373810291290283,0.9635090060040027,0.3691690310047798
0.937002420425415,0.9633357776148257,0.36937351430105053
0.936765730381012,0.9631628030908607,0.3695779975973213
0.9361218214035034,0.9629210491279456,0.36973136006952434
0.935657799243927,0.9629481806691944,0.3700125246018966
0.9354348182678223,0.9627758574847115,0.3702170078981673
0.9350998997688293,0.9625373630023248,0.37039593078240424
0.9347977638244629,0.9622992167795035,0.3705748536666411
0.9345669150352478,0.9621277442462028,0.3707793369629118
0.9343299865722656,0.961890243902439,0.37095825984714875
0.9338983297348022,0.9619180078150871,0.371239424379521
0.933591902256012,0.9617471872931833,0.3714439076757917
0.9332318305969238,0.9615766153032207,0.3716483909720625
0.9327360391616821,0.96147237642083,0.371878434680367
0.9322209358215332,0.9615003632041207,0.37215959921273933
0.9319743514060974,0.9613963310017157,0.3723896429210439
0.9312617182731628,0.9613583910319815,0.3726452470413823
0.9309781193733215,0.9610569319978914,0.37279860951358534
0.9306742548942566,0.9608876012379008,0.3730030928098561
0.9301813840866089,0.9609159099881563,0.37328425734222836
0.9298306703567505,0.9608758548132562,0.37351430105053296
0.929417073726654,0.9605098889545962,0.3736421031107021
0.9291313886642456,0.9603414313854235,0.3738465864069729
0.9286673665046692,0.9603700544583689,0.37412775093934514
0.9283135533332825,0.9602675059008655,0.37435779464764973
0.9278793334960938,0.9600340693179584,0.3745367175318866
0.9273291230201721,0.9596700274977086,0.3746645195920558
0.9267523288726807,0.9596990513575401,0.3749456841244281
0.9263266921043396,0.9596626569037657,0.3752012882447665
0.9258514046669006,0.9592996668191024,0.3753290903049357
0.9255417585372925,0.9591330460895678,0.3755335736012064
0.9252296686172485,0.9590319003196556,0.375763617309511
0.9246821999549866,0.9589308996088657,0.3759936610178156
0.9243711233139038,0.9589603283173734,0.3762748255501879
0.9239239692687988,0.9587293321182138,0.37645374843442475
0.9234920144081116,0.958563715605282,0.3766582317306955
0.9231120347976685,0.9585283411336454,0.37691383585103394
0.9226824641227722,0.9584253605300767,0.37711831914730465
0.9222765564918518,0.9582603050957481,0.3773228024435754
0.9220537543296814,0.958030617540218,0.3775017253278123
0.9216845631599426,0.9578012575354897,0.37768064821204916
0.9211739301681519,0.9575074491514445,0.3778340106842522
0.920886754989624,0.9574729755971261,0.37808961480459063
0.9206489324569702,0.9572445019404916,0.37826853768882757
0.9199541211128235,0.9570163531769117,0.37844746057306444
0.9196755290031433,0.9568531197519701,0.37865194386933515
0.9191771149635315,0.9564319370038081,0.37875418551747053
0.9187964797019958,0.9562048503611971,0.3789331084017074
0.9183317422866821,0.9559136319690622,0.3790864708739105
0.9179596304893494,0.9558160504959423,0.37931651458221505
0.917708694934845,0.9557186071957263,0.37954655829051964
0.9172375798225403,0.9556213017751479,0.37977660199882424
0.9169521927833557,0.9553955909762838,0.3799555248830611
0.9165738821029663,0.9549775208734747,0.3800577665311965
0.9162846803665161,0.9546213093709884,0.3801600081793319
0.9157646298408508,0.9545891860688859,0.38041561229967025
0.9153454899787903,0.9544289193693116,0.380620095595941
0.9148792028427124,0.9544610260680202,0.38090126012831327
0.9145593047142029,0.9541730670762929,0.3810546226005163
0.9140537977218628,0.9540134314039015,0.3812591058967871
0.9133419394493103,0.9537261919979547,0.3814124683689901
0.9127905368804932,0.9535032253943923,0.381591391253227
0.912340521812439,0.9533443962215982,0.38179587454949776
0.9116777777671814,0.9531220103322916,0.38197479743373464
0.9111568331718445,0.952899936265137,0.3821537203179715
0.9106711149215698,0.952805553786383,0.3823837640262761
0.9103471040725708,0.9526476578411406,0.3825882473225468
0.9099041223526001,0.9526171850155822,0.38284385144288524
0.9089763164520264,0.9523325282826999,0.3829972139150883
0.9087597727775574,0.9522388059701492,0.3832272576233929
0.9083278775215149,0.9521421770866392,0.38343174091966364
0.9078301191329956,0.9517315742737537,0.38353398256779897
0.9073843955993652,0.9515116942384484,0.3837129054520359
0.9070483446121216,0.9512921205979225,0.3838918283362728
0.906609833240509,0.9511361478574594,0.38409631163254354
0.9063608646392822,0.9507906388361796,0.38422411369271275
0.9059283137321472,0.9505088173946021,0.3843774761649158
0.9054673314094543,0.9504800404244568,0.3846330802852542
0.904948353767395,0.9503250646973427,0.38483756358152493
0.9043222665786743,0.950170304024221,0.3850420468777957
0.904037594795227,0.949952726126694,0.3852209697620326
0.9036434292793274,0.949798437893676,0.3854254530583033
0.9033315777778625,0.9497073078617738,0.3856554967666079
0.9028469324111938,0.9494905019499308,0.38583441965084475
0.9022780656814575,0.949211138349362,0.38598778212304785
0.9017466306686401,0.9489949748743719,0.3861667050072847
0.9013662338256836,0.9488418806101312,0.38637118830355544
0.9008445143699646,0.9484975848441126,0.3864734299516908
0.9003600478172302,0.9480942828485457,0.3865756715998262
0.8999470472335815,0.9478794712773289,0.3867545944840631
0.8991769552230835,0.9477275572805809,0.38695907778033384
0.8987423777580261,0.9476384110103222,0.3871891214886384
0.8982544541358948,0.9475493873468367,0.38741916519694297
0.8977592587471008,0.9473355407009434,0.38759808808117985
0.8971663117408752,0.9473092770633038,0.3878536922015183
0.8968110084533691,0.9471582756254289,0.38805817549778904
0.8962820172309875,0.9470698254364089,0.3882882192060936
0.8957299590110779,0.9467322908230017,0.3884160212662628
0.8953130841255188,0.9465819947702652,0.38862050456253355
0.894769012928009,0.9463696882971443,0.38879942744677043
0.894314169883728,0.9461576722208406,0.38897835033100736
0.8938196301460266,0.9460702081391736,0.3892083940393119
0.8934941291809082,0.9459207748665094,0.38941287733558266
0.8930795788764954,0.9456474529999379,0.3895662398077857
0.8926677107810974,0.9456191480126496,0.3897962835160903
0.8922198414802551,0.9455322840500682,0.39002632722439484
0.8919516205787659,0.9453836150845254,0.3902308105206656
0.8911420702934265,0.9451732673267327,0.3904097334049025
0.8904646635055542,0.944963205738668,0.39058865628913936
0.890077531337738,0.9448152267952046,0.3907931395854101
0.8895363807678223,0.944482183659606,0.39092094164557933
0.8891825675964355,0.9442730190076525,0.3910998645298162
0.8888902068138123,0.9443108233117484,0.39138102906218847
0.888472318649292,0.9439787994576605,0.3915088311223577
0.8878924250602722,0.9437088132044097,0.3916621935945607
0.8874166011810303,0.9432545544066963,0.3917388748306623
0.886810839176178,0.9431084322529061,0.391943358126933
0.8864448666572571,0.942901044867855,0.3921222810111699
0.886069118976593,0.9426325164301947,0.39227564348337296
0.8855722546577454,0.9423643506015222,0.392429005955576
0.8850855231285095,0.9422805618597804,0.3926590496638806
0.8847519159317017,0.9421933427327898,0.3928635329601513
0.8841822147369385,0.9420485175202157,0.39306801625642207
0.8837010264396667,0.9419038873584328,0.3932724995526928
0.883113443851471,0.9416370977609201,0.3934258620248958
0.8828999400138855,0.9414929388029589,0.3936303453211666
0.8824064135551453,0.9413489736070382,0.3938348286174373
0.8817932605743408,0.9412052017827707,0.39403931191370806
0.8812122344970703,0.9409395973154362,0.3941926743859111
0.8807300925254822,0.9406743491250533,0.39434603685811415
0.8797401189804077,0.9404094564952474,0.3944993993303172
0.8791388869285583,0.940144918711563,0.39465276180252024
0.8785414695739746,0.939880735061458,0.39480612427472334
0.8781012892723083,0.939799331103679,0.3950361679830279
0.8775877952575684,0.9394749635391346,0.3951639700431971
0.877076268196106,0.9392724843626648,0.39534289292743396
0.8766822814941406,0.9390702755188737,0.3955218158116709
0.8761935830116272,0.9388683364667354,0.39570073869590777
0.8756725192070007,0.9387841687374993,0.39590522199217854
0.8752772212028503,0.9387038158691702,0.3961352657004831
0.8744391798973083,0.938563040978149,0.39633974899675384
0.873704195022583,0.9384829421727559,0.39656979270505843
0.873417317867279,0.9381611557758569,0.3966975947652276
0.8727009892463684,0.9379002053884258,0.3968509572374307
0.8721519112586975,0.9378207063084817,0.39708100094573523
0.8716733455657959,0.9375,0.39720880300590444
0.8712881207466125,0.9371797190570929,0.39733660506607366
0.8706288933753967,0.9368598626340523,0.39746440712624287
0.8701837658882141,0.9366006382082004,0.3976177695984459
0.8696407079696655,0.9363417569193743,0.39777113207064896
0.868852972984314,0.9362034754374361,0.3979756153669197
0.868353545665741,0.9358851099627449,0.39810341742708893
0.867747962474823,0.9358674112772474,0.39835902154742736
0.8670650124549866,0.9358497359577532,0.3986146256677658
0.8665698766708374,0.935712143928036,0.3988191089640365
0.8659437298774719,0.9353910698231945,0.3989213506121719
0.8655396103858948,0.9351940584571155,0.39910027349640875
0.8647065162658691,0.9349973065182259,0.39927919638064563
0.8640326857566833,0.9349204450293097,0.3995092400889502
0.8636357188224792,0.9347241317472652,0.39968816297318716
0.8630148768424988,0.934468339307049,0.3998415254453902
0.8622021675109863,0.9343322786699302,0.4000460087416609
0.8613908290863037,0.934136737859444,0.4002249316258978
0.8607330322265625,0.9339414535265009,0.4004038545101347
0.8601694107055664,0.933686844613918,0.40055721698233776
0.8597549796104431,0.9335516522774635,0.40076170027860847
0.8593480587005615,0.9332381292395573,0.4008895023387777
0.8589134812355042,0.9329844799904858,0.4010428648109807
0.8583653569221497,0.9327311623484669,0.4011962272831838
0.8579956293106079,0.932478175663638,0.40134958975538687
0.8575125336647034,0.9323442136498516,0.4015540730516576
0.8569507002830505,0.9320325010378981,0.4016818751118268
0.8562330603599548,0.9317764210775887,0.401809677171996
0.8556475639343262,0.931702404928326,0.4020397208803006
0.8551697134971619,0.9314508968211686,0.40219308335250364
0.8547525405883789,0.9313771888310459,0.40242312706080824
0.85392165184021,0.9311262193319539,0.4025764895330113
0.8532617092132568,0.9309346567411083,0.40275541241724816
0.8529709577560425,0.9305071736435024,0.4028320936533497
0.8525129556655884,0.9303162615057824,0.4030110165375866
0.8521092534065247,0.9300666312872221,0.40316437900978963
0.8517537713050842,0.9299351797289334,0.4033688623060604
0.8509887456893921,0.9296861197809316,0.40352222477826344
0.850602924823761,0.9292608286252354,0.40359890601436493
0.8502939343452454,0.9288360877492208,0.4036755872504665
0.8499326109886169,0.9286469965910427,0.40385451013470336
0.8494601845741272,0.9283994126284875,0.4040078726069064
0.8490431308746338,0.9281521483916413,0.40416123507910945
0.8484576344490051,0.927905203261571,0.40431459755131255
0.8480974435806274,0.9275957085067714,0.4044168391994479
0.8469943404197693,0.9273494258261074,0.4045702016716509
0.8464853763580322,0.9271034603899526,0.404723564143854
0.8458444476127625,0.9269163253364541,0.4049024870280909
0.8453021049499512,0.9266709549149172,0.40505584950029394
0.844666600227356,0.9266012155212716,0.40528589320859854
0.8440937399864197,0.9265315657303043,0.4055159369169031
0.8433713316917419,0.9261701879304307,0.40561817856503846
0.8428424596786499,0.9259259259259259,0.4057715410372415
0.8419708013534546,0.9254488225693634,0.4058226618613092
0.8414742350578308,0.925030581930448,0.4058993430974107
0.8409155011177063,0.9247875189195482,0.40605270556961376
0.8401874303817749,0.9246611204840305,0.4062571888658845
0.8396628499031067,0.9243604651162791,0.40638499092605374
0.8391478657722473,0.9241763988147115,0.4065639138102906
0.8386552333831787,0.9239925676460341,0.40674283669452754
0.8378942012786865,0.9238089711599837,0.4069217595787644
0.8373181819915771,0.9234471959635794,0.4069984408148659
0.836520791053772,0.923322128202156,0.4072029241111367
0.8361110687255859,0.9231972198088618,0.4074074074074074
0.8358020186424255,0.9229567029404955,0.4075607698796105
0.8351197838783264,0.9227743390987447,0.40773969276384736
0.8347160816192627,0.9224187767371951,0.40784193441198274
0.8339356780052185,0.9221792131261194,0.4079952968841858
0.8331597447395325,0.9220554272517321,0.4081997801804565
0.8327037692070007,0.9218163983613179,0.40835314265265954
0.832292914390564,0.9215200092261562,0.40848094471282875
0.8315656185150146,0.9212239958508616,0.40860874677299797
0.8310859203338623,0.920985947938263,0.408762109245201
0.8306254744529724,0.9208057553956834,0.40894103212943794
0.8300408720970154,0.920510755780513,0.40906883418960716
0.8292334675788879,0.9201011668678508,0.40914551542570865
0.8285229802131653,0.9197495404411765,0.40924775707384403
0.8278630375862122,0.919513175268385,0.4094011195460471
0.8275582790374756,0.9193298525446095,0.4095544820182501
0.8271262049674988,0.9190366972477064,0.40968228407841933
0.8264773488044739,0.9188585181364964,0.4098612069626562
0.826073408126831,0.918795097926927,0.4100912506709608
0.8257237076759338,0.9185600640988955,0.41024461314316385
0.8249711990356445,0.9184397163120568,0.4104490964394346
0.8244160413742065,0.9181480422977993,0.4105768984996038
0.8239239454269409,0.9177424882897293,0.4106535797357053
0.823413074016571,0.917451618427813,0.41078138179587453
0.8229328393936157,0.9172181652213601,0.4109347442680776
0.8222598433494568,0.917099036433092,0.41113922756434834
0.8215447068214417,0.917094017094017,0.41139483168468677
0.8213006258010864,0.9169181709469848,0.41157375456892364
0.8205837607383728,0.9165718188026406,0.411675996217059
0.8200501799583435,0.91628277313314,0.41180379827722824
0.819546639919281,0.9161077640104581,0.4119827211614651
0.8191887736320496,0.9158193694973019,0.41211052322163433
0.8188512921333313,0.9155265398807835,0.4122127648697697
0.8182812929153442,0.9152388516963577,0.4123405669299389
0.8177511096000671,0.9152350172931905,0.41259617105027735
0.8169578313827515,0.915061196736174,0.4127750939345142
0.8165308237075806,0.9147743360326179,0.41290289599468344
0.8160677552223206,0.9144878324844369,0.41303069805485265
0.8154825568199158,0.9142016854250326,0.41315850011502187
0.8149406909942627,0.9140289396337328,0.41333742299925874
0.8146215677261353,0.9139693837202734,0.41356746670756334
0.8136590719223022,0.9137405442023259,0.4137208291797664
0.8131501078605652,0.9133991537376587,0.41382307082790176
0.8125320672988892,0.9132837167343256,0.41402755412417247
0.8121315240859985,0.9131684228320279,0.41423203742044323
0.8111460208892822,0.9129969591170177,0.4144109603046801
0.8105038404464722,0.9126568743317013,0.4145132019528155
0.8099721074104309,0.9123172103487064,0.4146154436009509
0.8091854453086853,0.912090382777809,0.4147688060731539
0.8086276054382324,0.9118588843323409,0.41489660813332313
0.8083125948905945,0.9116887491578711,0.41507553101756
0.8076756596565247,0.9115188239914717,0.4152544539017969
0.8072728514671326,0.9112930357743636,0.4154078163739999
0.8068119883537292,0.911179602129448,0.4156122996702707
0.8064361810684204,0.9108982974910395,0.4157401017304399
0.8058868646621704,0.9104494319135837,0.41579122255450757
0.8052130341529846,0.9102248573665959,0.4159445850267106
0.8043954372406006,0.9099446587288278,0.4160723870868798
0.8036479949951172,0.9094972067039107,0.41612350791094754
0.8028572797775269,0.9092177991178605,0.41625130997111676
0.8018608689308167,0.9090503292043298,0.41643023285535363
0.8009434938430786,0.9087157753861596,0.416532474503489
0.8002275824546814,0.9084373606776639,0.4166602765636582
0.7996571063995361,0.9081035923141186,0.41676251821179355
0.7989836931228638,0.9078815540465324,0.41691588068399665
0.7986374497413635,0.9074929076041609,0.41699256192009815
0.7983815670013428,0.907210763329071,0.41709480356823353
0.797706127166748,0.9069341037893099,0.41722260562840274
0.7967463135719299,0.9068243655949803,0.41742708892467345
0.7962227463722229,0.9066592674805771,0.4176060118089104
0.7957326769828796,0.906438910764794,0.4177593742811134
0.794826090335846,0.9061633965192329,0.41788717634128264
0.7944321632385254,0.9057774331136099,0.41796385757738413
0.7938020825386047,0.9055026572187777,0.41809165963755335
0.7931191325187683,0.9051728907330567,0.41819390128568873
0.7922574281692505,0.9049541081499503,0.4183472637578918
0.7916914820671082,0.904569818201912,0.4184239449939933
0.7908735871315002,0.9044068919814446,0.4186028678782302
0.7902335524559021,0.9041337822175617,0.4187306699383994
0.7896943688392639,0.9038610038610039,0.4188584719985686
0.7890732288360596,0.9036988038145637,0.4190373948828055
0.7883872389793396,0.9035918907007492,0.41924187817907627
0.7877422571182251,0.9031547651819634,0.41929299900314393
0.7872712016105652,0.903042975843284,0.4194719218873808
0.7867771983146667,0.9026066871975363,0.4195230427114485
0.7862427830696106,0.9023907666941468,0.41967640518365157
0.7854704856872559,0.902175107107547,0.4198297676558546
0.7848297357559204,0.9020694955261569,0.4200342509521253
0.7842655777931213,0.901854290103138,0.4201876134243284
0.7835511565208435,0.9014748615603926,0.4202642946604299
0.7830290794372559,0.9013698630136986,0.4204687779567007
0.7825348973274231,0.9010459449099173,0.420571019604836
0.782198429107666,0.9007771453590193,0.4206988216650052
0.7818237543106079,0.9005633648744735,0.4208521841372083
0.7815030217170715,0.9002405160161802,0.42095442578534364
0.7809450030326843,0.8998634252936356,0.4210311070214452
0.7805588245391846,0.8995959816553832,0.4211589090816144
0.7796338796615601,0.8992742947563703,0.4212611507297498
0.7790549397468567,0.8990620569309631,0.42141451320195283
0.7785452604293823,0.8990135702218105,0.4216445569102574
0.7779201865196228,0.8987417615338527,0.42174679855839275
0.777337908744812,0.8985846488840501,0.42192572144262963
0.776764988899231,0.8983189162722376,0.42205352350279884
0.7763602137565613,0.8979447585906916,0.4221302047389004
0.7755208611488342,0.8975167092321904,0.42218132556296806
0.7750915884971619,0.8973607038123167,0.422360248447205
0.7745535969734192,0.8971506105834464,0.42251361091940803
0.7738997340202332,0.8968865263614667,0.42264141297957725
0.7732958197593689,0.8966227570878733,0.42276921503974646
0.7729171514511108,0.8963593021995883,0.4228970170999157
0.7720116972923279,0.8960961611348747,0.4230248191600849
0.7712734937667847,0.8958333333333334,0.42315262122025404
0.7707639336585999,0.8956248985993186,0.42330598369245714
0.7703210115432739,0.8954707599178467,0.423484906576694
0.7695185542106628,0.895154756117323,0.4235871482248294
0.7688695192337036,0.894839127618225,0.42368938987296473
0.768406331539154,0.894469921769625,0.4237660711090663
0.7679590582847595,0.8941493664060394,0.42384275234516783
0.7674838304519653,0.8938887691312782,0.42397055440533704
0.7665585279464722,0.8936284806376905,0.4240983564655062
0.7659980058670044,0.8933685003767897,0.4242261585256754
0.7655012607574463,0.8931626230566464,0.4243795209978785
0.7648528814315796,0.8927419354838709,0.4244306418219462
0.764156699180603,0.8925904035247971,0.42460956470618305
0.7636417150497437,0.8923853506605091,0.4247629271783861
0.7631887793540955,0.8921268716792787,0.4248907292385553
0.7627654075622559,0.8917614245869985,0.42496741047465686
0.7622201442718506,0.8915036183328866,0.4250952125348261
0.7617977261543274,0.8912461159327119,0.4252230145949953
0.7610093951225281,0.8908818332708679,0.4252996958310968
0.7605376243591309,0.8906785102739726,0.4254530583032998
0.7601262927055359,0.8904754264933954,0.4256064207755029
0.7593764662742615,0.8903260288615713,0.4257853436597398
0.7590791583061218,0.8901233908445062,0.42593870613194285
0.758662223815918,0.8899151139821686,0.42606650819211206
0.7581661343574524,0.8897129441895208,0.4262198706643151
0.7577914595603943,0.8894043619687516,0.4263221123124505
0.7572134733200073,0.8889895544659987,0.42637323313651815
0.756546139717102,0.8887350199733688,0.42650103519668736
0.7561029195785522,0.8884807835622271,0.4266288372568566
0.7555333375930786,0.8882268447092622,0.4267566393170258
0.75504070520401,0.8878668651637601,0.42683332055312734
0.7545742988586426,0.8875604442318933,0.42693556220126266
0.7542194128036499,0.8872012745618694,0.4270122434373642
0.753574550151825,0.8870548272384693,0.4271911663216011
0.7531906366348267,0.8866963717377466,0.42726784755770264
0.7524861097335815,0.886391348141865,0.427370089205838
0.7518339157104492,0.8860866800890114,0.42747233085397335
0.7510705590248108,0.8857823669579031,0.42757457250210873
0.7505828738212585,0.8853725656223539,0.4276256933261764
0.7500868439674377,0.8850100497196657,0.4276768141502441
0.7494791150093079,0.8847597399164773,0.4278046162104133
0.7484186887741089,0.8844568892645815,0.4279068578585487
0.7478670477867126,0.884312793706109,0.4280857807427856
0.747202455997467,0.8841688654353562,0.42826470362702246
0.7467710971832275,0.884025104161173,0.42844362651125933
0.7462405562400818,0.8837233818258486,0.4285458681593947
0.7456923723220825,0.8834746878786283,0.42867367021956393
0.7452600002288818,0.8831209855743919,0.4287503514556655
0.744591474533081,0.882767692712444,0.428827032691767
0.7439614534378052,0.8825725704669751,0.42898039516397
0.7427762746810913,0.882482787617596,0.4291848784602408
0.7422113418579102,0.882340581993907,0.42936380134447766
0.7416728734970093,0.8820410520237283,0.42946604299261304
0.7408508658409119,0.8816894018887723,0.4295427242287146
0.7402855157852173,0.8814430286822925,0.4296705262888838
0.7397588491439819,0.8810397232994445,0.42972164711295147
0.7392012476921082,0.8808401424680494,0.4298494491731207
0.7388445138931274,0.8804899753965346,0.4299261304092222
0.7384577393531799,0.8802971643821282,0.4300794928814253
0.7377306222915649,0.88,0.4301817345295606
0.7374337315559387,0.8796509197324415,0.43025841576566215
0.7363473773002625,0.8793544680628819,0.43036065741379753
0.7357236742973328,0.87921494936841,0.4305395802980344
0.735098659992218,0.8790234232354323,0.43069294277023745
0.7347300052642822,0.8787278415015641,0.43079518441837283
0.7341168522834778,0.8783283830962431,0.4308463052424405
0.7334747314453125,0.8781376939902094,0.43099966771464354
0.7329787611961365,0.8778431270493936,0.4311019093627789
0.7322538495063782,0.8774968789013733,0.4311785905988805
0.7317949533462524,0.8772030153366259,0.4312808322470158
0.7311667799949646,0.8769094876857528,0.4313830738951512
0.730508029460907,0.876616295373111,0.43148531554328656
0.7295826077461243,0.8763753373468964,0.4316131176034558
0.7290319800376892,0.8760763564685133,0.43168979883955727
0.7284982204437256,0.8758878117061538,0.43184316131176037
0.7281343936920166,0.8755440414507772,0.43191984254786187
0.7277409434318542,0.8751488788773238,0.43197096337192953
0.7271816730499268,0.8748059207121416,0.4320476446080311
0.726809561252594,0.8745668028759117,0.4321754466682003
0.7261752486228943,0.8742762613730356,0.4322776883163357
0.7256819009780884,0.8738827176440196,0.43232880914040334
0.7252327799797058,0.8737478054322008,0.4325077320246402
0.7245020866394043,0.87335500851525,0.43255885284870793
0.7239691019058228,0.8730142356096554,0.4326355340848094
0.7233492136001587,0.872776947265323,0.43276333614497864
0.7227715849876404,0.8725399278722308,0.43289113820514785
0.722259521484375,0.8722001956644869,0.4329678194412494
0.7217175364494324,0.8719637710992177,0.4330956215014186
0.7208069562911987,0.8715733168749679,0.4331467423254863
0.7203449606895447,0.871234707515164,0.43322342356158783
0.719782829284668,0.8709412248253185,0.4333001047976893
0.7188398241996765,0.8707573812580232,0.43345346726989237
0.7184163928031921,0.8704711074617674,0.43355570891802775
0.7179535627365112,0.8701851566907729,0.43365795056616313
0.7173330187797546,0.8699507894197253,0.43378575262633234
0.7168980836868286,0.8697166863056509,0.43391355468650156
0.7161914110183716,0.8695340501792115,0.4340669171587046
0.7149360775947571,0.86935161967146,0.43422027963090765
0.7142078280448914,0.8692205400981997,0.4343992025151445
0.7137013077735901,0.868987374124623,0.43452700457531374
0.7129188776016235,0.8687033820373965,0.4346292462234491
0.7124996781349182,0.8684197089609395,0.4347314878715845
0.7118459939956665,0.8680853235354153,0.434808169107686
0.7112956047058105,0.8677003111133779,0.4348592899317537
0.710782527923584,0.8674686512386584,0.4349870919919229
0.7104876637458801,0.8672372510061643,0.43511489405209214
0.7098773717880249,0.8668533604887984,0.4351660148761598
0.7094547152519226,0.8665648854961832,0.43524269611226135
0.7087251543998718,0.8662326433040028,0.43531937734836285
0.7082631587982178,0.8659007726718179,0.4353960585844644
0.7076268792152405,0.8656708835035309,0.4355238606446336
0.707051157951355,0.8654412511424799,0.4356516627048028
0.706442654132843,0.8651103780766303,0.4357283439409043
0.7059627175331116,0.8648813146682898,0.43585614600107353
0.7056351900100708,0.8646018147716328,0.4359583876492089
0.7049572467803955,0.8643732901003142,0.4360861897093781
0.7044171690940857,0.8639931135753709,0.4361373105334458
0.7039631605148315,0.8636133603238867,0.4361884313575135
0.7032925486564636,0.8632340296393708,0.43623955218158117
0.7026671767234802,0.8628045698109392,0.436265112593615
0.7017572522163391,0.8624261102409942,0.4363162334176827
0.7013041377067566,0.8621490607957988,0.43641847506581805
0.7003083229064941,0.861771385314156,0.43646959588988576
0.6998107433319092,0.861343690103904,0.4364951563019196
0.6989901065826416,0.8610606977213148,0.4365718375380211
0.698489785194397,0.8609361616365194,0.436750760422258
0.6980029344558716,0.8606103333669051,0.4368274416583595
0.6970576047897339,0.860284865871458,0.43690412289446107
0.696465015411377,0.8601106639839035,0.4370574853666641
0.6956840753555298,0.859886380775225,0.4371852874268333
0.6953057646751404,0.8596623454929153,0.43731308948700254
0.6949169039726257,0.8594887761763672,0.4374664519592056
0.6942718029022217,0.8592150170648464,0.43756869360734096
0.693842351436615,0.8590418861299223,0.437722056079544
0.6933395862579346,0.8589190815201043,0.4379009789637809
0.6929594278335571,0.8586460890915468,0.43800322061191627
0.6920697093009949,0.8583233173076923,0.4380799018480178
0.6912155151367188,0.8580009009459932,0.4381565830841193
0.6903731822967529,0.8576288144072036,0.438207703908187
0.6897327303886414,0.8572571371431429,0.4382588247322547
0.6892473101615906,0.8570857485508695,0.43841218720445774
0.6887769103050232,0.8567575666766557,0.4384633080285254
0.688275933265686,0.8564368791494035,0.43853998926462695
0.6878662109375,0.8561165436040711,0.43861667050072844
0.6873664259910583,0.855746696584393,0.43866779132479616
0.6867241263389587,0.8554769261437257,0.43877003297293155
0.6863399744033813,0.8552074513124471,0.43887227462106687
0.685676097869873,0.8550876144962166,0.4390511975053038
0.6850736737251282,0.8549181551320961,0.43920455997750685
0.6842787861824036,0.8546494281452014,0.43930680162564223
0.6837601661682129,0.8543312956612494,0.4393834828617437
0.6832504868507385,0.8541128551559706,0.43951128492191294
0.6826087832450867,0.8537953631534528,0.4395879661580145
0.6821411848068237,0.8533789818398333,0.4396135265700483
0.6815935969352722,0.8529630547979172,0.43963908698208215
0.6805260181427002,0.8525971451229183,0.4396902078061498
0.6798036098480225,0.8522316342200426,0.43974132863021753
0.6793162822723389,0.8519655411426874,0.4398435702783529
0.6788169741630554,0.8516923990498813,0.4399202515144544
0.6782118082046509,0.8513774172807755,0.43999693275055596
0.6776731014251709,0.8511122095897182,0.4400991743986913
0.6768097877502441,0.8509460995010127,0.4402525368708944
0.6762948632240295,0.8506320363420896,0.4403292181069959
0.6758400201797485,0.850367665202586,0.44043145975513126
0.6752266883850098,0.8500542566834369,0.44050814099123276
0.674803614616394,0.8498397830909539,0.44063594305140197
0.674277126789093,0.8495270003941663,0.4407126242875035
0.67376708984375,0.8492145565568523,0.440789305523605
0.6729714870452881,0.8491485382419529,0.4409937888198758
0.6723982095718384,0.8487874465049928,0.44104490964394344
0.672197699546814,0.8487217305801377,0.4412493929402142
0.671687126159668,0.8485086727924918,0.4413771950003834
0.6711811423301697,0.8482958452018465,0.44150499706055263
0.6707663536071777,0.8482305011534874,0.44170948035682334
0.6703080534934998,0.848116169544741,0.44188840324106027
0.6698623895645142,0.8478474060998333,0.44196508447716176
0.6694068312644958,0.8475863758882627,0.44206732612529714
0.6690864562988281,0.8473256269592476,0.4421695677734325
0.6687336564064026,0.8469672492289617,0.4422206885975002
0.6681835651397705,0.8465603287992954,0.442246249009534
0.6676005721092224,0.8462516504474547,0.44232293024563557
0.6671584248542786,0.8458944281524927,0.44237405106970323
0.6664929389953613,0.8455864393532314,0.4424507323058048
0.6656022667884827,0.8453276047261009,0.44255297395394017
0.6650421023368835,0.844873859366613,0.44255297395394017
0.6644951701164246,0.8446644557159578,0.4426807760141093
0.6640855669975281,0.84430904216427,0.44273189683817704
0.663733720779419,0.8440027282471012,0.44280857807427854
0.6631214022636414,0.8436480498612261,0.44285969889834625
0.662369966506958,0.8433424177535527,0.44293638013444775
0.6619054675102234,0.8431343936961915,0.44306418219461696
0.6614506244659424,0.8427807486631016,0.4431153030186847
0.66081702709198,0.8424684159378036,0.44316642384275234
0.6604099869728088,0.8423097469768346,0.4433197863149554
0.6598812937736511,0.8421027084749053,0.4434475883751246
0.6595848202705383,0.8417503517197885,0.44349870919919226
0.6591164469718933,0.8414953452288596,0.44360095084732765
0.6584578156471252,0.8412890719651078,0.44372875290749686
0.6578555107116699,0.8409861474377603,0.4438054341435984
0.6574561595916748,0.8407319552694003,0.44390767579173374
0.6568394303321838,0.8404296497000193,0.4439843570278353
0.6564226746559143,0.8400309492722086,0.4440099174398691
0.6559404134750366,0.8396810053165781,0.44406103826393684
0.6552271246910095,0.8394280469542534,0.44416327991207216
0.6547314524650574,0.8393202008497489,0.4443422027963091
0.6543880105018616,0.8389711914298122,0.44439332362037676
0.6538310647010803,0.8387190122504099,0.44449556526851214
0.6533419489860535,0.838467100506146,0.4445978069166475
0.6528650522232056,0.8383599922913856,0.4447767298008844
0.652553379535675,0.838100741596841,0.4448534110369859
0.6522266864776611,0.837801415026231,0.44493009227308744
0.6519427299499512,0.8375024052337887,0.445006773509189
0.6515268087387085,0.8372998701860667,0.4451345755693582
0.6508132219314575,0.837049495434887,0.44523681721749353
0.6502441763877869,0.8367513568032275,0.4453134984535951
0.6494663953781128,0.8365015360983102,0.44541574010173046
0.6489266753196716,0.8361560236050473,0.4454668609257981
0.6484705209732056,0.8358588280425817,0.4455435421618997
0.6481673717498779,0.8356098729930506,0.445645783810035
0.6477270722389221,0.8354569840965702,0.44579914628223805
0.647320568561554,0.8353042562359362,0.44595250875444115
0.6467639207839966,0.8349602832806967,0.4460036295785088
0.6463732719421387,0.834712324836195,0.4461058712266442
0.6458103656768799,0.8344646271510516,0.4462081128747795
0.6450510025024414,0.8343127418661316,0.4463614753469826
0.6444524526596069,0.8340655142775284,0.44646371699511794
0.643825888633728,0.8338106147384498,0.4465403982312195
0.6434780955314636,0.8335161952010686,0.446617079467321
0.642846405506134,0.8332220844855536,0.44669376070342254
0.6420520544052124,0.8329282821062663,0.4467704419395241
0.6415005922317505,0.8326824156982282,0.4468726835876594
0.6408994197845459,0.8324368067786928,0.4469749252357948
0.6406129002571106,0.8320487201446379,0.4470004856478286
0.6402396559715271,0.8316610395168577,0.44702604605986246
0.6396762728691101,0.8313688212927757,0.447102727295964
0.6391050815582275,0.8310294047788703,0.44715384812003167
0.6383349299430847,0.8307378216693572,0.4472305293561332
0.6379122734069824,0.8305889052341859,0.44738389182833627
0.6372317671775818,0.8303452855245684,0.44748613347647165
0.6367029547691345,0.8300071106897369,0.4475372543005393
0.6363720297813416,0.8297166682459964,0.44761393553664086
0.6355413794517517,0.8294738836008902,0.44771617718477624
0.6347535252571106,0.829136690647482,0.4477672980088439
0.634297251701355,0.8289336739521241,0.4478695396569793
0.6337490677833557,0.828691663908459,0.4479717813051146
0.6333408951759338,0.8285916824196597,0.44815070418935155
0.6329859495162964,0.8283973359784611,0.44827850624952076
0.6325139999389648,0.828061561703333,0.4483296270735884
0.6320177912712097,0.827726135988298,0.4483807478976561
0.6315522789955139,0.8274382192039238,0.44845742913375763
0.6309848427772522,0.8272448739099694,0.44858523119392685
0.6303297281265259,0.8270046169791765,0.44868747284206223
0.6299610733985901,0.8268587841973913,0.4488408353142653
0.6293984651565552,0.8266660391566265,0.4489686373744345
0.6287738680839539,0.8263794157768475,0.449045318610536
0.6284486651420593,0.8261401034320639,0.44914756025867136
0.6276332139968872,0.8258070579390067,0.449198681082739
0.627413272857666,0.8254743565658463,0.44924980190680674
0.6269840002059937,0.8252828240153969,0.44937760396697596
0.6263701915740967,0.8249976541240499,0.44945428520307745
0.6254804730415344,0.8247514537610204,0.449530966439179
0.6251669526100159,0.82446683852824,0.44960764767528055
0.6247856020927429,0.8242762109997189,0.4497354497354497
0.6242935061454773,0.823992133726647,0.44981213097155126
0.6238311529159546,0.8236147510295769,0.4498376913835851
0.6232668161392212,0.82333130642219,0.44991437261968664
0.6228671669960022,0.8230949041608228,0.450016614267822
0.6221230030059814,0.8228587449184618,0.45011885591595735
0.6216781735420227,0.8226228283205679,0.45022109756409273
0.6210488677024841,0.8223871539933716,0.4503233392122281
0.6205907464027405,0.8220584118689932,0.4503744600362958
0.6201919317245483,0.8217300069946375,0.4504255808603635
0.6195029616355896,0.821355331841909,0.4504511412723973
0.6188247799873352,0.8210276237946615,0.450502262096465
0.6178758144378662,0.8207468106900084,0.45057894333256654
0.6172220706939697,0.8205593559495555,0.45070674539273575
0.6168578267097473,0.8203255813953488,0.4508089870408711
0.6161428689956665,0.8200836820083682,0.45088566827697263
0.6157311797142029,0.8197574462153245,0.4509367891010403
0.6152780055999756,0.8194779862530187,0.45101347033714184
0.6144267320632935,0.8192916492596203,0.45114127239731106
0.613978385925293,0.8190127122575857,0.45121795363341255
0.613613486289978,0.8188268026895432,0.45134575569358176
0.6129846572875977,0.8185947348906192,0.45144799734171714
0.6123892664909363,0.818270255246213,0.4514991181657848
0.6118468046188354,0.8179461061209371,0.4515502389898525
0.6114147305488586,0.8177148410384562,0.4516524806379879
0.6108371019363403,0.8173913043478261,0.45170360146205557
0.6105337738990784,0.8171143266608109,0.4517802826981571
0.6101637482643127,0.8169762498844839,0.45193364517036017
0.6098642945289612,0.8168383133976816,0.4520870076425632
0.6096068024635315,0.8167005169867061,0.45224037011476625
0.6092643141746521,0.8164705882352942,0.45234261176290164
0.6085801720619202,0.8162870054412985,0.45247041382307085
0.6081363558769226,0.8161412241887905,0.45259821588324006
0.6075056195259094,0.8158197816372599,0.4526493367073077
0.6067466735839844,0.8156828437240998,0.45280269917951077
0.6062381267547607,0.8153619586727415,0.45285382000357843
0.6058818697929382,0.8150873965041399,0.45293050123968
0.6054596304893494,0.8147671371431199,0.45298162206374765
0.6047269701957703,0.8144931532028307,0.4530583032998492
0.6042661666870117,0.8142653745464566,0.4531605449479846
0.603785514831543,0.8140837311788469,0.4532883470081538
0.6032077670097351,0.8139022711631108,0.453416149068323
0.60279381275177,0.8136292763459598,0.4534928303044245
0.6022851467132568,0.8133107209973873,0.4535439511284922
0.6017895340919495,0.8129924867143119,0.4535950719525599
0.6012688875198364,0.8126745730115847,0.45364619277662754
0.6008749008178711,0.8124485125858124,0.4537484344247629
0.6005094051361084,0.8122226796578381,0.4538506760728983
0.6000224947929382,0.8119513533284565,0.4539273573089998
