confidence,precision,recall
1.0,1.0,2.5560412033841985e-05
1.0,1.0,0.0004856478286429977
1.0,1.0,0.0009712956572859954
1.0,1.0,0.0014569434859289933
1.0,0.9868421052631579,0.001917030902538149
1.0,0.9894736842105263,0.0024026787311811466
1.0,0.9912280701754386,0.002888326559824144
1.0,0.9924812030075187,0.003373974388467142
1.0,0.993421052631579,0.00385962221711014
1.0,0.9883040935672515,0.0043197096337192955
1.0,0.9842105263157894,0.004779797050328451
1.0,0.9712918660287081,0.005188763642869923
1.0,0.9736842105263158,0.005674411471512921
1.0,0.97165991902834,0.006134498888122076
1.0,0.9736842105263158,0.006620146716765074
0.9999998807907104,0.9719298245614035,0.00708023413337423
0.9999998807907104,0.9736842105263158,0.007565881962017228
0.9999998807907104,0.9721362229102167,0.008025969378626383
0.9999998807907104,0.9736842105263158,0.008511617207269381
0.9999998807907104,0.9722991689750693,0.008971704623878536
0.9999998807907104,0.9736842105263158,0.009457352452521535
0.9999998807907104,0.9724310776942355,0.009917439869130691
0.9999998807907104,0.9736842105263158,0.010403087697773688
0.9999998807907104,0.9748283752860412,0.010888735526416686
0.9999998807907104,0.9714912280701754,0.011323262530992
0.9999998807907104,0.9725738396624473,0.011783349947601156
0.9999998807907104,0.9716024340770791,0.01224343736421031
0.9999998807907104,0.97265625,0.012729085192853309
0.9999998807907104,0.9717514124293786,0.013189172609462464
0.9999998807907104,0.9709090909090909,0.01364926002607162
0.9999997615814209,0.9718804920913884,0.014134907854714617
0.9999997615814209,0.9727891156462585,0.014620555683357616
0.9999997615814209,0.9736408566721582,0.015106203512000614
0.9999997615814209,0.9728434504792333,0.015566290928609769
0.9999997615814209,0.9736434108527132,0.016051938757252766
0.9999997615814209,0.9743975903614458,0.016537586585895766
0.9999997615814209,0.9751098096632503,0.017023234414538763
0.9999997615814209,0.9743589743589743,0.017483321831147917
0.9999997615814209,0.9750346740638003,0.017968969659790914
0.9999997615814209,0.9756756756756757,0.018454617488433914
0.9999996423721313,0.9762845849802372,0.01894026531707691
0.9999996423721313,0.9768637532133676,0.019425913145719908
0.9999996423721313,0.9761606022584692,0.019886000562329066
0.9999996423721313,0.9767156862745098,0.020371648390972063
0.9999996423721313,0.9772455089820359,0.02085729621961506
0.9999996423721313,0.977751756440281,0.021342944048258056
0.9999996423721313,0.9782359679266895,0.021828591876901057
0.9999995231628418,0.9775784753363229,0.02228867929351021
0.9999995231628418,0.9780461031833151,0.022774327122153208
0.9999995231628418,0.978494623655914,0.02325997495079621
0.9999995231628418,0.9789029535864979,0.023720062367405363
0.9999995231628418,0.9782833505687694,0.024180149784014518
0.9999995231628418,0.9787018255578094,0.024665797612657515
0.9999994039535522,0.9791044776119403,0.025151445441300515
0.9999994039535522,0.9794921875,0.02563709326994351
0.9999994039535522,0.9789069990412272,0.026097180686552666
0.9999994039535522,0.9764595103578154,0.026506147279094137
0.9999994039535522,0.9768732654949122,0.026991795107737138
0.9999994039535522,0.9754545454545455,0.02742632211231245
0.9999992847442627,0.9758713136729222,0.027911969940955447
0.9999992847442627,0.976274165202109,0.028397617769598447
0.9999992847442627,0.975799481417459,0.028857705186207602
0.9999992847442627,0.9761904761904762,0.0293433530148506
0.9999992847442627,0.9765690376569037,0.029829000843493596
0.9999992847442627,0.9769357495881383,0.030314648672136596
0.9999992847442627,0.9772911597729116,0.030800296500779593
0.9999991655349731,0.9776357827476039,0.03128594432942259
0.9999991655349731,0.977183320220299,0.031746031746031744
0.9999991655349731,0.9775193798449613,0.032231679574674744
0.9999991655349731,0.9778456837280367,0.032717327403317745
0.9999991655349731,0.9781626506024096,0.03320297523196074
0.9999990463256836,0.9784706755753526,0.03368862306060374
0.9999990463256836,0.9787701317715959,0.03417427088924673
0.9999990463256836,0.9783393501805054,0.03463435830585589
0.9999990463256836,0.9786324786324786,0.035120006134498886
0.999998927116394,0.9789029535864979,0.03558009355110804
0.999998927116394,0.9784871616932685,0.0360401809677172
0.999998927116394,0.9787671232876712,0.036525828796360196
0.999998927116394,0.9783637592968222,0.03698591621296935
0.9999988079071045,0.9779706275033377,0.037446003629578506
0.9999988079071045,0.978246539222149,0.037931651458221506
0.9999988079071045,0.978515625,0.038417299286864506
0.9999988079071045,0.9787781350482315,0.0389029471155075
0.9999986886978149,0.9790343074968234,0.0393885949441505
0.9999986886978149,0.9792843691148776,0.0398742427727935
0.9999986886978149,0.9789081885856079,0.040334330189402655
0.9999986886978149,0.9785407725321889,0.04079441760601181
0.9999985694885254,0.9787878787878788,0.04128006543465481
0.9999985694885254,0.9790293588975434,0.0417657132632978
0.9999985694885254,0.9792654028436019,0.0422513610919408
0.9999985694885254,0.9789103690685413,0.04271144850854996
0.9999984502792358,0.9791425260718424,0.04319709633719296
0.9999984502792358,0.9793696275071633,0.04368274416583595
0.9999984502792358,0.9795918367346939,0.04416839199447895
0.9999983310699463,0.9798093101514301,0.04465403982312195
0.9999983310699463,0.9794672586015538,0.04511412723973111
0.9999983310699463,0.9796814936847886,0.0455997750683741
0.9999983310699463,0.9798913043478261,0.0460854228970171
0.9999982118606567,0.9800968262506724,0.0465710707256601
0.9999982118606567,0.9802876931273309,0.047031158142269255
0.9999980926513672,0.9804852320675106,0.04751680597091225
0.9999980926513672,0.9806788511749347,0.04800245379955525
0.9999980926513672,0.9808686659772492,0.04848810162819825
0.9999979734420776,0.9810547875064004,0.04897374945684124
0.9999979734420776,0.981237322515213,0.04945939728548424
0.9999979734420776,0.9814163736815671,0.04994504511412724
0.9999978542327881,0.9815920398009951,0.050430692942770236
0.9999978542327881,0.9817644159684573,0.050916340771413236
0.9999978542327881,0.9814453125,0.05137642818802239
0.9999977350234985,0.9816158684083213,0.05186207601666539
0.9999977350234985,0.9817833173537871,0.052347723845308385
0.999997615814209,0.9819477434679335,0.052833371673951385
0.999997615814209,0.9821092278719398,0.053319019502594385
0.9999974966049194,0.9822678488100793,0.05380466733123738
0.9999974966049194,0.9819611470860314,0.05426475474784653
0.9999973773956299,0.9821182943603851,0.05475040257648953
0.9999973773956299,0.9818181818181818,0.05521048999309869
0.9999972581863403,0.9819738621000451,0.05569613782174169
0.9999972581863403,0.9821268990169795,0.05618178565038468
0.9999971389770508,0.9822773593265397,0.05666743347902768
0.9999971389770508,0.9824253075571178,0.05715308130767068
0.9999971389770508,0.9816993464052287,0.05758760831224599
0.9999970197677612,0.9818496110630942,0.05807325614088899
0.9999970197677612,0.9819974282040291,0.05855890396953199
0.9999969005584717,0.981709910676308,0.0589934309741073
0.9999969005584717,0.9818565400843882,0.0594790788027503
0.9999967813491821,0.9820008371703641,0.059964726631393295
0.9999967813491821,0.9821428571428571,0.060450374460036295
0.9999967813491821,0.9818706221672847,0.06091046187664545
0.9999966621398926,0.982011447260834,0.06139610970528845
0.9999966621398926,0.9821501014198782,0.06188175753393145
0.999996542930603,0.9818840579710145,0.062341844950540605
0.9999964237213135,0.9820215741110667,0.0628274927791836
0.9999964237213135,0.9817605075337034,0.06328758019579275
0.9999963045120239,0.9818968909878001,0.06377322802443576
0.9999961853027344,0.980859375,0.06418219461697723
0.9999961853027344,0.9802248933695231,0.06461672162155253
0.9999960660934448,0.9803695150115473,0.06510236945019554
0.9999960660934448,0.9797478028276653,0.06553689645477086
0.9999959468841553,0.9798937784522003,0.06602254428341385
0.9999959468841553,0.9800376647834275,0.06650819211205684
0.9999958276748657,0.9801795063575168,0.06699383994069985
0.9999958276748657,0.9803193464537691,0.06747948776934284
0.9999957084655762,0.980457227138643,0.06796513559798584
0.9999957084655762,0.9805931893079458,0.06845078342662883
0.9999955892562866,0.9807272727272728,0.06893643125527184
0.9999954700469971,0.9808595160707837,0.06942207908391483
0.9999953508377075,0.9806312769010043,0.06988216650052399
0.999995231628418,0.9804061275382971,0.07034225391713314
0.999995231628418,0.9805309734513274,0.0708023413337423
0.9999951124191284,0.9806610407876231,0.0712879891623853
0.9999951124191284,0.9807893817673768,0.07177363699102829
0.9999949932098389,0.9809160305343512,0.0722592848196713
0.9999948740005493,0.9810410203378146,0.07274493264831429
0.9999947547912598,0.9811643835616438,0.07323058047695728
0.9999947547912598,0.9812861517522967,0.07371622830560029
0.9999946355819702,0.9814063556457066,0.07420187613424328
0.9999945163726807,0.9815250251931474,0.07468752396288628
0.9999943971633911,0.9816421895861148,0.07517317179152928
0.9999942779541016,0.9817578772802653,0.07565881962017228
0.999994158744812,0.9818721160184575,0.07614446744881527
0.9999940395355225,0.9819849328529315,0.07663011527745828
0.9999939203262329,0.9817708333333334,0.07709020269406743
0.9999938011169434,0.9818828857974765,0.07757585052271043
0.9999936819076538,0.9819935691318328,0.07806149835135343
0.9999936819076538,0.9821029082774049,0.07854714617999642
0.9999935626983643,0.9822109275730623,0.07903279400863943
0.9999934434890747,0.9823176507736028,0.07951844183728242
0.9999932050704956,0.9824231010671689,0.08000408966592541
0.9999932050704956,0.9825273010920437,0.0804897374945684
0.999993085861206,0.9826302729528535,0.08097538532321141
0.9999929666519165,0.982732038236201,0.0814610331518544
0.999992847442627,0.9825260576333538,0.08192112056846357
0.9999927282333374,0.9826219512195122,0.08238120798507272
0.9999926090240479,0.9827220369809033,0.08286685581371572
0.9999923706054688,0.9828209764918626,0.08335250364235872
0.9999922513961792,0.982918789331735,0.08383815147100171
0.9999921321868896,0.9827175208581644,0.08429823888761087
0.9999920129776001,0.9828148148148148,0.08478388671625386
0.9999918937683105,0.9829110194460813,0.08526953454489686
0.9999916553497314,0.9830061529446235,0.08575518237353986
0.9999916553497314,0.9831002331002331,0.08624083020218286
0.9999915361404419,0.9831932773109243,0.08672647803082585
0.9999912977218628,0.98328530259366,0.08721212585946886
0.9999911785125732,0.9830897105187733,0.087672213276078
0.9999909400939941,0.9831812998859749,0.08815786110472101
0.9999908208847046,0.9829883753898497,0.08861794852133016
0.999990701675415,0.9830795262267343,0.08910359634997315
0.9999904632568359,0.9828892005610098,0.08956368376658232
0.9999903440475464,0.9829799107142857,0.09004933159522531
0.9999902248382568,0.9830696641687483,0.09053497942386832
0.9999901056289673,0.9828823854224186,0.09099506684047746
0.9999898672103882,0.9826970612469101,0.09145515425708663
0.9999898672103882,0.9827868852459016,0.09194080208572962
0.9999896287918091,0.9828757814623539,0.09242644991437261
0.9999895095825195,0.9829637641968632,0.09291209774301562
0.9999892711639404,0.9830508474576272,0.09339774557165861
0.9999891519546509,0.9828693790149893,0.09385783298826778
0.9999889135360718,0.9829515183803943,0.09431792040487692
0.9999886751174927,0.9830373707924729,0.09480356823351993
0.9999885559082031,0.9831223628691983,0.09528921606216292
0.999988317489624,0.9832065074783521,0.09577486389080592
0.9999881982803345,0.983289817232376,0.09626051171944892
0.9999879598617554,0.9833723044946739,0.09674615954809192
0.9999878406524658,0.983453981385729,0.09723180737673491
0.9999876022338867,0.9835348597890404,0.0977174552053779
0.9999874830245972,0.9836149513568868,0.09820310303402091
0.9999873638153076,0.9836942675159236,0.0986887508626639
0.9999871253967285,0.9837728194726166,0.0991743986913069
0.9999868869781494,0.9838506182185213,0.0996600465199499
0.9999866485595703,0.9839276745354093,0.1001456943485929
0.9999865293502808,0.9840039990002499,0.10063134217723589
0.9999862909317017,0.9838308457711443,0.10109142959384505
0.9999861717224121,0.9839069076504086,0.10157707742248805
0.999985933303833,0.9839822572695909,0.10206272525113105
0.9999856948852539,0.9840569045867059,0.10254837307977405
0.9999854564666748,0.984130859375,0.10303402090841704
0.9999853372573853,0.9842041312272175,0.10351966873706005
0.9999850988388062,0.9842767295597484,0.10400531656570304
0.999984860420227,0.9843486636166626,0.10449096439434603
0.999984622001648,0.9844199424736337,0.10497661222298904
0.9999843835830688,0.9844905750417562,0.10546226005163203
0.9999840259552002,0.9843230403800475,0.10592234746824118
0.9999839067459106,0.9843897824030274,0.10638243488485034
0.9999836683273315,0.9844596185542736,0.10686808271349334
0.999983549118042,0.9845288326300985,0.10735373054213634
0.9999833106994629,0.9845974329054843,0.10783937837077934
0.9999830722808838,0.9846654275092936,0.10832502619942233
0.9999829530715942,0.9845015035854731,0.10878511361603149
0.9999825954437256,0.9843390142791341,0.10924520103264064
0.9999823570251465,0.9844072460444853,0.10973084886128365
0.9999822378158569,0.9844748858447488,0.11021649668992664
0.9999819993972778,0.9845419413503069,0.11070214451856963
0.9999817609786987,0.9846084200995926,0.11118779234721264
0.9999815225601196,0.9844489519945909,0.11164787976382179
0.9999812841415405,0.9845152603231598,0.1121335275924648
0.9999809265136719,0.9843575418994414,0.11259361500907394
0.9999806880950928,0.9844236760124611,0.11307926283771694
0.9999804496765137,0.9842676711721693,0.1135393502543261
0.9999802112579346,0.9843336275375111,0.11402499808296909
0.9999798536300659,0.9843990331795209,0.1145106459116121
0.9999794960021973,0.9844638949671772,0.11499629374025509
0.9999791383743286,0.9845282196556984,0.11548194156889809
0.9999788999557495,0.9845920138888888,0.1159675893975411
0.9999786615371704,0.9846552842014265,0.11645323722618409
0.9999783039093018,0.9847180370210934,0.11693888505482708
0.9999779462814331,0.9847802786709539,0.11742453288347009
0.999977707862854,0.9848387785607516,0.11788462030007923
0.9999774694442749,0.9849000425350914,0.11837026812872224
0.9999772310256958,0.9847489938572337,0.11883035554533139
0.9999769926071167,0.9848101265822785,0.11931600337397438
0.9999765157699585,0.984870771170414,0.11980165120261739
0.9999762773513794,0.9849309334449561,0.12028729903126038
0.9999759197235107,0.9847821555138628,0.12074738644786955
0.9999756813049316,0.9848421926910299,0.12123303427651254
0.9999752044677734,0.9849017580144778,0.12171868210515553
0.9999748468399048,0.984754841367944,0.1221787695217647
0.9999746084213257,0.9848142827826801,0.12266441735040769
0.999974250793457,0.9846688470973017,0.12312450476701685
0.9999738931655884,0.984728161270617,0.12361015259565984
0.9999735355377197,0.9845841784989858,0.124070240012269
0.9999732971191406,0.9846433622954132,0.124555887840912
0.9999728202819824,0.9847020933977456,0.125041535669555
0.9999724626541138,0.9847603769801484,0.125527183498198
0.9999722242355347,0.9846184578505793,0.12598727091480716
0.999971866607666,0.9846766169154229,0.12647291874345015
0.9999715089797974,0.9845360824742269,0.12693300616005931
0.9999711513519287,0.9845941141615643,0.1274186539887023
0.9999706745147705,0.9846517119244392,0.1279043018173453
0.9999704360961914,0.9847088806116447,0.1283899496459883
0.9999699592590332,0.9845703125,0.12885003706259746
0.999969482421875,0.9846273594084453,0.12933568489124045
0.9999692440032959,0.9846810160946287,0.1297957723078496
0.9999687671661377,0.9847372488408037,0.1302814201364926
0.9999682903289795,0.9846005774783445,0.13074150755310177
0.9999678134918213,0.984656693517453,0.13122715538174476
0.9999674558639526,0.9845213070896235,0.13168724279835392
0.9999668598175049,0.9845773038842346,0.13217289062699691
0.9999662637710571,0.9846328969834945,0.1326585384556399
0.9999656677246094,0.9846880907372401,0.1331441862842829
0.9999651908874512,0.9847428894330382,0.1336298341129259
0.999964714050293,0.9847972972972973,0.1341154819415689
0.9999643564224243,0.9848513184963531,0.1346011297702119
0.9999639987945557,0.9849049571375326,0.1350867775988549
0.9999634027481079,0.984958217270195,0.1355724254274979
0.9999629259109497,0.9848260547742413,0.13603251284410706
0.999962568283081,0.9848792181449382,0.13651816067275005
0.9999619722366333,0.9849320102903344,0.13700380850139304
0.9999614953994751,0.9849844350851492,0.13748945633003604
0.9999611377716064,0.9848540145985402,0.1379495437466452
0.9999605417251587,0.9849063466084743,0.1384351915752882
0.99996018409729,0.9849583182312432,0.13892083940393118
0.9999594688415527,0.9846487267473361,0.13935536640850651
0.9999591112136841,0.9847012239020878,0.1398410142371495
0.9999586343765259,0.9845739910313901,0.14030110165375867
0.9999580383300781,0.9846263854129425,0.14078674948240166
0.9999575614929199,0.984678425084625,0.14127239731104466
0.9999568462371826,0.9845498135322323,0.14170692431561996
0.9999560117721558,0.9846017699115044,0.14219257214426295
0.999955415725708,0.984653378020815,0.14267821997290597
0.9999547004699707,0.9845288326300985,0.1431383073895151
0.9999539852142334,0.9845803399334151,0.14362395521815813
0.9999536275863647,0.9846315054139015,0.14410960304680112
0.9999529123306274,0.9845082680591819,0.14456969046341028
0.9999520778656006,0.984559333795975,0.14505533829205328
0.9999512434005737,0.9844371433512018,0.1455154257086624
0.9999508857727051,0.984488107549121,0.14600107353730543
0.9999501705169678,0.9845387390482735,0.14648672136594842
0.99994957447052,0.9842465753424657,0.14692124837052373
0.9999487400054932,0.9842976617170166,0.14740689619916672
0.9999480247497559,0.9841782919360327,0.14786698361577588
0.9999473094940186,0.9842292691198915,0.14835263144441888
0.9999464750289917,0.9842799188640974,0.14883827927306187
0.9999457597732544,0.9843302443133951,0.1493239271017049
0.9999451637268066,0.9843802485723883,0.14980957493034788
0.9999442100524902,0.9844299347061778,0.15029522275899088
0.9999434947967529,0.9843124165554072,0.15075531017560004
0.9999430179595947,0.9841956413242389,0.1512153975922092
0.9999421834945679,0.9840796019900497,0.15167548500881833
0.999941349029541,0.9841296081997024,0.15216113283746133
0.9999406337738037,0.984179301252472,0.15264678066610435
0.9999396800994873,0.9842260926717056,0.15310686808271348
0.9999388456344604,0.9842751842751842,0.1535925159113565
0.9999381303787231,0.984323971260614,0.1540781637399995
0.9999374151229858,0.9842096695425688,0.15453825115660866
0.9999368190765381,0.9842583576760792,0.15502389898525165
0.9999362230300903,0.9843067464811519,0.15550954681389464
0.9999353885650635,0.9841935483870968,0.1559696342305038
0.9999347925186157,0.9842418395240392,0.1564552820591468
0.9999336004257202,0.9842898364860532,0.1569409298877898
0.9999324083328247,0.9843375419530126,0.1574265777164328
0.9999314546585083,0.984225621414914,0.15788666513304195
0.9999305009841919,0.9842732327243844,0.15837231296168494
0.999929666519165,0.9841621792841305,0.1588324003782941
0.9999289512634277,0.9842096952471183,0.1593180482069371
0.9999281167984009,0.9842569269521411,0.1598036960355801
0.9999266862869263,0.9841469157118192,0.16026378345218925
0.999925971031189,0.9841940532081377,0.16074943128083224
0.9999251365661621,0.9842409112185988,0.16123507910947524
0.9999245405197144,0.9841319228375855,0.1616951665260844
0.9999233484268188,0.9841786877617497,0.1621808143547274
0.9999220371246338,0.9842251778533869,0.16266646218337039
0.9999212026596069,0.9842713955281419,0.1631521100120134
0.9999203681945801,0.9843173431734318,0.1636377578406564
0.9999192953109741,0.9842097194542389,0.16409784525726553
0.9999178647994995,0.9842555793335371,0.16458349308590856
0.9999172687530518,0.9842987804878048,0.1650435805025177
0.9999161958694458,0.984344125246998,0.1655292283311607
0.9999150037765503,0.984389208851167,0.1660148761598037
0.9999133348464966,0.9844340335499471,0.1665005239884467
0.9999126195907593,0.9844786015672091,0.1669861718170897
0.9999114274978638,0.9845229151014275,0.16747181964573268
0.9999103546142578,0.9845669763260414,0.16795746747437568
0.9999092817306519,0.9846107873898102,0.1684431153030187
0.999908447265625,0.9845053635280095,0.16890320271962783
0.9999076128005981,0.984549101173674,0.16938885054827083
0.9999063014984131,0.9845925925925926,0.16987449837691385
0.9999053478240967,0.984340375240065,0.17030902538148915
0.9999043941497803,0.9843842074248674,0.17079467321013214
0.9999030828475952,0.9844277949169972,0.17128032103877514
0.9999021291732788,0.9843246410782303,0.1717404084553843
0.9999009370803833,0.9843681519357195,0.1722260562840273
0.9998999834060669,0.984411421911422,0.17271170411267028
0.999897837638855,0.9843091675141653,0.17317179152927945
0.9998966455459595,0.984352361634309,0.17365743935792244
0.9998953342437744,0.9843953185955787,0.17414308718656546
0.9998939037322998,0.9844380403458213,0.17462873501520845
0.9998924732208252,0.9844805288116109,0.17511438284385145
0.9998912811279297,0.9845227858985383,0.17560003067249444
0.9998891353607178,0.9845648134914964,0.17608567850113743
0.9998875856399536,0.9846066134549601,0.17657132632978043
0.9998859167098999,0.9845038384987205,0.17700585333435576
0.9998844861984253,0.984545583439671,0.17749150116299875
0.9998834133148193,0.9845871040723982,0.17797714899164174
0.9998824596405029,0.9846284021999718,0.17846279682028474
0.9998810291290283,0.9846694796061884,0.17894844464892773
0.9998792409896851,0.9847103380558283,0.17943409247757075
0.9998779296875,0.9847509792949076,0.17991974030621374
0.9998760223388672,0.9846518766568997,0.1803798277228229
0.9998747110366821,0.9845532980795992,0.18083991513943204
0.9998733997344971,0.9844552394170715,0.1813000025560412
0.9998723268508911,0.9844961240310077,0.1817856503846842
0.9998705387115479,0.9843987298080906,0.18224573780129336
0.9998687505722046,0.9844395483337923,0.18273138562993635
0.9998668432235718,0.9844801538250241,0.18321703345857934
0.9998648166656494,0.9843835616438357,0.1836771208751885
0.9998629093170166,0.9844241016532314,0.1841627687038315
0.9998615980148315,0.9844644317252658,0.1846484165324745
0.9998598098754883,0.9845045534864755,0.1851340643611175
0.9998579025268555,0.9845444685466378,0.1856197121897605
0.9998570680618286,0.9845841784989858,0.1861053600184035
0.999854326248169,0.9844888049635824,0.18656544743501266
0.9998527765274048,0.9845284541907708,0.18705109526365565
0.9998503923416138,0.9845679012345679,0.18753674309229865
0.9998486042022705,0.9846071476375318,0.18802239092094164
0.9998468160629272,0.9846441447456269,0.1884824783375508
0.999845027923584,0.9846830047948855,0.1889681261661938
0.999843955039978,0.9845888136043577,0.18942821358280296
0.9998428821563721,0.9846276172806785,0.18991386141144595
0.9998403787612915,0.9846662260409782,0.19039950924008894
0.9998382329940796,0.984704641350211,0.19088515706873194
0.999836802482605,0.9847428646586873,0.19137080489737496
0.999834418296814,0.9846496982419313,0.1918308923139841
0.9998328685760498,0.9846878680800942,0.1923165401426271
0.9998300075531006,0.9847258485639687,0.1928021879712701
0.9998282194137573,0.9846334158093502,0.19326227538787924
0.9998264908790588,0.9846713432060276,0.19374792321652226
0.999824583530426,0.9847090838408709,0.19423357104516525
0.9998230338096619,0.984746639089969,0.19471921887380825
0.9998204112052917,0.9847840103159252,0.19520486670245124
0.9998176693916321,0.9848211988680217,0.19569051453109423
0.9998156428337097,0.9848582060823816,0.19617616235973723
0.9998124241828918,0.9847670250896058,0.1966362497763464
0.9998098015785217,0.9848039841654961,0.19712189760498938
0.999808132648468,0.9848407643312102,0.1976075454336324
0.9998055100440979,0.9848773668827043,0.1980931932622754
0.9998025298118591,0.9849137931034483,0.1985788410909184
0.9998000264167786,0.9849500442645757,0.19906448891956138
0.9997979998588562,0.9849861216250315,0.19955013674820438
0.9997958540916443,0.9850220264317181,0.20003578457684737
0.9997929930686951,0.9850558834610071,0.20049587199345653
0.9997900128364563,0.9850914557754948,0.20098151982209952
0.9997873902320862,0.9851268591426072,0.20146716765074252
0.9997857213020325,0.9851620947630922,0.20195281547938554
0.9997836947441101,0.9851971638263466,0.20243846330802853
0.9997815489768982,0.9852320675105485,0.20292411113667153
0.9997789263725281,0.9852668069827907,0.20340975896531452
0.9997766613960266,0.9851778656126482,0.20386984638192368
0.9997740387916565,0.9850893407270487,0.20432993379853284
0.9997709393501282,0.9851241701499877,0.20481558162717584
0.9997679591178894,0.9851588372378266,0.20530122945581883
0.9997661709785461,0.9851933431228586,0.20578687728446182
0.9997640252113342,0.9851056037113906,0.20624696470107098
0.9997617602348328,0.9848964677222899,0.2066814917056463
0.9997581839561462,0.9849313403815774,0.20716713953428928
0.9997543692588806,0.9849660523763336,0.2076527873629323
0.999750554561615,0.9850006048143221,0.2081384351915753
0.9997465014457703,0.985034998793145,0.2086240830202183
0.9997424483299255,0.9850692354003612,0.20910973084886128
0.999739944934845,0.9849831811629024,0.20956981826547044
0.9997357726097107,0.9850173798393863,0.21005546609411344
0.9997314810752869,0.9850514231045204,0.21054111392275643
0.9997269511222839,0.9850853120152726,0.21102676175139942
0.9997251629829407,0.9851190476190477,0.21151240958004244
0.9997218251228333,0.9849150730490557,0.21194693658461775
0.9997190833091736,0.9848287305914425,0.21238146358919305
0.9997168183326721,0.9848628192999054,0.21286711141783607
0.9997139573097229,0.9848967551622418,0.21335275924647906
0.9997103810310364,0.9849305392041441,0.21383840707512206
0.9997060894966125,0.9849641724421473,0.21432405490376505
0.9997020363807678,0.9849976558837318,0.21480970273240804
0.9996989965438843,0.9850309905274237,0.21529535056105104
0.9996950626373291,0.9850641773628939,0.21578099838969403
0.9996910095214844,0.985097217371056,0.21626664621833705
0.9996868371963501,0.9851301115241635,0.21675229404698004
0.9996829032897949,0.9851628607859048,0.21723794187562304
0.9996789693832397,0.9851954661114967,0.21772358970426603
0.99967360496521,0.9851125216387767,0.2181836771208752
0.9996707439422607,0.9851450944265315,0.21866932494951818
0.9996668100357056,0.9850626220843387,0.21912941236612735
0.9996621608734131,0.9850951616601696,0.21961506019477034
0.9996581077575684,0.9851275597757694,0.22010070802341333
0.9996545314788818,0.9850456621004566,0.2205607954400225
0.9996511936187744,0.9850780271101492,0.2210464432686655
0.9996471405029297,0.985110252330075,0.22153209109730848
0.9996429681777954,0.9851423386639446,0.22201773892595147
0.9996386766433716,0.9850611136260752,0.22247782634256064
0.9996323585510254,0.9850931677018634,0.22296347417120363
0.9996280670166016,0.9850123957629029,0.2234235615878128
0.9996232986450195,0.9850427350427351,0.22388364900442195
0.999618649482727,0.9850746268656716,0.22436929683306495
0.9996117949485779,0.9851063829787234,0.22485494466170794
0.9996045231819153,0.9850262599173092,0.2253150320783171
0.9995977282524109,0.9849464763603925,0.22577511949492626
0.9995915293693542,0.9849783019917658,0.22626076732356926
0.9995871186256409,0.9850099933377748,0.22674641515221225
0.9995821118354797,0.9850415512465374,0.22723206298085524
0.9995761513710022,0.9850729765590447,0.22771771080949824
0.9995713829994202,0.9851042701092354,0.22820335863814126
0.9995664954185486,0.9851354327240696,0.22868900646678425
0.9995612502098083,0.9850565871882211,0.2291490938833934
0.9995558857917786,0.9850877192982456,0.2296347417120364
0.9995519518852234,0.9851187219608272,0.2301203895406794
0.9995447993278503,0.9851495959816554,0.2306060373693224
0.9995367527008057,0.9850713740873924,0.23106612478593155
0.999529242515564,0.9849934754240974,0.23152621220254072
0.9995216131210327,0.9850244167118828,0.2320118600311837
0.9995144605636597,0.9848386398094,0.232446387035759
0.9995083808898926,0.9847616989084621,0.23290647445236817
0.9994978904724121,0.984792924935289,0.23339212228101117
0.9994937181472778,0.9848240232483048,0.23387777010965416
0.9994868040084839,0.9848549946294307,0.23436341793829715
0.9994799494743347,0.9847786472290706,0.23482350535490631
0.9994739890098572,0.9848095849379547,0.2353091531835493
0.9994679093360901,0.9847320093956865,0.23574368018812464
0.999461829662323,0.9847629195524774,0.23622932801676763
0.9994553923606873,0.9846873670778392,0.2366894154333768
0.9994463324546814,0.9847182425978988,0.2371750632620198
0.9994416832923889,0.9847489938572337,0.23766071109066278
0.9994366765022278,0.9847796216044815,0.23814635891930577
0.999428927898407,0.9848101265822785,0.23863200674794877
0.9994220733642578,0.9848405095273187,0.2391176545765918
0.9994155168533325,0.984870771170414,0.23960330240523478
0.999408483505249,0.9849009122365524,0.24008895023387777
0.9994028806686401,0.9849309334449561,0.24057459806252077
0.9993981122970581,0.9849608355091384,0.24106024589116376
0.9993911981582642,0.9849906191369606,0.24154589371980675
0.9993830919265747,0.9850202850306876,0.24203154154844977
0.9993734955787659,0.9850498338870431,0.24251718937709277
0.9993676543235779,0.98497565019169,0.2429772767937019
0.9993603825569153,0.9849017580144778,0.24343736421031106
0.9993497729301453,0.9848281556404169,0.24389745162692023
0.9993405938148499,0.984754841367944,0.2443575390435294
0.999332845211029,0.9846818135087899,0.24481762646013855
0.999322772026062,0.9846090703878514,0.24527771387674768
0.999314546585083,0.984536610343062,0.24573780129335684
0.9993066787719727,0.9845666394112838,0.24622344912199984
0.9992967844009399,0.9845965520758951,0.24670909695064283
0.9992848038673401,0.9844227244960293,0.24714362395521816
0.9992777705192566,0.9844512195121952,0.24760371137182732
0.9992673993110657,0.984379754539,0.24806379878843646
0.9992604851722717,0.9843085644867382,0.24852388620504562
0.999251663684845,0.9843386884914621,0.2490095340336886
0.9992384910583496,0.9843686970552642,0.24949518186233163
0.9992311000823975,0.984398590840463,0.24998082969097463
0.999220609664917,0.9844283705043199,0.2504664775196176
0.9992061257362366,0.9844580366990875,0.2509521253482606
0.9991963505744934,0.9844875900720577,0.25143777317690363
0.9991859793663025,0.9844171411447408,0.25189786059351277
0.9991770386695862,0.9843469591226321,0.2523579480101219
0.999165415763855,0.9841775301024978,0.25279247501469726
0.9991532564163208,0.984207389749702,0.2532781228433402
0.9991427659988403,0.9842371369088926,0.25376377067198325
0.9991316199302673,0.9842667722145261,0.2542494185006262
0.9991186261177063,0.9841975308641975,0.2547095059172354
0.9991037249565125,0.9841285488958991,0.25516959333384454
0.9990946054458618,0.9841582209977369,0.25565524116248756
0.999083399772644,0.9840895698291102,0.2561153285790967
0.999072790145874,0.9840211743946672,0.2565754159957058
0.9990577101707458,0.9840508806262231,0.25706106382434885
0.9990429282188416,0.9840804766090439,0.25754671165299187
0.999032735824585,0.9841099629557418,0.25803235948163483
0.9990236759185791,0.9840420356135059,0.258492446898244
0.9990140199661255,0.9840699368625546,0.25895253431485316
0.9990015625953674,0.9840992825286019,0.2594381821434962
0.9989833235740662,0.9841285202748475,0.25992382997213914
0.9989739656448364,0.9840610510046368,0.26038391738874833
0.9989633560180664,0.9840902516632919,0.2608695652173913
0.998950183391571,0.9839268527430222,0.2613040922219666
0.9989339709281921,0.9838601210490922,0.2617641796385758
0.9989243149757385,0.9838895281933256,0.26224982746721875
0.9989107847213745,0.9839188283717814,0.2627354752958618
0.998897910118103,0.983948022167017,0.26322112312450474
0.9988840222358704,0.9837863614687649,0.2636556501290801
0.9988744854927063,0.9838156892612339,0.26414129795772306
0.9988619089126587,0.9838449111470113,0.2646269457863661
0.9988526105880737,0.9838740276987289,0.26511259361500905
0.9988399147987366,0.9839030394848972,0.26559824144365207
0.9988189339637756,0.9839319470699432,0.2660838892722951
0.9988068342208862,0.9839607510142466,0.26656953710093806
0.9987871050834656,0.9838952721793182,0.26702962451754725
0.998778760433197,0.9839240387327254,0.2675152723461902
0.9987574815750122,0.9839527027027027,0.26800092017483323
0.998740017414093,0.9839812646370023,0.2684865680034762
0.9987249970436096,0.9840097250794838,0.2689722158321192
0.998711109161377,0.9840380845701484,0.2694578636607622
0.9986943602561951,0.9840663436451733,0.2699435114894052
0.9986749291419983,0.9840945028369454,0.27042915931804823
0.9986636638641357,0.9840282291763395,0.27086368632262353
0.9986473917961121,0.9840563589173156,0.2713493341512665
0.9986341595649719,0.9838067918941427,0.27175830074380797
0.9986113905906677,0.9837428413079623,0.27221838816041716
0.9986003041267395,0.9836791147994467,0.2726784755770263
0.9985872507095337,0.9836156111929307,0.2731385629936355
0.9985663294792175,0.9835523293209593,0.2735986504102446
0.9985443353652954,0.9835809943129701,0.27408429823888764
0.9985213875770569,0.9836095595641425,0.2745699460675306
0.998501181602478,0.9836380255941499,0.2750555938961736
0.9984843134880066,0.9835751437174924,0.27551568131278276
0.9984636306762695,0.9836035707779195,0.2760013291414258
0.998446524143219,0.9836318996089842,0.27648697697006874
0.9984317421913147,0.9834785766158315,0.27692150397464405
0.9984146356582642,0.9835070231082917,0.27740715180328707
0.998396098613739,0.9834449068210602,0.2778672392198962
0.998374342918396,0.9834733134651856,0.2783528870485392
0.9983612895011902,0.9833213126577713,0.2787874140531145
0.9983338713645935,0.9833498334983349,0.27927306188175754
0.9983134269714355,0.9831087151841869,0.279682028474299
0.9982926249504089,0.9830478069782044,0.28014211589090815
0.998267650604248,0.982987106017192,0.28060220330751734
0.9982491731643677,0.9828372217752749,0.28103673031209264
0.9982292056083679,0.9828663216134214,0.2815223781407356
0.9982060194015503,0.9828953229398664,0.28200802596937863
0.9981889128684998,0.982922707462421,0.28246811338598776
0.998164713382721,0.98277393003019,0.2829026403905631
0.9981441497802734,0.9827142983778034,0.28336272780717225
0.9981189370155334,0.9827433628318584,0.2838483756358153
0.9980890154838562,0.9827723297111052,0.28433402346445824
0.9980685114860535,0.9828011995060857,0.28481967129310126
0.9980424642562866,0.9828299727040591,0.2853053191217442
0.9980157613754272,0.9828586497890295,0.28579096695038725
0.9979938268661499,0.982799473453269,0.2862510543669964
0.9979706406593323,0.9827404941300157,0.28671114178360557
0.9979491829872131,0.9826817108370507,0.2871712292002147
0.9979255199432373,0.9825358016067063,0.28760575620479
0.997900128364563,0.9825647284456456,0.28809140403343303
0.9978579878807068,0.9824194952132289,0.28852593103800833
0.9978245496749878,0.9824485185506995,0.28901157886665135
0.9978066682815552,0.9824774462179042,0.2894972266952943
0.997783362865448,0.9825062786871048,0.28998287452393734
0.9977548122406006,0.9825350164274598,0.2904685223525803
0.9977226853370667,0.9824773413897281,0.2909286097691895
0.9976958632469177,0.9825060324026198,0.29141425759783246
0.997665286064148,0.9824485933063752,0.29187434501444165
0.9976348876953125,0.9824772375880433,0.2923599928430846
0.9976118803024292,0.9825057885258555,0.29284564067172764
0.9975820779800415,0.9824486301369864,0.29330572808833677
0.9975495934486389,0.9824756368610019,0.29376581550494596
0.9975252747535706,0.9822480157036784,0.29417478209748743
0.99750155210495,0.9822767552828903,0.2946604299261304
0.9974743723869324,0.9822203317737133,0.2951205173427396
0.9974453449249268,0.9822490232716155,0.29560616517138255
0.997417688369751,0.9822776223183244,0.29609181300002557
0.9973915815353394,0.9821368100237047,0.2965263400046009
0.9973651766777039,0.9819119262953259,0.29693530659714235
0.9973326921463013,0.9817721518987341,0.29736983360171765
0.997286319732666,0.9818013311989215,0.29785548143036067
0.9972569346427917,0.9817462987886945,0.2983155688469698
0.9972214102745056,0.9815234735869657,0.2987245354395113
0.9971922039985657,0.9815529096092571,0.2992101832681543
0.9971491694450378,0.9814148179154458,0.2996447102727296
0.9971101880073547,0.9813607489134069,0.30010479768933873
0.9970701932907104,0.9813068513727781,0.3005648851059479
0.9970272183418274,0.9810864855857357,0.3009738516984894
0.9969967603683472,0.9810331919141503,0.3014339391150985
0.9969364404678345,0.981063122923588,0.30191958694374155
0.996912956237793,0.9810100339995025,0.3023796743603507
0.9968421459197998,0.9809571121046531,0.30283976177695987
0.9968024492263794,0.9808216913284286,0.3032742887815352
0.9967671632766724,0.9808517662594916,0.30375993661017814
0.9967286586761475,0.980716934487021,0.3041944636147535
0.9966962337493896,0.9806648017113707,0.30465455103136263
0.9966478943824768,0.9806933946763062,0.30511463844797176
0.9966126084327698,0.9806414568124026,0.30557472586458095
0.9965673685073853,0.9805077805077805,0.30600925286915626
0.996536374092102,0.9805380652547224,0.3064949006977992
0.9965046644210815,0.9804866100587851,0.3069549881144084
0.9964650869369507,0.9804353142577648,0.30741507553101755
0.9964281916618347,0.9804655705681263,0.30790072335966057
0.9963892698287964,0.9802519301097115,0.30830968995220204
0.9963533878326416,0.9802012333657903,0.30876977736881117
0.9962820410728455,0.980231710281131,0.3092554251974542
0.996228814125061,0.9802620935123766,0.30974107302609716
0.9961804151535034,0.9801308456505936,0.3101756000306725
0.9961432814598083,0.9800806451612903,0.31063568744728165
0.9960950016975403,0.9800305982768339,0.3110957748638908
0.9960579872131348,0.9800611030712333,0.3115814226925338
0.9960150122642517,0.9800915148109497,0.3120670705211768
0.9959489107131958,0.97996152613017,0.31250159752575213
0.9958992600440979,0.9799119647859144,0.31296168494236126
0.9958503246307373,0.9798625539395877,0.31342177235897045
0.9957824945449829,0.9797335035506264,0.31385629936354575
0.9957467913627625,0.9796845124282982,0.3143163867801549
0.9957085847854614,0.9796356693978204,0.3147764741967641
0.9956432580947876,0.9796664019062749,0.31526212202540704
0.995591938495636,0.9795384249345706,0.31569664902998235
0.9955509901046753,0.9794108330693696,0.3161311760345577
0.9954907298088074,0.9793610627866519,0.316565703039133
0.9954432249069214,0.9793130675088827,0.31702579045574214
0.995387852191925,0.9792652160201829,0.31748587787235133
0.9953373074531555,0.9792962292371881,0.3179715257009943
0.9952825903892517,0.9793271498192108,0.3184571735296373
0.9952228665351868,0.9792794914056981,0.31891726094624645
0.9951674938201904,0.97923197492163,0.3193773483628556
0.995124876499176,0.9791063463494796,0.31981187536743094
0.9950785636901855,0.9791373652133146,0.3202975231960739
0.9949889779090881,0.9791682921120387,0.32078317102471693
0.9949566721916199,0.9791212215643502,0.32124325844132606
0.9949000477790833,0.9791520809023726,0.3217289062699691
0.9948539137840271,0.9791828491533323,0.32221455409861205
0.9948049187660217,0.9790584037849996,0.3226490811031874
0.9947500824928284,0.9789343246592317,0.3230836081077627
0.9946809411048889,0.9789652772407393,0.3235692559364057
0.9946315288543701,0.978996138996139,0.3240549037650487
0.994566798210144,0.9787955894826124,0.32446387035759017
0.9945034980773926,0.9786726208808131,0.32489839736216547
0.9944682121276855,0.9786268932113478,0.32535848477877466
0.994416356086731,0.9784277598648856,0.32576745137131613
0.9943763017654419,0.9784591797623611,0.3262530991999591
0.994316041469574,0.9783374157991427,0.3266876262045344
0.9942334294319153,0.9782160055033249,0.32712215320910976
0.9941773414611816,0.9782475957869028,0.3276078010377527
0.9941225647926331,0.9780487804878049,0.32799120721826036
0.9940518736839294,0.9780044143389908,0.3284512946348695
0.9939961433410645,0.9778841769265846,0.32888582163944485
0.9939436316490173,0.977688396448357,0.3292947882319863
0.9939002990722656,0.9776447408305547,0.32975487564859546
0.9938604831695557,0.9776768823306848,0.3302405234772385
0.9937666654586792,0.9776333685960406,0.3307006108938476
0.9936943650245667,0.9775145250132046,0.3311351378984229
0.9936316609382629,0.977546714888487,0.33162078572706594
0.9935523271560669,0.9775788127304191,0.3321064335557089
0.9935019612312317,0.9775356874530429,0.3325665209723181
0.9934483766555786,0.9774926851226649,0.3330266083889272
0.9933640956878662,0.977374887623614,0.33346113539350253
0.9932855367660522,0.9773322361038378,0.3339212228101117
0.9932076334953308,0.9772897056626326,0.33438131022672085
0.9931208491325378,0.9771726967549422,0.33481583723129615
0.9930216670036316,0.9769815256257449,0.3352248038238376
0.9929191470146179,0.9767908948895336,0.3356337704163791
0.992811381816864,0.9766750854256425,0.3360682974209544
0.9927547574043274,0.9766337808767895,0.3365283848375636
0.9926531910896301,0.9765185185185186,0.3369629118421389
0.9925404191017151,0.9765515200828464,0.3374485596707819
0.9924696087837219,0.9764366967055695,0.3378830866753572
0.9923719167709351,0.9763959578077746,0.33834317409196635
0.9922688603401184,0.9762062615101289,0.338726580272474
0.9921699166297913,0.9759452699720464,0.3391099864529816
0.9920778870582581,0.9759788437522956,0.3395956342816246
0.9920375347137451,0.9758656103286385,0.34003016128619995
0.9919637441635132,0.9757526921104681,0.34046468829077525
0.9918822646141052,0.9757132406730066,0.3409247757073844
0.9917662739753723,0.975454744685514,0.341308181887892
0.9916930794715881,0.9753428654800117,0.34174270889246733
0.9916055202484131,0.9753769942449187,0.34222835672111035
0.9914993643760681,0.9752655317910665,0.34266288372568565
0.9914181232452393,0.9752996730839084,0.3431485315543287
0.9913402199745178,0.9751886244921648,0.343583058558904
0.9912275671958923,0.975222777657031,0.34406870638754694
0.9911136031150818,0.9752568369266387,0.34455435421618996
0.9909989833831787,0.9750018062278737,0.3449377603966976
0.9909119606018066,0.9748196248196248,0.3453467269892391
0.9908154010772705,0.974565890914331,0.3457301331697467
0.9907091856002808,0.9745287091667866,0.34619022058635585
0.9906301498413086,0.9744916289430193,0.34665030800296504
0.9904836416244507,0.9743828932261768,0.34708483500754034
0.990347146987915,0.9743461125044787,0.34754492242414947
0.9902632832527161,0.9740231859167024,0.3479027681926233
0.9901918172836304,0.973915529193168,0.3483372951971986
0.99003005027771,0.9735940622323722,0.3486951409656724
0.9899260997772217,0.9736298196849833,0.34918078879431536
0.9898438453674316,0.9735212470638479,0.3495897553868568
0.9896994233131409,0.9733437588854137,0.3499987219793983
0.9895747303962708,0.973379711791013,0.3504843698080413
0.9894607663154602,0.9733446760243868,0.35094445722465045
0.989365816116333,0.9732389380530974,0.35137898422922575
0.9892415404319763,0.973204185520362,0.35183907164583494
0.9891049265861511,0.9731695262303184,0.3522991590624441
0.9889517426490784,0.9730644478916937,0.3527336860670194
0.9888790845870972,0.9728188155763678,0.353117092247527
0.9887667298316956,0.9727848101265822,0.3535771796641362
0.9886606931686401,0.9726806657770911,0.3540117066687115
0.9885340332984924,0.9726469350540048,0.35447179408532065
0.988381028175354,0.9724732086572809,0.3548807606778621
0.9882234930992126,0.9723698936765529,0.3553152876824374
0.9880824089050293,0.9721969961578764,0.3557242542749789
0.9879245758056641,0.9721640853913771,0.3561843416915881
0.9878519773483276,0.9719222462203023,0.3565677478720957
0.9877713918685913,0.971611466740885,0.35692559364056947
0.9875779747962952,0.9714404836356055,0.35733456023311094
0.9874723553657532,0.9712005551700208,0.3577179664136186
0.9873283505439758,0.9711691731928754,0.3581780538302277
0.987187385559082,0.9710686600221484,0.3586125808348031
0.9870261549949646,0.9708301652035667,0.3589959870153107
0.9869009852409363,0.9707303603479221,0.359430514019886
0.9867837429046631,0.9707687004481214,0.359916161848529
0.9866310954093933,0.9707360738139503,0.36035068885310434
0.9864686727523804,0.970499243570348,0.3607340950336119
0.986336350440979,0.9704690611908523,0.3611941824502211
0.9862555265426636,0.9702331961591221,0.36157758863072875
0.9861268997192383,0.9699979450647305,0.36196099481123634
0.9859868884086609,0.9698317143248051,0.3623699614037778
0.9858919978141785,0.9694609551137529,0.3627022467602178
0.9856776595115662,0.9692276200873362,0.3630856529407254
0.9855033159255981,0.9691993185689949,0.36354574035733456
0.9853560328483582,0.968898870287192,0.36390358612580836
0.9852059483528137,0.9686671650920954,0.364286992306316
0.9851137399673462,0.9684360575617703,0.3646703984868236
0.984967052936554,0.9682055453867534,0.3650538046673312
0.9848344326019287,0.9681110358835477,0.36548833167190653
0.9846817255020142,0.9680843870444249,0.3659484190885157
0.9845464825630188,0.9678552133981632,0.36633182526902336
0.9843528866767883,0.9674917380454576,0.3666641106254633
0.9842526316642761,0.9671291930486327,0.3669963959819032
0.9839969873428345,0.9670366633030609,0.36743092298647856
0.9838123917579651,0.9669443697930664,0.36786544999105386
0.9835666418075562,0.9667181104475608,0.3682488561715615
0.9834709763526917,0.9664254121431444,0.36860670194003525
0.9832988381385803,0.9662003881935614,0.3689901081205429
0.9831817746162415,0.9661096256684492,0.3694246351251182
0.982964038848877,0.9658832955000668,0.369782480893592
0.9828274250030518,0.9655931186237248,0.3701403266620658
0.982658326625824,0.9654368673415024,0.3705492932546073
0.9825104475021362,0.9650814765547057,0.3708815786110472
0.9823011159896851,0.965059120499535,0.3713416660276564
0.9821904897689819,0.9649041332183375,0.37175063262019786
0.9819907546043396,0.9645507553670819,0.3720829179766378
0.9817438125610352,0.9642644431209053,0.3724407637451116
0.9814412593841553,0.9643093192333113,0.37292641157375456
0.9812946319580078,0.9642880718199222,0.37338649899036375
0.9810656905174255,0.9641350210970464,0.3737954655829052
0.9808544516563416,0.9640481991176664,0.3742299925874805
0.9805843830108643,0.9640273576219913,0.37469008000408965
0.9804272651672363,0.9638095238095238,0.3750734861845973
0.9802799224853516,0.9635922330097088,0.37545689236510493
0.9800096154212952,0.9633754831946537,0.37584029854561257
0.9798007011413574,0.9631592723465515,0.3762237047261202
0.9795986413955688,0.9628128880465329,0.37655599008256013
0.9793869853019714,0.9627284595300261,0.37699051708713543
0.9791706800460815,0.9625138535758524,0.3773739232676431
0.9788982272148132,0.9622997786170074,0.3777573294481507
0.9787075519561768,0.9622162970670481,0.378191856452726
0.9785786271095276,0.9620680696284749,0.3786008230452675
0.9783646464347839,0.9618553357119689,0.3789842292257751
0.9782031774520874,0.9616431255669301,0.37936763540628277
0.9780208468437195,0.9614936577789283,0.3797510415867904
0.9777420163154602,0.9611531252019908,0.3800833269432303
0.9775874018669128,0.9610071013557133,0.3804922935357718
0.9773920774459839,0.9607324779160488,0.3808501393042456
0.9771271347999573,0.9605229263266357,0.3812335454847532
0.9769048690795898,0.9603782080144079,0.38164251207729466
0.9766985774040222,0.9602338429911346,0.38205147866983613
0.9764559268951416,0.9598973371831889,0.3823837640262761
0.9761770963668823,0.9595616508587541,0.38271604938271603
0.9759613275527954,0.959354797414069,0.38309945556322367
0.9757461547851562,0.9592763073775732,0.38353398256779897
0.975492000579834,0.9591341549070941,0.38394294916034044
0.975305438041687,0.9588647959183674,0.38430079492881425
0.9751095175743103,0.9587234855723294,0.3847097615213557
0.9749121069908142,0.9585825168596513,0.3851187281138972
0.9746039509773254,0.958378344029993,0.38550213429440483
0.974384069442749,0.9582381315054582,0.3859111008869463
0.974097728729248,0.9580348652931854,0.38629450706745394
0.9739360809326172,0.9576421425857921,0.38660123201186003
0.973711371421814,0.9575033200531209,0.3870101986044015
0.9735151529312134,0.9571753410813543,0.3873424839608414
0.9731970429420471,0.9569743233865371,0.38772589014134906
0.9730334281921387,0.9566477630749842,0.38805817549778904
0.9727994799613953,0.9563849203851721,0.3884160212662628
0.9725750088691711,0.9562484284636661,0.38882498785880426
0.9723568558692932,0.9560467160617857,0.38918283362727807
0.972132682800293,0.9556600815302603,0.38948955857168416
0.9719510078430176,0.9552743673264846,0.3897962835160903
0.9716320633888245,0.9550147031220672,0.39015412928456406
0.9713290929794312,0.9547556555430571,0.39051197505303786
0.9711452722549438,0.9542475500905062,0.3907675791733763
0.9707952737808228,0.9538653366583542,0.3910743041177824
0.9705917239189148,0.9536085684040102,0.3914321498862562
0.9704287052154541,0.9533524070157979,0.39178999565472994
0.9701631665229797,0.9532210970988383,0.3921989622472714
0.9699493646621704,0.9528418962521717,0.39250568719167755
0.9695771336555481,0.95252556554075,0.3928379725481175
0.9692592024803162,0.9521480747802402,0.39314469749252356
0.9689428210258484,0.9519569653125579,0.3935281036730312
0.9686036109924316,0.9518280632411067,0.3939370702655727
0.9683419466018677,0.9517611498365307,0.394371597270148
0.9680304527282715,0.9514479359211337,0.39470388262658795
0.9677209854125977,0.9510739122407533,0.39501060757099404
0.9675145149230957,0.9505778214900418,0.39526621169133247
0.9673194885253906,0.9502670841775649,0.3955984970477724
0.9670282006263733,0.9500183981356556,0.3959563428162462
0.966846764087677,0.9498928024502297,0.39636530940878767
0.966590166091919,0.9495227606461086,0.39667203435319376
0.9663388729095459,0.949275805170201,0.39702988012166757
0.9659953713417053,0.9491484036383615,0.3974132863021752
0.9657039046287537,0.9488414634146342,0.3977455716586151
0.9654659628868103,0.9486570436689201,0.39812897783912277
0.9651095867156982,0.9483513809465872,0.3984612631955627
0.9648768901824951,0.9479248951813818,0.398742427727935
0.9645711183547974,0.9478028647730031,0.39915139432047647
0.9643207788467407,0.9473779933313126,0.39943255885284873
0.9640328288078308,0.9472568729562795,0.3998415254453902
0.9636532068252563,0.9471360309683663,0.40025049203793167
0.9634652733802795,0.9470154664088932,0.40065945863047314
0.9631291031837463,0.94677448554704,0.4010173043989469
0.9628509879112244,0.9466546112115732,0.40142627099148837
0.9626314043998718,0.9462941778553796,0.4017329959358945
0.9623244404792786,0.9459345681982199,0.4020397208803006
0.9620842933654785,0.945635850303358,0.4023720062367405
0.9617130160331726,0.9453978159126365,0.40272985200521433
0.961426317691803,0.9448606532813905,0.4029598957135189
0.9611352682113647,0.9445641762452107,0.40329218106995884
0.9609084725379944,0.9443879686659092,0.4036755872504665
0.9605096578598022,0.943973240950902,0.40395675178283874
0.9600663781166077,0.9436191158045463,0.40426347672724483
0.9598343968391418,0.9432657926102503,0.4045702016716509
0.9596279859542847,0.9428537412941247,0.40485136620402323
0.9592891931533813,0.9424426210013082,0.4051325307363955
0.959047257900238,0.9422106075904259,0.40549037650486924
0.9587618708610535,0.9419756748739246,0.4058226618613092
0.9584857821464539,0.9418039587531113,0.40620606804181686
0.9579808712005615,0.9414550405493399,0.40651279298622295
0.9576814770698547,0.9411660359508042,0.40684507834266287
0.9573717713356018,0.9410548697655189,0.40725404493520434
0.9570642709732056,0.9407669616519174,0.4075863302916443
0.9567484855651855,0.9403029052978962,0.40784193441198274
0.9564676880836487,0.9398987520602778,0.408123098944355
0.9560110569000244,0.9394367025342506,0.4083787030646934
0.9555934071540833,0.9393280864560084,0.4087876696572349
0.9554029703140259,0.9391610442945145,0.4091710758377425
0.9550323486328125,0.9389357712142522,0.4095289216062163
0.9546816349029541,0.9387109992390096,0.4098867673746901
0.9542946815490723,0.9383697813121272,0.4101934923190962
0.9539231061935425,0.9381461363238128,0.41055133808757
0.9535862803459167,0.937806301050175,0.4108580630319761
0.953211784362793,0.9374672183693689,0.4111647879763822
0.9529047012329102,0.9370706717894982,0.41144595250875443
0.952584445476532,0.9366750014537419,0.4117271170411267
0.952245831489563,0.9361640334572491,0.4119571607494313
0.9519211649894714,0.9358282564548883,0.4122638856938374
0.9516081809997559,0.9353773038136084,0.4125194898141758
0.9512746334075928,0.934927343252475,0.4127750939345142
0.9509797692298889,0.9345940319222762,0.4130818188789203
0.9507160782814026,0.9342614522557912,0.41338854382332646
0.9503799080848694,0.9339257891395926,0.4136697083556987
0.9498261213302612,0.9335946506801936,0.4139764333001048
0.9494439363479614,0.9331490758334773,0.41423203742044323
0.9491854906082153,0.9327619924076843,0.4145132019528155
0.9488511681556702,0.9322608445848894,0.41474324566112003
0.9483835697174072,0.9321625344352618,0.41515221225366156
0.947994589805603,0.931949779281087,0.4155100580221353
0.9476479291915894,0.9318520215324705,0.4159190246146768
0.947405219078064,0.9314684514615869,0.41620018914704904
0.9470312595367432,0.9309714285714286,0.41643023285535363
0.9468197226524353,0.9305896455277127,0.4167113973877259
0.9465102553367615,0.9302657087467214,0.417018122332132
0.9462957382202148,0.9299424730876573,0.4173248472765381
0.9459663033485413,0.929676832043696,0.41765713263297805
0.9456545114517212,0.9292980960500142,0.4179382971653503
0.9452043175697327,0.9288634041103667,0.41819390128568873
0.9447903037071228,0.9284296489536664,0.41844950540602716
0.9445293545722961,0.9281101291638342,0.41875623035043325
0.9441502690315247,0.9277912964744497,0.41906295529483933
0.9438888430595398,0.92736009044658,0.41931855941517776
0.9434688687324524,0.9270427466260094,0.41962528435958385
0.9430331587791443,0.9267824909747292,0.4199575697160238
0.9427181482315063,0.9262974023778667,0.4201876134243284
0.9424058794975281,0.9260385005065856,0.42051989878076834
0.9420504570007324,0.9256072874493927,0.42074994248907294
0.9417215585708618,0.9250688086277594,0.42095442578534364
0.9414342045783997,0.924868140500505,0.42131227155381745
0.9409944415092468,0.9243315957625694,0.42151675485008816
0.9405713677406311,0.9237961926091826,0.4217212381463589
0.9402799606323242,0.9235415850998377,0.42205352350279884
0.9399871826171875,0.9230081573360152,0.4222580067990696
0.9396613836288452,0.9228665513199754,0.42264141297957725
0.9393038749694824,0.9227252453166815,0.4230248191600849
0.9389728903770447,0.9224728487886382,0.4233571045165248
0.9384716749191284,0.9220540781128297,0.42361270863686323
0.938086748123169,0.9218029233590841,0.42394499399330315
0.9377214908599854,0.9212747057517211,0.4241494772895739
0.9373185038566589,0.920747601353225,0.4243539605858446
0.9369096159934998,0.9201662049861495,0.42453288347008156
0.9366323947906494,0.9197520615418673,0.42478848759042
0.9363998770713806,0.9195046439628483,0.4251207729468599
0.9360640048980713,0.9193129728834153,0.4254786187153337
0.9357303977012634,0.919011364890213,0.4257853436597398
0.9354069828987122,0.9186001653348029,0.4260409477800782
0.9350181818008423,0.9180797181237613,0.42624543107634894
0.9346189498901367,0.9175603585766925,0.4264499143726197
0.9343089461326599,0.9172618393583123,0.4267566393170258
0.9339514374732971,0.9169090609736019,0.42703780384939805
0.9335454702377319,0.9162828947368421,0.4271911663216011
0.9332200884819031,0.9158724942490963,0.4274212100299057
0.9327488541603088,0.9156316682168846,0.4277534953863456
0.9322116374969482,0.9152273721031919,0.42800909950668403
0.9317868947982788,0.9148239148239148,0.42826470362702246
0.931370735168457,0.914366750299989,0.42849474733532705
0.9310408234596252,0.913856045333188,0.42869923063159776
0.9306733012199402,0.9134008273459613,0.42892927433990236
0.9302688837051392,0.9129465499429068,0.42915931804820695
0.9299460649490356,0.9127104834329169,0.42949160340464687
0.9295382499694824,0.9121493298605459,0.4296705262888838
0.9292292594909668,0.9118603642671292,0.4299772512332899
0.9287960529327393,0.9114095413440191,0.43020729494159443
0.9284611344337463,0.9112842150816834,0.43059070112210207
0.9278818964958191,0.9109429883815185,0.43087186565447433
0.9274528622627258,0.9104405096091557,0.4310763489507451
0.9269370436668396,0.9099929892681875,0.4313063926590497
0.9265725612640381,0.9096541320978343,0.43158755719142194
0.9262050986289978,0.9092621495075615,0.43184316131176037
0.9258307218551636,0.9087096774193548,0.43202208419599725
0.9254255890846252,0.908373167194801,0.4323032487283695
0.9248844981193542,0.9080909968880782,0.4326099736727756
0.9246066212654114,0.9075414053706383,0.4327888965570125
0.9242193698883057,0.9071535660741058,0.4330445006773509
0.923685610294342,0.9067130248729607,0.4332745443856555
0.9232585430145264,0.9062733782195148,0.4335045880939601
0.9227633476257324,0.9059897501601537,0.43378575262633234
0.9223448038101196,0.905658364887206,0.4340669171587046
0.9218837022781372,0.9053809270111881,0.4343736421031107
0.9215902090072632,0.9049443823513758,0.4346036858114153
0.9211404919624329,0.9045618885580604,0.4348592899317537
0.9205197095870972,0.9042863971955171,0.4351660148761598
0.9202131628990173,0.9040114613180515,0.4354727398205659
0.9196756482124329,0.9037370792472833,0.43577946476497204
0.9193867444992065,0.9033573395467062,0.4360350688853104
0.9190225601196289,0.9028196582553034,0.43621399176954734
0.9186456203460693,0.9022302082232322,0.4363673542417504
0.9181686043739319,0.9019059183781215,0.43664851877412264
0.9177261590957642,0.9012658227848102,0.43677632083429185
0.917276918888092,0.9009431476895516,0.4370574853666641
0.9169570207595825,0.9004105695336351,0.437236408250901
0.9166617393493652,0.8998264710522165,0.43738977072310403
0.9163270592689514,0.8995587308258037,0.4376964956675102
0.9160009026527405,0.8991865652059827,0.4379520997878486
0.9154850840568542,0.8988151410296739,0.438207703908187
0.9151474237442017,0.8983920808673336,0.43843774761649157
0.9147371649742126,0.8979698618668899,0.43866779132479616
0.914257824420929,0.8973916679734463,0.4388211537969992
0.9138471484184265,0.8970757180156658,0.43910231832937147
0.913446843624115,0.8966560592623507,0.43933236203767606
0.9129775166511536,0.8961797050085996,0.43951128492191294
0.9125633835792542,0.8956055399354368,0.439664647394116
0.9122615456581116,0.8952405721716515,0.4399202515144544
0.9117336869239807,0.8947723965911453,0.44012473481072517
0.9112745523452759,0.8942532315838655,0.44030365769496205
0.9107146263122559,0.8940462607613318,0.44063594305140197
0.9101806282997131,0.8936842650639863,0.4408915471717404
0.9097079634666443,0.8935300207039337,0.4412493929402142
0.9092236161231995,0.8930658255338952,0.4414538762364849
0.9087989330291748,0.8926025415848745,0.4416583595327557
0.9085065722465515,0.892243381328379,0.4419139636530941
0.9081212878227234,0.8918849247267477,0.4421695677734325
0.9077504277229309,0.8916301828483132,0.4424762927178386
0.9074687957763672,0.891015745600494,0.44260409477800783
0.9071875214576721,0.8906081324217344,0.4428341384863124
0.9070256948471069,0.8902013147082991,0.44306418219461696
0.9065897464752197,0.8896926786722077,0.4432431050788539
0.9061501622200012,0.8892362890825218,0.4434475883751246
0.9056889414787292,0.8887807875467254,0.44365207167139536
0.9052967429161072,0.8882750153468385,0.44383099455563224
0.9048240780830383,0.8877191189247202,0.4439843570278353
0.904462456703186,0.8873685285407944,0.4442399611481737
0.9041085243225098,0.8870186176995665,0.44449556526851214
0.9036237001419067,0.8865674684060334,0.44470004856478285
0.9031561017036438,0.8861171918749682,0.4449045318610536
0.9027320742607117,0.8857128325110625,0.4451090151573243
0.9022992253303528,0.8853150406504066,0.4453390588656289
0.9018388390541077,0.8846134321539164,0.44541574010173046
0.9013470411300659,0.8843188964398012,0.4456969046341027
0.9007747173309326,0.8838729290165679,0.4459013879303734
0.9004400968551636,0.8838327596679489,0.4463103545229149
0.9001451134681702,0.8833881163084703,0.44651483781918566
0.8996685743331909,0.8830958876427201,0.4467960023515579
0.8991662859916687,0.8827032756271135,0.44702604605986246
0.8987226486206055,0.8822609923356192,0.4472305293561332
0.898222804069519,0.8817691803939348,0.4474094522403701
0.8976325988769531,0.8815299446401611,0.44771617718477624
0.8972167372703552,0.8810397707275378,0.4478951000690131
0.8967414498329163,0.8807514567008238,0.4481762646013854
0.8963838219642639,0.8803131429718473,0.4483807478976561
0.8960068821907043,0.8799257996590795,0.4486107916059607
0.8955455422401428,0.8793388429752066,0.4487385936661299
0.8951072096824646,0.878953162530024,0.4489686373744345
0.894465446472168,0.8787681847722841,0.4493009227308744
0.8940845727920532,0.8784337229048047,0.44955652685121283
0.8938189744949341,0.8779502020857243,0.4497354497354497
0.8934438824653625,0.8774177467597208,0.4498888122076528
0.8930239081382751,0.8769859056725933,0.4500932955039235
0.8926070928573608,0.8764553686934023,0.45024665797612656
0.8923090100288391,0.8759258338718496,0.4504000204483296
0.8919435739517212,0.8755897690588528,0.4506300641566342
0.891328752040863,0.8750620224273097,0.45078342662883725
0.8909614682197571,0.8744856987061914,0.45091122868900646
0.8905766010284424,0.8739599841521395,0.4510645911612095
0.8902002573013306,0.8733363020137549,0.4511668328093449
0.8898314833641052,0.8729609490855166,0.4513968765176495
0.8892146348953247,0.8726356857128748,0.4516524806379879
0.8887050151824951,0.8722123544503652,0.4518569639342586
0.888396143913269,0.871740523487948,0.4520358868184955
0.8878840804100037,0.8713188220230473,0.45224037011476625
0.8874968886375427,0.8708979089790898,0.45244485341103696
0.886996865272522,0.8702811639795517,0.45254709505917234
0.8864464163780212,0.869911113293719,0.45277713876747694
0.8859206438064575,0.8696398783240114,0.4530583032998492
0.8855132460594177,0.8692711141610705,0.4532883470081538
0.8851434588432312,0.8688050930460333,0.45346726989239067
0.8848614692687988,0.8684377904985566,0.45369731360069526
0.8844684362411499,0.8680222895688728,0.45390179689696597
0.8839643001556396,0.8676563949797333,0.45413184060527056
0.8836254477500916,0.8671935987509758,0.45431076348950744
0.8831236362457275,0.8668778942237387,0.45456636760984587
0.8826571106910706,0.8666601733709944,0.45487309255425196
0.8822094202041626,0.8663942003600448,0.4551542570866242
0.8818809986114502,0.8662259381683842,0.4554865424430642
0.8814563155174255,0.8657115104419622,0.4556143445032334
0.8809151649475098,0.8653500897666068,0.45584438821153794
0.8804917335510254,0.8650862904789607,0.45612555274391026
0.8800535798072815,0.8645808107715407,0.4562789152161133
0.8794865608215332,0.8641730378399303,0.456483398512384
0.8791684508323669,0.8635726371766981,0.4565856401605194
0.8786827921867371,0.8631182380216383,0.45676456304475627
0.878242552280426,0.862568160980553,0.4568923651049255
0.8778067827224731,0.8620190916980041,0.4570201671650947
0.877305805683136,0.8616155291170946,0.45722465046136546
0.8767181634902954,0.86111645813282,0.4573780129335685
0.8762217164039612,0.8608586951295736,0.45765917746594076
0.875891923904419,0.8603131905082141,0.45778697952610997
0.8755265474319458,0.8598166722656813,0.457940341998313
0.875160813331604,0.8594169543536632,0.4581448252945837
0.8747296333312988,0.8590179640718563,0.4583493085908545
0.8741679191589355,0.8586196994352445,0.4585537918871252
0.8737280368804932,0.8581265241715679,0.4587071543593283
0.8731487393379211,0.8574909229887254,0.4587838355954298
0.872572124004364,0.8570951267242614,0.45898831889170055
0.8718289136886597,0.8567000476871721,0.45919280218797126
0.8713588118553162,0.8561151079136691,0.45929504383610664
0.8707395195960999,0.8556264280274182,0.4594484063083097
0.8703321218490601,0.8549959575783517,0.45952508754441124
0.8700249195098877,0.8546042003231018,0.45972957084068194
0.8696298599243164,0.8541112799088493,0.45985737290085116
0.8692812919616699,0.8536735758668121,0.46003629578508803
0.8688330054283142,0.8531418822860393,0.46016409784525725
0.868445098400116,0.8524691065763932,0.46021521866932497
0.867682695388794,0.8521759697256386,0.4604708227896634
0.8670079708099365,0.8517888369015549,0.4606753060859341
0.8664174675941467,0.8514968363395977,0.4609309102062725
0.8661068677902222,0.8510166532999953,0.46108427267847557
0.8655480742454529,0.8503016591251885,0.4611098330905094
0.8652864694595337,0.8499175888862727,0.46131431638678017
0.8647158741950989,0.8496283052601863,0.4615699205071186
0.8642755150794983,0.8493395383819865,0.461825524627457
0.863571286201477,0.8487225248919782,0.4619022058635585
0.8629828095436096,0.8482473839801041,0.46205556833576156
0.8625423312187195,0.8478668541959681,0.4622600516320323
0.8620136380195618,0.8473464799288023,0.46238785369220153
0.8614574074745178,0.8469206289779109,0.4625667765764384
0.8610303401947021,0.8464020199186422,0.4626945786366076
0.8605419993400574,0.8458376156217883,0.462796820284743
0.8600233197212219,0.845414235705951,0.4629757431689799
0.8593717813491821,0.844898339861966,0.4631035452291491
0.858879804611206,0.844429949214928,0.46325690770135214
0.8583675622940063,0.844102038916302,0.46348695140965673
0.8576415777206421,0.8435886702944049,0.46361475346982595
0.8570341467857361,0.8431691449814126,0.4637936763540628
0.8566709160804749,0.8426037700807875,0.4638703575901644
0.8560240864753723,0.8421394442640442,0.4640237200623674
0.8555961847305298,0.8418149796069707,0.46425376377067196
0.8551205992698669,0.8413521648529753,0.46440712624287506
0.8546233177185059,0.8407976311649856,0.4645093678910104
0.8540270328521729,0.8403365229048213,0.4646627303632134
0.853640615940094,0.8400147792351745,0.464892774071518
0.853234589099884,0.8394628766554382,0.4649950157196534
0.8527924418449402,0.8390502535730752,0.4651739386038903
0.8523479104042053,0.8386383527569211,0.4653528614881272
0.8518670797348022,0.8383192194403535,0.46558290519643175
0.8513098359107971,0.8379086770589047,0.4657618280806687
0.8508409857749939,0.837452908205458,0.4659151905528717
0.8504033088684082,0.8369061280697728,0.46601743220100705
0.8498295545578003,0.8364061640066043,0.46614523426117627
0.8491140007972717,0.8359987169500068,0.4663241571454132
0.8483511209487915,0.8355461954033513,0.46647751961761624
0.8478701114654541,0.8350487168930973,0.46660532167778546
0.8473613858222961,0.8345978062157221,0.4667586841499885
0.8469876646995544,0.8341476779761633,0.46691204662219155
0.8464615941047668,0.8336527055388265,0.46703984868236076
0.8461626768112183,0.8332041755937457,0.4671932111545638
0.8455564379692078,0.8327108762980506,0.467321013214733
0.8451634645462036,0.8323549488054608,0.4675254965110038
0.8447980284690857,0.832037466466603,0.4677299798072745
0.8443159461021423,0.8315009994548428,0.46783222145540987
0.8437505960464478,0.831192410694022,0.46806226516371446
0.8431061506271362,0.8306575963718821,0.4681645068118498
0.8426195383071899,0.8300783905025149,0.46824118804795134
0.8421574831008911,0.8295454545454546,0.4683434296960867
0.841586709022522,0.8292396073641833,0.46857347340439126
0.8412107229232788,0.8288890897586549,0.468777956700662
0.8406816124916077,0.8284037028674645,0.46890575876083124
0.840244710445404,0.8279191481682007,0.46903356082100045
0.8397625088691711,0.8275706622188163,0.46923804411727116
0.8393804430961609,0.8271326907485812,0.4693914065894742
0.8387514352798462,0.8266504657756176,0.4695192086496434
0.8382294178009033,0.8262589928057554,0.46969813153388035
0.837765634059906,0.8258232625005616,0.4698514940060834
0.8372484445571899,0.825388275428674,0.47000485647828644
0.8367055058479309,0.8249540296900928,0.4701582189504895
0.8362634778022766,0.8246549560853199,0.4703882626587941
0.8358520865440369,0.8241325274233267,0.4704905043069294
0.8351026773452759,0.8237004562941755,0.4706438667791325
0.8348010182380676,0.8234032092254057,0.47087391048743704
0.8343461751937866,0.8229278313683458,0.47100171254760625
0.8338612914085388,0.8225425014501807,0.4711806354318432
0.8334856629371643,0.8221132411948283,0.47133399790404623
0.8330429196357727,0.8215956167312575,0.47143623955218156
0.8327075839042664,0.8212489428940224,0.4716151624364185
0.832389235496521,0.8208218447033709,0.47176852490862153
0.8319374322891235,0.8203510331037547,0.47189632696879075
0.8314927220344543,0.8198366187178121,0.47199856861692613
0.8310151696205139,0.8195005101361842,0.47220305191319684
0.8302482962608337,0.8190320007091569,0.47233085397336605
0.8298105597496033,0.8184314246490413,0.4723819747974337
0.8291866779327393,0.8179646017699115,0.4725097768576029
0.828810453414917,0.8175427737742605,0.47266313932980597
0.8280946612358093,0.8172100008834703,0.47286762262607673
0.8274592161178589,0.8168336496447014,0.4730465455103136
0.8270518779754639,0.8163256306226848,0.473148787158449
0.8265843987464905,0.8159947124917383,0.47335327045471975
0.8260927200317383,0.8157523994012503,0.4736088745750581
0.825627326965332,0.815114591123037,0.473634434987092
0.8251733779907227,0.8146976090014064,0.47378779745929506
0.8247363567352295,0.8141056607087963,0.4738389182833627
0.8243891596794128,0.8137779727950856,0.4740434015796335
0.8239315748214722,0.8134508308123987,0.4742478848759042
0.8234989047050476,0.8130366216926581,0.47440124734810724
0.8229330778121948,0.8126231015012912,0.4745546098203103
0.8223985433578491,0.8121228024140645,0.47465685146844566
0.8218497633934021,0.81192921127376,0.4749380160008179
0.8215014338493347,0.8115612993363605,0.47511693888505485
0.8211475014686584,0.8110631243729006,0.4752191805331902
0.8207849264144897,0.810644697266902,0.4753469825933594
0.8203437328338623,0.8102787456445993,0.4755259054775963
0.819949746131897,0.8096522912224204,0.47555146588963015
0.8196592330932617,0.8092008000695713,0.47567926794979937
0.8189836144447327,0.8087500543076857,0.4758070700099686
0.81842041015625,0.8083000520923771,0.4759348720701378
0.8178555965423584,0.8077206679679029,0.47598599289420546
0.8173708319664001,0.8073589321314033,0.47616491577844233
0.8169520497322083,0.8069111852076387,0.47629271783861155
0.8165090084075928,0.8064641744548287,0.47642051989878076
0.8160416483879089,0.806017898058882,0.47654832195894997
0.8156206607818604,0.8056155507559395,0.476701684431153
0.8151805400848389,0.805300185592818,0.4769061677274238
0.8145642876625061,0.8048128342245989,0.47700840937555916
0.8139545321464539,0.8043262808635325,0.4771106510236945
0.8135835528373718,0.8038405235511926,0.47721289267182987
0.8130611777305603,0.803355560335556,0.47731513431996525
0.8127053380012512,0.8029143741403026,0.47744293638013446
0.8122677206993103,0.8024739080015462,0.4775707384403037
0.8116941452026367,0.8020770749291907,0.4777241009125067
0.8112824559211731,0.8016808884696196,0.47787746338470977
0.8105038404464722,0.8012425021422451,0.478005265444879
0.8097900748252869,0.8008904490774433,0.47818418832911586
0.8093821406364441,0.8004534177431774,0.47831199038928507
0.8089209198951721,0.7999658061207044,0.4783886716253866
0.8084855675697327,0.7996156310057655,0.4785675945096235
0.8081312775611877,0.799180677647862,0.4786953965697927
0.8074609041213989,0.7988317059651218,0.4788743194540296
0.8069363236427307,0.7984406952965235,0.47902768192623263
0.8065289855003357,0.7980503171427356,0.47918104439843573
0.805976390838623,0.797618034878775,0.4793088464586049
0.8055732846260071,0.7971014492753623,0.47938552769470644
0.804959774017334,0.7967980295566502,0.4795900109909772
0.8046143054962158,0.7963253702210719,0.4796922526391125
0.8041189908981323,0.7960230645298059,0.4798967359353833
0.8036068677902222,0.7956788815928829,0.48007565881962017
0.8031027913093567,0.7952082627836099,0.48017790046775555
0.802723228931427,0.7947806961891469,0.48030570252792476
0.8020979762077332,0.794396078099907,0.4804590650001278
0.8014856576919556,0.7938853933533212,0.48053574623622936
0.8010491728782654,0.7935443037974683,0.48071466912046623
0.8005971908569336,0.7930772798178676,0.4808169107686016
0.8002263307571411,0.7927373830988289,0.4809958336528385
0.7998307347297668,0.7924822157679842,0.4812258773611431
0.7994061708450317,0.7921433378196501,0.48140480024537996
0.7989836931228638,0.7916368985080899,0.48148148148148145
0.7985337376594543,0.7912992357436802,0.4816604043657184
0.7978648543357849,0.7908781941006168,0.4817882064258876
0.7974244952201843,0.7905835988596344,0.4819926897221583
0.7968780994415283,0.7901968998743192,0.4821204917823275
0.7964877486228943,0.7897358616936665,0.4822227334304629
0.7958687543869019,0.7892755562991467,0.4823249750785983
0.7955647110939026,0.788815981945083,0.4824272167267336
0.7948809266090393,0.7884824187755783,0.48260613961097054
0.7942906022071838,0.7880242019611934,0.4827083812591059
0.7940424084663391,0.7875667111407605,0.48281062290724125
0.793479323387146,0.7869849602133067,0.4828361833192751
0.7929167747497559,0.7865706435767214,0.4829639853794443
0.7925328016281128,0.7860737906077119,0.48304066661554584
0.7922055125236511,0.7855361596009975,0.4830917874396135
0.7917532920837402,0.7852070268698866,0.48327071032385044
0.7913025617599487,0.7848784131463192,0.4834496332080873
0.7907578349113464,0.784384459095244,0.48352631444418886
0.7902282476425171,0.7837669870732515,0.48352631444418886
0.7897958159446716,0.7833988822190022,0.4836796769163919
0.7894026637077332,0.7828658889716225,0.4837307977404596
0.7890929579734802,0.7824164014384326,0.48383303938859495
0.7886106967926025,0.7820502230299026,0.483986401860798
0.7881479859352112,0.7816020799801907,0.4840886435089334
0.78777676820755,0.7811958762886598,0.4842164455691026
0.7872666716575623,0.7807491037949648,0.4843186872172379
0.7867615222930908,0.7803030303030303,0.4844209288653733
0.7862396836280823,0.7799399349981487,0.48457429133757635
0.7857649326324463,0.7795774068897476,0.4847276538097794
0.7852747440338135,0.7792063752875452,0.4848554558699486
0.7848416566848755,0.7789270615277265,0.48505993916621937
0.7844445109367371,0.7784431137724551,0.48513662040232086
0.7841065526008606,0.7780009016023933,0.48523886205045624
0.783797025680542,0.7776412776412777,0.4853922245226593
0.7832418084144592,0.7772003764474815,0.48549446617079467
0.7828783988952637,0.7767192738572246,0.4855711474068962
0.7822105288505554,0.7762797728479798,0.48567338905503155
0.7817177772521973,0.775759307642064,0.48572450987909926
0.7812699675559998,0.7753620232510707,0.4858523119392685
0.7808531522750854,0.7748838346784055,0.48592899317536997
0.7804480195045471,0.7744471144055716,0.48603123482350535
0.7799883484840393,0.7741331596939606,0.48621015770774223
0.7795801758766174,0.7736570289943475,0.4862868389438438
0.779184877872467,0.7731816334823243,0.4863635201799453
0.7786400318145752,0.7729505867067279,0.48659356388824987
0.7779533267021179,0.7725170399221032,0.48669580553638525
0.7773118615150452,0.7720436210321482,0.48677248677248675
0.7768368124961853,0.7717329660536336,0.4869514096567237
0.7764765024185181,0.7713823112730217,0.4871047721289267
0.776136040687561,0.7709917489079438,0.48723257418909593
0.7758975028991699,0.7705613708927778,0.4873348158372313
0.7756058573722839,0.7701316533397948,0.48743705748536664
0.7752142548561096,0.7697833017230943,0.48759041995756974
0.7747794389724731,0.7693052139199161,0.4876415407816374
0.7744291424751282,0.7689177210089451,0.4877693428418066
0.7740564942359924,0.7683697709063091,0.48779490325384045
0.7736894488334656,0.7679433537174123,0.48789714490197583
0.7733867168426514,0.7675175879396985,0.4879993865501112
0.7729480862617493,0.7670924720816261,0.48810162819824654
0.7722989916801453,0.7666278649700959,0.4881783094343481
0.7718740105628967,0.7661639659874859,0.4882549906704496
0.771503746509552,0.7657809306240231,0.4883827927306188
0.771186888217926,0.765478574289147,0.48856171561485573
0.770846962928772,0.7650566249149626,0.48866395726299106
0.7705062627792358,0.7646353166986565,0.48876619891112644
0.7699549198150635,0.7642146481799656,0.4888684405592618
0.7694944739341736,0.7639143975085843,0.4890473634434987
0.7689768671989441,0.7634550169559147,0.48912404467960025
0.7684592008590698,0.7630760644235369,0.48925184673976946
0.7677969932556152,0.7626578496594033,0.48935408838790484
0.7673860192298889,0.7623596847384763,0.4895330112721417
0.7667868137359619,0.7618630921602164,0.4895841320962094
0.766230583190918,0.7615262321144675,0.4897374945684124
0.7658773064613342,0.7611898804559355,0.48989085704061547
0.7652654647827148,0.7607349789665846,0.489967538276717
0.7647527456283569,0.760360074552881,0.49009534033688623
0.764108419418335,0.7598668568711364,0.4901464611609539
0.763597846031189,0.7594139774302119,0.49022314239705544
0.7631885409355164,0.7589522415225735,0.4902742632211231
0.7626965641975403,0.7585007116874901,0.49035094445722466
0.7620493769645691,0.7581288767729446,0.49047874651739387
0.7612637877464294,0.7578365574417687,0.49065766940163075
0.7608237266540527,0.7573079805909503,0.4906832298136646
0.7604072690010071,0.7569772942289499,0.4908365922858676
0.759778618812561,0.7565683223697168,0.490938833934003
0.7593557834625244,0.7561599622136503,0.4910410755821384
0.7589027285575867,0.7556735496558505,0.49109219640620605
0.7586072087287903,0.7552664675365509,0.49119443805434143
0.7581688761711121,0.7548207202607705,0.491271119290443
0.7577682137489319,0.7544541244800251,0.4913989213506122
0.7573407292366028,0.7539704325320575,0.49145004217467986
0.7569481134414673,0.7535658307210031,0.49155228382281524
0.7563048005104065,0.7532009867261835,0.49168008588298445
0.7557558417320251,0.7527584318021755,0.49175676711908595
0.755264163017273,0.752472924893459,0.4919356900033229
0.754895806312561,0.7521097046413502,0.49206349206349204
0.7544316649436951,0.7516689439781378,0.4921401732995936
0.7540713548660278,0.7513068580791137,0.4922679753597628
0.7535202503204346,0.7509063267454099,0.4923702170078982
0.7530682682991028,0.750428482393269,0.49242133783196584
0.7525915503501892,0.7500681172395002,0.49254913989213506
0.7519864439964294,0.7498638661999222,0.49277918360043965
0.7515953183174133,0.7494655835827276,0.49288142524857503
0.7511082291603088,0.7490581426962365,0.49295810648467653
0.7507159113883972,0.7486610261585035,0.4930603481328119
0.7501486539840698,0.7483032770990886,0.4931881501929811
0.7497991323471069,0.7478685475120136,0.4932648314290826
0.7494040131568909,0.747395732486543,0.49331595225315034
0.7488471865653992,0.7469623094187756,0.49339263348925183
0.7482861876487732,0.746606859750203,0.49352043554942104
0.7477682828903198,0.7462519319938177,0.49364823760959026
0.7472389936447144,0.7459361365303679,0.4938016000817933
0.7468167543411255,0.7455436376263601,0.4939038417299287
0.7464045882225037,0.7451131588078806,0.49398052296603023
0.7460499405860901,0.7447603636924025,0.49410832502619945
0.745604395866394,0.7443695861405197,0.4942105666743348
0.7450578212738037,0.7440178502731399,0.494338368734504
0.744658887386322,0.7437050705416522,0.49449173120670703
0.7443329691886902,0.7432775046097111,0.4945684124428086
0.7439080476760864,0.7428889486008214,0.49467065409094396
0.7435640096664429,0.742577675489068,0.494824016563147
0.7430122494697571,0.7422285254321744,0.4949518186233162
0.7423126101493835,0.7418798835605944,0.49507962068348543
0.7420535087585449,0.7414551996019444,0.4951563019195869
0.741463840007782,0.7411458731737168,0.49530966439178997
0.741052508354187,0.7408752149818459,0.4954885872760269
0.740575909614563,0.7405285670638558,0.4956163893361961
0.7401598691940308,0.7402205854291494,0.49576975180839916
0.7397588491439819,0.7400175431905724,0.49597423510466987
0.7391858696937561,0.7395579268292682,0.4960253559287376
0.7388319373130798,0.7392132221333638,0.4961531579889068
0.7381370067596436,0.7388309612603698,0.4962553996370421
0.7378012537956238,0.7383731984637031,0.49630652046110985
0.7374683618545532,0.7379920960632315,0.4964087621092452
0.7371028661727905,0.7375735712929561,0.4964854433453467
0.7365272045135498,0.7372315398042043,0.49661324540551594
0.736005961894989,0.736890001137527,0.49674104746568515
0.7356529831886292,0.7364731736889967,0.4968177287017867
0.7351886034011841,0.7360948089811064,0.496919970349922
0.7348268628120422,0.7357169882709043,0.4970222119980574
0.7345197796821594,0.735377518998828,0.4971500140582266
0.7339795827865601,0.7349629741574731,0.49722669529432817
0.7334239482879639,0.7345867784196021,0.4973289369424635
0.7329224944114685,0.7341733947030861,0.49740561817856505
0.7325837016105652,0.7337229029217719,0.4974567390026327
0.7321004271507263,0.7332730560578662,0.4975078598267004
0.7317902445793152,0.7328614990776644,0.4975845410628019
0.7313714623451233,0.7325633887593108,0.49773790353500497
0.7308239936828613,0.7321529265817075,0.4978145847711065
0.7305179238319397,0.7319308790383171,0.4980190680673772
0.7300684452056885,0.7315214535080146,0.4980957493034788
0.7294943332672119,0.7310375872158451,0.4981213097155126
0.729060709476471,0.7307692307692307,0.49827467218771565
0.7286518216133118,0.73043641131298,0.49840247424788486
0.7282830476760864,0.7301040652841206,0.4985302763080541
0.7280009984970093,0.7296225638723675,0.4985558367200879
0.7275604605674744,0.7291417464114832,0.4985813971321218
0.7271522879600525,0.7287736730043703,0.4986836387802571
0.7265507578849792,0.7283687943262411,0.49876032001635867
0.7260909080505371,0.7280763922563318,0.4989136824885617
0.7257891297340393,0.7276725808856419,0.49899036372466327
0.7252930402755737,0.727343837300257,0.4991181657848324
0.7249759435653687,0.7269783369314375,0.4992204074329678
0.7246108651161194,0.7267993304816812,0.4994504511412724
0.7241452932357788,0.7263975617008623,0.49952713237737395
0.723721981048584,0.7259963599896,0.49960381361347544
0.723211944103241,0.7257070744562393,0.4997571760856785
0.7225395441055298,0.7253811060420607,0.4998849781458477
0.7220744490623474,0.7250555967383246,0.5000127802060169
0.7215880155563354,0.7246564687581022,0.5000894614421184
0.7212590575218201,0.7242208897771856,0.5001405822661862
0.7206552028656006,0.7238229093464511,0.5002172635022877
0.720192015171051,0.7234994086339445,0.5003450655624568
0.7198090553283691,0.7231394275161588,0.5004473072105923
0.7192010283470154,0.7227799512807264,0.5005495488587276
0.7188477516174316,0.7225316268948475,0.5007284717429645
0.7185132503509521,0.7221730797582191,0.5008307133910999
0.7179294228553772,0.721878453038674,0.5009585154512691
0.7174285650253296,0.7214840443152122,0.5010351966873706
0.7169964909553528,0.7212005296454318,0.5011885591595736
0.7165868878364563,0.7208071452199801,0.5012652403956752
0.7160255908966064,0.7204877690442959,0.5013930424558444
0.7157121300697327,0.7200587263718113,0.501444163279912
0.7153105735778809,0.7196669600938967,0.5015208445160136
0.714754581451416,0.7193856980537331,0.5016742069882166
0.714251697063446,0.719031572778551,0.5017764486363521
0.7139137983322144,0.7187145419274551,0.5019042506965212
0.7134553790092468,0.7183247988295538,0.5019809319326227
0.7129817605018616,0.7180086991483607,0.502108733992792
0.712630569934845,0.7175834611732048,0.5021598548168597
0.712188184261322,0.7171223126619702,0.5021854152288935
0.7118184566497803,0.7167712284797199,0.5022876568770288
0.7112956047058105,0.7163477310005467,0.5023387777010966
0.7107588648796082,0.7159248196984046,0.5023898985251642
0.71047043800354,0.7155024933571142,0.5024410193492319
0.7101748585700989,0.7151171249818129,0.5025177005853334
0.7098594307899475,0.7148049870960707,0.5026455026455027
0.7094569802284241,0.7143479840174355,0.5026710630575365
0.7090688943862915,0.7140368071436349,0.5027988651177057
0.70855313539505,0.7135809634358676,0.5028244255297395
0.7081021070480347,0.7131619965925979,0.5028755463538073
0.7076268792152405,0.7127798304716366,0.5029522275899088
0.7073460817337036,0.7124963799594556,0.5030800296500779
0.7069759964942932,0.7121875339145534,0.5032078317102472
0.7063241600990295,0.7118068107873617,0.5032845129463487
0.7059568762779236,0.7113904844478162,0.5033356337704163
0.7056376338005066,0.7110469314079423,0.5034378754185518
0.7051740884780884,0.7107760020202749,0.5035912378907548
0.7049120664596558,0.7105054437955152,0.5037446003629579
0.7045767307281494,0.7100911481788378,0.5037957211870255
0.7042256593704224,0.7097134216589862,0.503872402423127
0.7038844227790833,0.7093002338550098,0.5039235232471947
0.7034243941307068,0.7088876105558352,0.5039746440712625
0.7030686736106873,0.7085114791793914,0.504051325307364
0.7026076912879944,0.7081358609794629,0.5041280065434655
0.7021987438201904,0.7077248753184313,0.5041791273675331
0.7018292546272278,0.7072785944783077,0.504204687779567
0.7014634013175964,0.7068329212798738,0.5042302481916009
0.701077938079834,0.706459467201375,0.5043069294277024
0.7005987763404846,0.7060507388986296,0.50435805025177
0.7000591158866882,0.7056783236787527,0.5044347314878715
0.6997254490852356,0.7053064141504377,0.5045114127239732
0.6993026733398438,0.7049350092843879,0.5045880939600746
0.6988704204559326,0.7045641080540984,0.5046647751961761
0.698542594909668,0.7042650310248912,0.5047925772563454
0.6981866955757141,0.7038594490574106,0.5048436980804131
0.6978675723075867,0.7035150824459561,0.5049203793165146
0.6975512504577637,0.7031105416755641,0.5049715001405822
0.6971474289894104,0.7026709819682043,0.5049970605526161
0.6966535449028015,0.7023030992323003,0.5050737417887177
0.6962870955467224,0.7019001953471852,0.5051248626127853
0.6956948637962341,0.7015333286008376,0.5052015438488868
0.6953057646751404,0.7012024261341467,0.5053037854970223
0.6949242949485779,0.7007656316461081,0.5053293459090561
0.6944442391395569,0.7004002692076087,0.5054060271451576
0.693986177444458,0.700070796460177,0.5055082687932929
0.6936382055282593,0.6998125154763168,0.505661631265496
0.6933472156524658,0.6994131787330317,0.5057127520895637
0.6930240392684937,0.6990850319708906,0.505814993737699
0.692559540271759,0.6987573254254043,0.5059172353858344
0.6922678351402283,0.6985006173928382,0.5060705978580374
0.6919195055961609,0.6981737413622903,0.5061728395061729
0.691472053527832,0.6978825353204383,0.506300641566342
0.6909934282302856,0.6974860925286952,0.5063517623904097
0.6907815337181091,0.6971253650469723,0.5064284436265113
0.6904429793357849,0.6968354430379747,0.5065562456866805
0.6901321411132812,0.6964756316103868,0.506632926922782
0.6896125078201294,0.6961865299529462,0.5067607289829512
0.6892904043197632,0.6957574481524371,0.506786289394985
0.6890830993652344,0.6953990742039556,0.5068629706310865
0.6887140274047852,0.6950411775013142,0.5069396518671881
0.6883386969566345,0.6947080867159318,0.5070163331032896
0.68807053565979,0.6943161136777265,0.5070674539273573
0.6877315044403076,0.6939246616067993,0.507118574751425
0.6873738169670105,0.6935686822789234,0.5071952559875266
0.686777651309967,0.6933528939187538,0.5073741788717634
0.686424732208252,0.6929977659871545,0.5074508601078649
0.6860554218292236,0.692712875431681,0.5075786621680342
0.6855126023292542,0.6923586418461968,0.5076553434041357
0.6852004528045654,0.6920397143354816,0.5077575850522711
0.6846686601638794,0.6917212087453001,0.5078598267004064
0.6844398379325867,0.691368333159378,0.5079365079365079
0.683995246887207,0.6910159237883319,0.5080131891726095
0.6837559342384338,0.6906639797088356,0.508089870408711
0.6833495497703552,0.6902430555555555,0.5081154308207448
0.6828057169914246,0.6899267844130609,0.5082176724688802
0.6823810338973999,0.6896456064914349,0.5083454745290494
0.6819474101066589,0.689226184288041,0.5083710349410833
0.6813761591911316,0.6889804682088932,0.5085243974132863
0.6807435154914856,0.6887350752725385,0.5086777598854894
0.6803407669067383,0.6884554195199557,0.5088055619456585
0.6798822283744812,0.6880378806207444,0.5088311223576925
0.6795135736465454,0.6876899696048632,0.508907803593794
0.679064929485321,0.6873425149287218,0.5089844848298954
0.6785980463027954,0.6871334943083822,0.5091634077141324
0.6782046556472778,0.6867523871901824,0.5092145285382
0.677927553653717,0.6864643263168774,0.5093167701863354
0.6775405406951904,0.6861529986917304,0.5094190118344708
0.6770593523979187,0.6858076724582831,0.5094956930705723
0.6766716837882996,0.685428414248384,0.50954681389464
0.6763743758201599,0.6851183726763563,0.5096490555427754
0.6760214567184448,0.6847743973628185,0.5097257367788769
0.6756058931350708,0.6844308705946948,0.5098024180149784
0.6752267479896545,0.6840877914951989,0.5098790992510799
0.6747990846633911,0.6837451591898283,0.5099557804871815
0.674280047416687,0.6834029728063566,0.510032461723283
0.6738021969795227,0.6829927781770887,0.5100580221353168
0.6734228730201721,0.6826857299220139,0.5101602637834521
0.6729446649551392,0.68237908049906,0.5102625054315876
0.6724013090133667,0.6820045091207214,0.5103136262556552
0.6720625758171082,0.6817669750452326,0.5104669887278583
0.6717578172683716,0.6813591703056768,0.5104925491398922
0.6713549494743347,0.6809859875217347,0.5105436699639598
0.671014130115509,0.6806814310051107,0.5106459116120952
0.6706482172012329,0.680411318056454,0.5107737136722644
0.670134961605072,0.6800394718932897,0.5108248344963321
0.6698508858680725,0.6796681062332098,0.5108759553203998
0.669500470161438,0.6793991708013322,0.511003757380569
0.6691655516624451,0.6790626591951096,0.5110804386166705
0.6689440011978149,0.6787605213141461,0.5111826802648058
0.668681263923645,0.678481785496235,0.5112849219129413
0.668243944644928,0.6781126063523271,0.511336042737009
0.6678594350814819,0.6776761517615176,0.511336042737009
0.6672292947769165,0.6773756728392972,0.5114382843851443
0.6668809652328491,0.6769740848501252,0.5114638447971781
0.6664367914199829,0.6767082530344525,0.5115916468573474
0.6657299399375916,0.6763751858359238,0.5116683280934489
0.6654058694839478,0.6760087793347965,0.5117194489175165
0.6650356650352478,0.6756428426807046,0.5117705697415842
0.6647675037384033,0.6753110983711598,0.5118472509776858
0.6644240021705627,0.6750471825289835,0.511975053037855
0.6640855669975281,0.6746825637398538,0.5120261738619226
0.6637446284294128,0.6743520700100976,0.5121028550980242
0.6632435917854309,0.6739883615325103,0.5121539759220919
0.6628451943397522,0.6736251176549684,0.5122050967461595
0.6623581051826477,0.6732959317364867,0.512281777982261
0.661868691444397,0.6730678842409186,0.5124351404544641
0.6613207459449768,0.6728065760778393,0.5125629425146333
0.6608945727348328,0.6724114806866953,0.5125885029266671
0.6606083512306213,0.6720503970780417,0.5126396237507349
0.6601606011390686,0.6717232603308553,0.5127163049868364
0.6596569418907166,0.6713965396071082,0.5127929862229379
0.6593628525733948,0.6711371237458194,0.5129207882831072
0.6590045094490051,0.6707443430595942,0.512946348695141
0.6587181091308594,0.6704522680205759,0.5130485903432763
0.6583185195922852,0.6702496995593538,0.5132019528154794
0.6580731868743896,0.6698915763135946,0.5132530736395471
0.6576218008995056,0.6695672467826899,0.5133297548756486
0.6572926640510559,0.669309965681538,0.5134575569358178
0.656862199306488,0.6690197123068726,0.5135597985839532
0.6564649343490601,0.6686965491996939,0.5136364798200547
0.6561105251312256,0.6683737944795477,0.5137131610561563
0.6557400822639465,0.668018212635847,0.5137642818802239
0.6553195714950562,0.6677627208715292,0.5138920839403931
0.6548748016357422,0.6674079729146613,0.5139432047644608
0.6546712517738342,0.6670536721289724,0.5139943255885285
0.654262363910675,0.6666998176694845,0.5140454464125962
0.6539952158927917,0.6664789292340313,0.5141988088847992
0.6536147594451904,0.6661589908287257,0.5142754901209008
0.653241753578186,0.665806366223281,0.5143266109449685
0.6526685357093811,0.665520320095235,0.5144288525931038
0.652457058429718,0.6651354923992069,0.5144544130051376
0.6522160768508911,0.6648502262293999,0.514556654653273
0.6518614292144775,0.6644663014060334,0.5145822150653069
0.6514989137649536,0.664115842596563,0.5146333358893745
0.6511180400848389,0.663732858649789,0.5146588963014084
0.6504570245742798,0.6633503541426453,0.5146844567134422
0.6500393152236938,0.663034173964575,0.5147611379495437
0.6494678854942322,0.6626525844766887,0.5147866983615776
0.6490556597709656,0.6623043535446534,0.5148378191856453
0.6485450863838196,0.6619454485704896,0.5148633795976791
0.6480844616889954,0.6617951328450852,0.5150678628939499
0.6477270722389221,0.6615137193120652,0.5151701045420852
0.6474165916442871,0.6611342539443041,0.5151956649541191
0.6470452547073364,0.6608208221333508,0.5152723461902206
0.6466588973999023,0.6605077805077805,0.5153490274263222
0.6462439298629761,0.6601951283394447,0.5154257086624237
0.645608127117157,0.6599155842031215,0.515527950310559
0.6451147794723511,0.6596363874174351,0.5156301919586944
0.6447950601577759,0.6592921799941178,0.5156813127827621
0.6444294452667236,0.659046374918354,0.5158091148429312
0.6441214680671692,0.658800874702177,0.5159369169031005
0.643811821937561,0.6584578250375106,0.5159880377271682
0.643393874168396,0.65821299344786,0.5161158397873373
0.6429940462112427,0.6578381548084441,0.5161414001993712
0.6426039934158325,0.6575288946768679,0.5162180814354728
0.6421250104904175,0.6571549424090584,0.5162436418475066
0.6418178677558899,0.6568139693688421,0.5162947626715743
0.6414660215377808,0.6565059144676979,0.5163714439076758
0.6411936283111572,0.6562631937903933,0.516499245967845
0.6408103704452515,0.6558584875040572,0.516499245967845
0.640522301197052,0.6555515910344156,0.5165759272039465
0.6400845050811768,0.6551478215767634,0.5165759272039465
0.639823317527771,0.6548417403699744,0.516652608440048
0.6394708752632141,0.6545896066051481,0.5167548500881834
0.6390470266342163,0.6542518767797049,0.5168059709122511
0.6385442614555359,0.6539145619765223,0.5168570917363188
0.6381694674491882,0.6536099799625105,0.5169337729724203
0.6379678249359131,0.6533703691741223,0.5170615750325895
0.6376128196716309,0.6530342156229826,0.5171126958566572
0.6372353434562683,0.6527629923545921,0.5172149375047925
0.6369109153747559,0.6524921013605004,0.517317179152928
0.6365301012992859,0.6521248832039179,0.5173427395649618
0.6361943483352661,0.651854714064915,0.5174449812130971
0.6357995867729187,0.6516170555108608,0.5175727832732664
0.6355056166648865,0.6512832057631698,0.517623904097334
0.6352197527885437,0.6509819046700736,0.5177005853334355
0.6346356272697449,0.6506167287678273,0.5177261457454694
0.6342902183532715,0.6502519983307117,0.5177517061575032
0.6337623000144958,0.6498877125441129,0.5177772665695372
0.633416473865509,0.6496200583539068,0.5178795082176725
0.6330631375312805,0.6493206870033325,0.517956189453774
0.6326064467430115,0.649021679956448,0.5180328706898755
0.6321234107017517,0.6487230365486782,0.5181095519259771
0.631865918636322,0.648456740764433,0.5182117935741124
0.6314917206764221,0.6481588032220944,0.5182884748102139
0.6308271884918213,0.6478292815385107,0.5183395956342817
0.6305770874023438,0.6475001596322074,0.5183907164583493
0.6301721930503845,0.647171436776108,0.518441837282417
0.6299237608909607,0.6468637392774004,0.5184929581064847
0.6293691992759705,0.6465995283319523,0.5185951997546201
0.6288203001022339,0.6462400866324808,0.5186207601666539
0.6285591125488281,0.6459765724471607,0.5187230018147893
0.6283157467842102,0.645713376809289,0.5188252434629246
0.6279160976409912,0.6453233293062886,0.5188252434629246
0.6275075078010559,0.6449972992723922,0.5188763642869924
0.6271145939826965,0.6446716626444812,0.51892748511106
0.6267934441566467,0.6442829488115261,0.51892748511106
0.6263440847396851,0.6439898509356169,0.5190041663471615
0.6259342432022095,0.6436654093632128,0.5190552871712292
0.625508725643158,0.6433730359858084,0.5191319684073308
0.6251669526100159,0.6430493557476177,0.5191830892313984
0.6247969269752502,0.6427260646712649,0.5192342100554661
0.6243143677711487,0.642403162055336,0.5192853308795338
0.6240068078041077,0.6420806472001012,0.5193364517036014
0.6235992908477783,0.6418216846161134,0.5194386933517369
0.6232903003692627,0.6415630326368285,0.5195409349998722
0.6229345798492432,0.6412100564650958,0.519566495411906
0.6225674152374268,0.640952080706179,0.5196687370600414
0.622262179851532,0.6406629068338637,0.519745418296143
0.6218622922897339,0.6403111027142767,0.5197709787081768
0.6214072108268738,0.6399911885955251,0.5198220995322445
0.6209887862205505,0.6397031073090955,0.519898780768346
0.6207287907600403,0.6394782335376394,0.5200265828285152
0.6204000115394592,0.6391166399648164,0.5200265828285152
0.6201308369636536,0.6388295868391309,0.5201032640646167
0.6196820735931396,0.638511499482288,0.5201543848886844
0.6192810535430908,0.6382565067419254,0.5202566265368198
0.6188457012176514,0.6379078003071234,0.5202821869488536
0.6182938814163208,0.6376534703081934,0.520384428596989
0.6178436279296875,0.6373994428271825,0.5204866702451244
0.6176275014877319,0.6371770005630983,0.5206144723052936
0.6171485185623169,0.6369548225730811,0.5207422743654627
0.6167356967926025,0.636639170103737,0.5207933951895305
0.6164665222167969,0.6363551197576742,0.520870076425632
0.6161990761756897,0.636040197241121,0.5209211972496997
0.6158758401870728,0.6357256479835314,0.5209723180737673
0.6154935956001282,0.6354114713216957,0.521023438897835
0.6151598691940308,0.6351288202124676,0.5211001201339366
0.614878237247467,0.6348465035182763,0.5211768013700381
0.6145921349525452,0.634502287083424,0.5212023617820719
0.6142078638076782,0.6342206742132106,0.5212790430181734
0.613872766494751,0.6339393939393939,0.521355724254275
0.6134737133979797,0.6336584456731068,0.5214324054903765
0.6132290363311768,0.6333157420917022,0.5214579659024103
0.6128209233283997,0.6329424174733185,0.5214579659024103
0.6125391125679016,0.6326315463086416,0.521509086726478
0.6121532320976257,0.6323520297489928,0.5215857679625796
0.6118571758270264,0.6320304757185332,0.5216113283746134
0.6114658117294312,0.631844491905779,0.5217646908468164
0.6112065315246582,0.6315040524655077,0.5217902512588503
0.6107586622238159,0.6312567630236513,0.5218924929069857
0.6103600859642029,0.6310097639352367,0.521994734555121
0.6100047826766968,0.6307012938887688,0.5220458553791887
0.6097525954246521,0.63048577248318,0.522173657439358
0.6094673275947571,0.6301779710681349,0.5222247782634256
0.6090981364250183,0.6298397040690505,0.5222503386754594
0.6087204813957214,0.6295634492744693,0.5223270199115609
0.6083859801292419,0.6293183077775725,0.5224292615596964
0.608016312122345,0.6290426808628489,0.5225059427957979
0.6076222658157349,0.6287981301513101,0.5226081844439332
0.6071217060089111,0.6285538650683878,0.5227104260920686
0.6069067716598511,0.6282484487313387,0.5227615469161363
0.6065436005592346,0.6279740889693918,0.5228382281522378
0.606133222579956,0.6276693667157585,0.5228893489763055
0.6058231592178345,0.6273343350403238,0.5229149093883393
0.6055112481117249,0.6269996935335581,0.5229404698003732
0.605254590511322,0.6267266991332047,0.5230171510364747
0.6046600341796875,0.6264540222848047,0.5230938322725762
0.6042497158050537,0.6262122556367975,0.5231960739207117
0.6038631200790405,0.625970769889317,0.523298315568847
0.603610634803772,0.6256990068754774,0.5233749968049485
0.6032058000564575,0.625397019301246,0.5234261176290161
0.6028857827186584,0.6251144618765643,0.5234772384530839
0.6026028394699097,0.6249046703883347,0.5236050405132531
0.6022709608078003,0.6245731707317074,0.5236306009252869
0.6018393039703369,0.6243029952161857,0.5237072821613884
0.6016216278076172,0.6240026798221573,0.5237584029854562
0.6012619137763977,0.6237331466658551,0.5238350842215577
0.6010032296180725,0.6234639250517094,0.5239117654576592
0.6007179021835327,0.6231342149262806,0.523937325869693
0.600385844707489,0.6228352676672541,0.5239884466937607
0.5997937321662903,0.6226277593902773,0.5241162487539299
0.5975294709205627,0.6223597960670065,0.5241929299900314
0.5960913300514221,0.6221224712626248,0.5242951716381669
0.5939841866493225,0.6218247953925432,0.5243462924622345
0.5920056700706482,0.6215274622072768,0.5243974132863022
0.5895172953605652,0.6212001937749788,0.524422973698336
0.5872113108634949,0.6208733016612703,0.5244485341103698
0.5843626856803894,0.6206375128530817,0.5245507757585052
0.5815572142601013,0.620341544506574,0.524601896582573
0.5781229138374329,0.6200761237312712,0.5246785778186744
0.5760964751243591,0.6197506264529179,0.5247041382307083
0.5736929178237915,0.6194556755778167,0.5247552590547759
0.5698779225349426,0.6191309067880945,0.5247808194668098
0.5663483738899231,0.6189572031344184,0.5249341819390129
0.5636641383171082,0.6186933341365703,0.5250108631751144
0.5603827834129333,0.6184297669937986,0.5250875444112159
0.5574056506156921,0.6181550126368998,0.5251386652352836
0.5551784634590149,0.6178619756427605,0.5251897860593513
0.5532386302947998,0.617539219811264,0.5252153464713851
0.5512446165084839,0.617186796023188,0.5252153464713851
0.5483437180519104,0.6169248318924111,0.5252920277074866
0.5461329817771912,0.6166331643215025,0.5253431485315543
0.5434943437576294,0.6163418290854573,0.5253942693556221
0.5407161712646484,0.61602085768228,0.5254198297676559
0.5381535887718201,0.6157601533485084,0.5254965110037574
0.535673975944519,0.6154099440237076,0.5254965110037574
0.5331413745880127,0.6151798001555675,0.5255987526518927
0.5303522944450378,0.6148901181043505,0.5256498734759605
0.5280329585075378,0.6145708821420034,0.5256754338879943
0.5244811177253723,0.6142221425798167,0.5256754338879943
0.5219776630401611,0.6138737985791893,0.5256754338879943
0.5190673470497131,0.6135855135586648,0.525726554712062
0.5165203809738159,0.6133273703041144,0.5258032359481635
0.514228880405426,0.6130099228224918,0.5258287963601973
0.5117639899253845,0.6126630531895885,0.5258287963601973
0.5078679919242859,0.6123165758847516,0.5258287963601973
0.5059211254119873,0.6119704902427415,0.5258287963601973
0.5032002925872803,0.6116247955998216,0.5258287963601973
0.5006191730499268,0.6113092054436322,0.5258543567722311
0.4981226325035095,0.6109642740474565,0.5258543567722311
0.4963344633579254,0.6106972188418271,0.5259054775962988
0.49354052543640137,0.6104123405517651,0.5259565984203666
0.49145087599754333,0.6101277832132587,0.5260077192444342
0.48938870429992676,0.6098731776697879,0.5260844004805357
0.4871157705783844,0.6095596292237984,0.5261099608925696
0.4842022955417633,0.6092760314923341,0.5261610817166372
0.4825659692287445,0.6089335897056648,0.5261610817166372
0.4810117185115814,0.6086506622516556,0.526212202540705
0.4786982536315918,0.6083680524776173,0.5262633233647727
0.4762304425239563,0.6080266965920501,0.5262633233647727
0.4743257462978363,0.6076857235618783,0.5262633233647727
0.4721543490886688,0.6073746312684366,0.5262888837768065
0.4700254201889038,0.6070638874966833,0.5263144441888403
0.46784448623657227,0.6067534916612647,0.5263400046008742
0.46631288528442383,0.606443443178137,0.526365565012908
0.4649723768234253,0.6061043089239463,0.526365565012908
0.4628196060657501,0.6057949698485071,0.5263911254249418
0.46140366792678833,0.6054565767037102,0.5263911254249418
0.45897093415260315,0.6051773278876384,0.5264422462490095
0.4574592709541321,0.6048690238458828,0.5264678066610434
0.4547590911388397,0.6045610636611781,0.5264933670730773
0.45264601707458496,0.6042827808741567,0.5265444878971449
0.4517059624195099,0.6040048081151602,0.5265956087212126
0.4493432641029358,0.6037271448663853,0.5266467295452802
0.44744887948036194,0.6034497906111811,0.5266978503693479
0.446060448884964,0.6031611298112103,0.5267234107813819
0.44492200016975403,0.6028551369061549,0.5267489711934157
0.4436910152435303,0.6025202467619799,0.5267489711934157
0.44239407777786255,0.602244170416691,0.5268000920174833
0.4403838813304901,0.6019684004555942,0.526851212841551
0.4379076361656189,0.6016637478108582,0.5268767732535848
0.4362128973007202,0.6013594328889408,0.5269023336656187
0.4344935417175293,0.6010262989095574,0.5269023336656187
0.43297287821769714,0.6007226738934056,0.5269278940776525
0.4319257438182831,0.6004485088536813,0.5269790149017202
0.4302515983581543,0.6001164313782564,0.5269790149017202
0.4289378523826599,0.5998138127654623,0.5270045753137541
0.42794203758239746,0.5995115285087081,0.5270301357257879
0.42628663778305054,0.5992386376845287,0.5270812565498556
0.42496052384376526,0.5989660480381052,0.5271323773739233
0.4238234758377075,0.5986647314949202,0.5271579377859571
0.4232584238052368,0.5983347355594882,0.5271579377859571
0.4216064512729645,0.5980340988169798,0.5271834981979909
0.42004045844078064,0.5977627727707422,0.5272346190220586
0.41821610927581787,0.5974338179922377,0.5272346190220586
0.4165237247943878,0.5971052250687509,0.5272346190220586
0.4151194393634796,0.5968348570767272,0.5272857398461264
0.4139975309371948,0.5965358702252552,0.5273113002581602
0.4130631387233734,0.596266111785446,0.5273624210822279
0.4117894470691681,0.5959966494324254,0.5274135419062955
0.41099539399147034,0.5957158116573804,0.5274391023183294
0.4098012149333954,0.5954469386577413,0.527490223142397
0.40887072682380676,0.595120685180379,0.527490223142397
0.40781453251838684,0.5947947890246714,0.527490223142397
0.4066683053970337,0.5944980555955639,0.5275157835544309
0.40570172667503357,0.594201646801405,0.5275413439664648
0.4041544198989868,0.5939055621097459,0.5275669043784986
0.40328067541122437,0.5936098009893017,0.5275924647905325
0.4019550681114197,0.593314362909948,0.5276180252025663
0.4006696939468384,0.5930192473427176,0.5276435856146001
0.3993576169013977,0.5927244537597979,0.527669146026634
0.39852046966552734,0.5924012855831038,0.527669146026634
0.3976808786392212,0.5921071500272463,0.5276947064386678
0.39687734842300415,0.5917846700682222,0.5276947064386678
0.3961840867996216,0.591491190373872,0.5277202668507016
0.3953801989555359,0.5911693964036193,0.5277202668507016
0.39447319507598877,0.5908765704146753,0.5277458272627354
0.39331573247909546,0.5905554602139466,0.5277458272627354
0.3924200236797333,0.5902918727309111,0.5277969480868031
0.3918997049331665,0.59,0.527822508498837
0.39072978496551514,0.589679888060767,0.527822508498837
0.3898271322250366,0.5893601232947085,0.527822508498837
0.38908806443214417,0.5890407051373477,0.527822508498837
0.3880312144756317,0.5887216330254305,0.527822508498837
0.38735130429267883,0.5884481677779677,0.5278480689108709
0.3864428997039795,0.5881297525133141,0.5278480689108709
0.38547295331954956,0.5878686098144142,0.5278991897349385
0.3848167657852173,0.5875508520383489,0.5278991897349385
0.38389551639556885,0.5872903042365653,0.5279503105590062
0.3830485939979553,0.5870016198243769,0.52797587097104
0.3821643590927124,0.5866848443535561,0.52797587097104
0.3812345266342163,0.5863967979106935,0.5280014313830739
0.38073766231536865,0.5861090620212223,0.5280269917951077
0.3798350393772125,0.5857932794555508,0.5280269917951077
0.37862950563430786,0.5855061784378188,0.5280525522071415
0.3779321610927582,0.5851910602498371,0.5280525522071415
0.37743517756462097,0.5849045920389558,0.5280781126191754
0.3765123188495636,0.5845901361025437,0.5280781126191754
0.3759167194366455,0.5843325791855204,0.5281292334432431
0.375073105096817,0.5840187681958224,0.5281292334432431
0.37426677346229553,0.5837335442680377,0.528154793855277
0.37354162335395813,0.5834486263658695,0.5281803542673108
0.37278157472610474,0.5831357941076871,0.5281803542673108
0.3720763325691223,0.5828232971372161,0.5281803542673108
0.3713204562664032,0.5825393245757456,0.5282059146793446
0.3703700602054596,0.5822274814752205,0.5282059146793446
0.3696947693824768,0.5819722910565442,0.5282570355034123
0.3690651059150696,0.5816892291238637,0.5282825959154461
0.36834245920181274,0.5814627285513362,0.5283592771515477
0.3673631250858307,0.5811684660368871,0.5283592771515477
0.3668106496334076,0.5809143788462079,0.5284103979756154
0.36618122458457947,0.5806043925181149,0.5284103979756154
0.36542752385139465,0.5803228070175439,0.5284359583876492
0.3645591139793396,0.5800134665020761,0.5284359583876492
0.3635268807411194,0.5797324958640608,0.5284615187996831
0.3627857267856598,0.5794518244493022,0.5284870792117169
0.36214712262153625,0.579143441360186,0.5284870792117169
0.3614267408847809,0.5788353863381859,0.5284870792117169
0.3605917692184448,0.5785556394974678,0.5285126396237507
0.3597850799560547,0.5783041557134068,0.5285637604478184
0.358916699886322,0.5780529390390474,0.528614881271886
0.3580426275730133,0.577774052966812,0.52864044168392
0.35769715905189514,0.5775233840569594,0.5286915625079877
0.3570033013820648,0.5772171680526874,0.5286915625079877
0.3564378619194031,0.5769112766016791,0.5286915625079877
0.3552842438220978,0.5766057091882248,0.5286915625079877
0.3547353148460388,0.576300465297707,0.5286915625079877
0.35416772961616516,0.5759955444165971,0.5286915625079877
0.3535071015357971,0.5756909460324529,0.5286915625079877
0.3527924120426178,0.5753866696339156,0.5286915625079877
0.3519996106624603,0.5751383212389134,0.5287426833320553
0.3510643243789673,0.5748346579225254,0.5287426833320553
0.350480318069458,0.5745590890154145,0.5287682437440892
0.349618136882782,0.5742560515212081,0.5287682437440892
0.34904590249061584,0.5739970034959214,0.528793804156123
0.34871354699134827,0.5736945730844957,0.528793804156123
0.3478579819202423,0.573420177383592,0.5288193645681568
0.34719839692115784,0.5731183689298872,0.5288193645681568
0.34630724787712097,0.5728445650368238,0.5288449249801906
0.34580159187316895,0.5725710490632869,0.5288704853922245
0.3453395664691925,0.5722701626286094,0.5288704853922245
0.3448459506034851,0.5720248790601244,0.5289216062162923
0.3442081809043884,0.5717245952367795,0.5289216062162923
0.3435511589050293,0.5714246265153398,0.5289216062162923
0.3425544798374176,0.5711249724000883,0.5289216062162923
0.34204187989234924,0.5708256323963476,0.5289216062162923
0.3414503335952759,0.5705541770057899,0.5289471666283261
0.3406462073326111,0.5702830058695473,0.5289727270403599
0.34015363454818726,0.5700121185413682,0.5289982874523937
0.3396984338760376,0.569713986841743,0.5289982874523937
0.33911532163619995,0.5694161668409179,0.5289982874523937
0.338299959897995,0.5691186580503231,0.5289982874523937
0.337877482175827,0.568848944591029,0.5290238478644276
0.33714398741722107,0.5685795126775266,0.5290494082764614
0.3366270363330841,0.5683103618691999,0.5290749686884952
0.336010605096817,0.56806893334431,0.5291260895125629
0.3355722427368164,0.5678003291278113,0.5291516499245967
0.33510521054267883,0.567504591682886,0.5291516499245967
0.33465468883514404,0.5672247034002795,0.5291516499245967
0.334042489528656,0.5669569503779165,0.5291772103366307
0.3335082530975342,0.5666894758450801,0.5292027707486645
0.3328434228897095,0.5663949225802921,0.5292027707486645
0.33215343952178955,0.5661280179367293,0.5292283311606983
0.33154651522636414,0.5658340620900744,0.5292283311606983
0.3309606909751892,0.5655404113517796,0.5292283311606983
0.330539345741272,0.5652470652470653,0.5292283311606983
0.33002644777297974,0.5649813091762395,0.5292538915727322
0.329495370388031,0.5646885567797535,0.5292538915727322
0.32911020517349243,0.564423365224739,0.529279451984766
0.3285742402076721,0.5641312047076772,0.529279451984766
0.3279367685317993,0.5638393464942137,0.529279451984766
0.32738175988197327,0.5635750054430655,0.5293050123967998
0.3268207013607025,0.5632837363653673,0.5293050123967998
0.3261716961860657,0.5630199554129738,0.5293305728088337
0.3254917860031128,0.5627292736610419,0.5293305728088337
0.3250335156917572,0.562466051059207,0.5293561332208675
0.32442352175712585,0.5621759548304786,0.5293561332208675
0.32394731044769287,0.5618861576862554,0.5293561332208675
0.3234700560569763,0.5615966591642487,0.5293561332208675
0.3228544294834137,0.5613345620121423,0.5293816936329013
0.3222920000553131,0.5610456454015983,0.5293816936329013
0.3217511475086212,0.5607570260464613,0.5293816936329013
0.3211803436279297,0.5604957648905367,0.5294072540449352
0.3208257555961609,0.560222877390387,0.5294072540449352
0.32039445638656616,0.5599351175993512,0.5294072540449352
0.3199022114276886,0.559674673728012,0.529432814456969
0.3194133937358856,0.5593874905476937,0.529432814456969
0.3188535273075104,0.5591275946770319,0.5294583748690029
0.3185406029224396,0.5588409863486753,0.5294583748690029
0.318088173866272,0.5585816367803694,0.5294839352810368
0.3176646828651428,0.5582956015523933,0.5294839352810368
0.31731995940208435,0.5580098591169894,0.5294839352810368
0.3166886866092682,0.5577782564213021,0.5295350561051044
0.31630557775497437,0.5574930706923925,0.5295350561051044
0.3156883716583252,0.5572081764389457,0.5295350561051044
0.31526362895965576,0.5569235732143337,0.5295350561051044
0.314851313829422,0.5566661292922779,0.5295606165171383
0.31444495916366577,0.556382093079464,0.5295606165171383
0.3140793740749359,0.5560983465750483,0.5295606165171383
0.31367141008377075,0.5558148893360161,0.5295606165171383
0.31317955255508423,0.5555317209202553,0.5295606165171383
0.31278812885284424,0.5552756411974379,0.5295861769291721
0.3122468888759613,0.5550198221365049,0.5296117373412059
0.3118497431278229,0.5547642633396697,0.5296372977532398
0.3115769624710083,0.5544822049772545,0.5296372977532398
0.311389684677124,0.5542271791168526,0.5296628581652736
0.31095170974731445,0.5539724123182207,0.5296884185773074
0.3105088472366333,0.5536911855077885,0.5296884185773074
0.3098604381084442,0.5534250233676058,0.5296884185773074
0.3093818128108978,0.5531710442024343,0.5297139789893414
0.3090824782848358,0.5528906437585038,0.5297139789893414
0.3085213005542755,0.5526105274385366,0.5297139789893414
0.3081693649291992,0.5523573465525972,0.5297395394013752
0.3075895607471466,0.5520777836973895,0.5297395394013752
0.307180792093277,0.5517985036875316,0.5297395394013752
0.3069327175617218,0.5515195060939911,0.5297395394013752
0.3066749572753906,0.551293986222305,0.5297906602254429
0.3060588240623474,0.5510155253083794,0.5297906602254429
0.3057294487953186,0.5507373455559984,0.5297906602254429
0.3053436279296875,0.5504594465395443,0.5297906602254429
0.30472883582115173,0.550181827834258,0.5297906602254429
0.3040875196456909,0.5499044890162369,0.5297906602254429
0.30374231934547424,0.5496274296624327,0.5297906602254429
0.3034460246562958,0.5494036575669229,0.5298417810495105
0.30304136872291565,0.5491271291954753,0.5298417810495105
0.30274465680122375,0.5488508790510485,0.5298417810495105
0.3023587763309479,0.5485749067139493,0.5298417810495105
0.3020290434360504,0.5483256625932391,0.5298673414615443
0.30164071917533875,0.5480502313284864,0.5298673414615443
0.30131447315216064,0.5478015008984252,0.5298929018735782
0.30083563923835754,0.547526609090669,0.5298929018735782
0.3004991114139557,0.5472783907924608,0.529918462285612
0.3000001311302185,0.5470040368328013,0.529918462285612
