confidence,precision,recall
0.9484162926673889,1.0,2.5560412033841985e-05
0.9309412240982056,1.0,0.0002811645323722618
0.9279719591140747,1.0,0.0005623290647445236
0.9257398247718811,1.0,0.0008179331850829435
0.924426794052124,1.0,0.0010990977174552053
0.9230046272277832,1.0,0.0013802622498274672
0.9219744205474854,1.0,0.001635866370165887
0.9217069149017334,1.0,0.001917030902538149
0.9209235310554504,1.0,0.0021726350228765687
0.9199590086936951,1.0,0.0024537995552488304
0.9195977449417114,1.0,0.0027349640876210926
0.9189887046813965,1.0,0.0029905682079595123
0.918328046798706,1.0,0.003271732740331774
0.9177931547164917,1.0,0.003527336860670194
0.9173545837402344,1.0,0.003808501393042456
0.9167649745941162,1.0,0.004089665925414718
0.9162285327911377,1.0,0.004345270045753137
0.9157745838165283,1.0,0.0046264345781253996
0.9153591394424438,1.0,0.004882038698463819
0.9152190685272217,1.0,0.005163203230836081
0.9149008393287659,1.0,0.005444367763208343
0.914243221282959,1.0,0.0056999718835467625
0.9137698411941528,1.0,0.005981136415919025
0.9131691455841064,1.0,0.006236740536257445
0.9125658273696899,1.0,0.006517905068629706
0.9120936393737793,1.0,0.006799069601001968
0.9118998050689697,1.0,0.007054673721340388
0.911646842956543,1.0,0.00733583825371265
0.9114537835121155,1.0,0.00759144237405107
0.9112347364425659,1.0,0.007872606906423331
0.9110044240951538,1.0,0.008153771438795594
0.9107667207717896,1.0,0.008409375559134014
0.9101433753967285,1.0,0.008690540091506275
0.9098730087280273,1.0,0.008946144211844694
0.9096490740776062,1.0,0.009227308744216957
0.9094781875610352,1.0,0.009508473276589218
0.9092683792114258,1.0,0.009764077396927638
0.909021258354187,1.0,0.0100452419292999
0.9087471961975098,1.0,0.01030084604963832
0.9085819125175476,1.0,0.010582010582010581
0.9084615111351013,1.0,0.010863175114382844
0.9083040952682495,1.0,0.011118779234721264
0.9079394936561584,1.0,0.011399943767093525
0.9077200889587402,1.0,0.011655547887431946
0.9073728919029236,1.0,0.011936712419804207
0.9071575999259949,1.0,0.012217876952176469
0.9068820476531982,1.0,0.01247348107251489
0.9066769480705261,1.0,0.012754645604887151
0.9064619541168213,1.0,0.01301024972522557
0.9062319993972778,1.0,0.013291414257597832
0.9060494303703308,1.0,0.013572578789970095
0.9057214856147766,1.0,0.013828182910308514
0.905484676361084,1.0,0.014109347442680775
0.9053062200546265,1.0,0.014390511975053038
0.9051764011383057,1.0,0.014646116095391458
0.9049402475357056,1.0,0.014927280627763719
0.9048046469688416,1.0,0.01518288474810214
0.9046271443367004,1.0,0.015464049280474401
0.9044018983840942,1.0,0.015745213812846662
0.9042535424232483,1.0,0.016000817933185082
0.904047429561615,1.0,0.016281982465557343
0.90385901927948,1.0,0.016537586585895766
0.9035516977310181,1.0,0.016818751118268027
0.9032983183860779,1.0,0.01709991565064029
0.9031922221183777,1.0,0.017355519770978708
0.9030435085296631,1.0,0.01763668430335097
0.9028365015983582,1.0,0.01789228842368939
0.9025849103927612,1.0,0.018173452956061653
0.902393102645874,1.0,0.018454617488433914
0.9022721648216248,1.0,0.018710221608772334
0.9020988345146179,1.0,0.018991386141144595
0.9019466638565063,1.0,0.019246990261483014
0.9017772674560547,1.0,0.019528154793855276
0.901605486869812,1.0,0.01980931932622754
0.9013959765434265,1.0,0.02006492344656596
0.9012397527694702,1.0,0.02034608797893822
0.9011064767837524,1.0,0.02060169209927664
0.9009320735931396,1.0,0.0208828566316489
0.9007965326309204,1.0,0.021164021164021163
0.9005544185638428,1.0,0.021419625284359582
0.9004156589508057,1.0,0.021700789816731847
0.9003350138664246,1.0,0.021956393937070266
0.900083065032959,1.0,0.022237558469442528
0.8999357223510742,1.0,0.02251872300181479
0.8998355865478516,1.0,0.022774327122153208
0.8996559381484985,1.0,0.02305549165452547
0.8994868993759155,1.0,0.023311095774863892
0.899354100227356,1.0,0.023592260307236153
0.8991913795471191,1.0,0.023873424839608415
0.8990213871002197,1.0,0.024129028959946834
0.8989190459251404,1.0,0.024410193492319095
0.8987856507301331,1.0,0.024665797612657515
0.8986785411834717,1.0,0.02494696214502978
0.8985644578933716,1.0,0.02522812667740204
0.8983376026153564,1.0,0.02548373079774046
0.8982317447662354,1.0,0.02576489533011272
0.8980725407600403,1.0,0.02602049945045114
0.8979061841964722,1.0,0.026301663982823402
0.8977296948432922,1.0,0.026582828515195663
0.8976418972015381,1.0,0.026838432635534086
0.8974236249923706,1.0,0.027119597167906347
0.89726722240448,1.0,0.027375201288244767
0.8971260786056519,1.0,0.027656365820617028
0.8969245553016663,1.0,0.02793753035298929
0.8968062400817871,1.0,0.02819313447332771
0.8964550495147705,1.0,0.028474299005699973
0.8962275981903076,1.0,0.028755463538072235
0.8960256576538086,1.0,0.029011067658410654
0.8958612084388733,1.0,0.029292232190782915
0.8957517147064209,1.0,0.029547836311121334
0.8955616354942322,1.0,0.029829000843493596
0.8953078985214233,1.0,0.03011016537586586
0.8951411843299866,1.0,0.03036576949620428
0.8950064182281494,1.0,0.03064693402857654
0.8949411511421204,1.0,0.03090253814891496
0.8948442935943604,1.0,0.03118370268128722
0.8946489095687866,1.0,0.031464867213659486
0.8944780826568604,1.0,0.031720471333997906
0.8943701982498169,1.0,0.032001635866370164
0.8942464590072632,1.0,0.03225723998670858
0.8940617442131042,1.0,0.03253840451908085
0.8938958644866943,1.0,0.03281956905145311
0.8937878012657166,1.0,0.03307517317179153
0.8936194181442261,1.0,0.03335633770416379
0.8935057520866394,1.0,0.03361194182450221
0.8933258056640625,1.0,0.033893106356874474
0.8931965827941895,1.0,0.03417427088924673
0.8930079340934753,1.0,0.03442987500958516
0.892815113067627,1.0,0.034711039541957416
0.8926066160202026,1.0,0.034966643662295835
0.892461895942688,1.0,0.0352478081946681
0.8922739028930664,1.0,0.03552897272704036
0.8921147584915161,1.0,0.03578457684737878
0.8919500112533569,1.0,0.03606574137975104
0.8917845487594604,1.0,0.03632134550008946
0.8916170597076416,1.0,0.036602510032461726
0.8914194703102112,1.0,0.03688367456483398
0.8913118839263916,1.0,0.0371392786851724
0.8911858797073364,1.0,0.03742044321754467
0.8910500407218933,1.0,0.03767604733788309
0.8908611536026001,1.0,0.03795721187025535
0.890659749507904,1.0,0.03823837640262761
0.8905208110809326,1.0,0.03849398052296603
0.8903936147689819,1.0,0.03877514505533829
0.890299379825592,1.0,0.03903074917567671
0.8901546597480774,1.0,0.03931191370804897
0.8899844884872437,1.0,0.039593078240421235
0.889875590801239,1.0,0.039848682360759655
0.8896990418434143,1.0,0.04012984689313192
0.8895478248596191,1.0,0.04038545101347034
0.8893990516662598,1.0,0.040666615545842597
0.8892726898193359,1.0,0.04094778007821486
0.8891515135765076,1.0,0.04120338419855328
0.8890352249145508,1.0,0.041484548730925545
0.8889065980911255,1.0,0.041740152851263965
0.8888035416603088,1.0,0.04202131738363622
0.8886692523956299,1.0,0.04230248191600849
0.8885502815246582,1.0,0.04255808603634691
0.8883170485496521,1.0,0.042839250568719164
0.8881319761276245,1.0,0.04312041510109143
0.8879643678665161,1.0,0.04337601922142985
0.8877798318862915,1.0,0.04365718375380211
0.8876500725746155,1.0,0.04391278787414053
0.887544572353363,1.0,0.04419395240651279
0.8873868584632874,1.0,0.044475116938885055
0.8872590661048889,1.0,0.044730721059223474
0.8871704339981079,1.0,0.04501188559159574
0.8868904113769531,1.0,0.04526748971193416
0.8867406249046326,1.0,0.045548654244306416
0.8865570425987244,1.0,0.04582981877667868
0.8864423036575317,1.0,0.0460854228970171
0.886317253112793,1.0,0.046366587429389365
0.8862497806549072,1.0,0.046622191549727784
0.8861368298530579,1.0,0.04690335608210004
0.885930061340332,1.0,0.04718452061447231
0.8858691453933716,1.0,0.047440124734810726
0.885758638381958,1.0,0.047721289267182984
0.8856137990951538,1.0,0.047976893387521403
0.8855379819869995,1.0,0.04825805791989367
0.8854471445083618,1.0,0.04853922245226593
0.8853039741516113,1.0,0.04879482657260435
0.8851920962333679,1.0,0.04907599110497661
0.8850594162940979,1.0,0.04933159522531503
0.88492351770401,1.0,0.049612759757687294
0.8847849369049072,1.0,0.04989392429005956
0.8846333026885986,1.0,0.05014952841039798
0.8845301866531372,1.0,0.050430692942770236
0.8844536542892456,1.0,0.050686297063108655
0.8843530416488647,1.0,0.05096746159548092
0.8842045068740845,1.0,0.05124862612785318
0.884139358997345,1.0,0.051504230248191604
0.883934497833252,1.0,0.05178539478056386
0.883842945098877,1.0,0.05204099890090228
0.8836936950683594,1.0,0.052322163433274546
0.883604109287262,1.0,0.052603327965646804
0.8835002183914185,1.0,0.05285893208598522
0.8834179043769836,1.0,0.05314009661835749
0.8833035230636597,1.0,0.05339570073869591
0.883161723613739,1.0,0.05367686527106817
0.8830941915512085,1.0,0.05395802980344043
0.8829860687255859,1.0,0.05421363392377885
0.882847785949707,1.0,0.054494798456151114
0.8827570676803589,1.0,0.05475040257648953
0.8825660347938538,1.0,0.0550315671088618
0.8824392557144165,1.0,0.055312731641234056
0.8822991251945496,1.0,0.055568335761572475
0.8822270631790161,1.0,0.05584950029394474
0.8819888830184937,1.0,0.05610510441428316
0.8818368911743164,1.0,0.05638626894665542
0.8816398978233337,1.0,0.05666743347902768
0.8815034627914429,1.0,0.0569230375993661
0.8814008235931396,1.0,0.057204202131738366
0.8812777996063232,1.0,0.057485366664110624
0.8812143802642822,1.0,0.05774097078444904
0.8810588121414185,1.0,0.05802213531682131
0.8809772729873657,1.0,0.05827773943715973
0.8808817863464355,1.0,0.05855890396953199
0.8807763457298279,1.0,0.05884006850190425
0.8806872367858887,1.0,0.05909567262224267
0.8805352449417114,1.0,0.059376837154614934
0.8804225921630859,1.0,0.05963244127495335
0.8803503513336182,1.0,0.05991360580732561
0.8802125453948975,1.0,0.060194770339697876
0.8800309896469116,1.0,0.060450374460036295
0.8799218535423279,1.0,0.06073153899240856
0.8798277378082275,1.0,0.06098714311274698
0.8796901702880859,1.0,0.06126830764511924
0.879575252532959,1.0,0.0615494721774915
0.8794881105422974,1.0,0.06180507629782992
0.8793883323669434,1.0,0.062086240830202186
0.8792829513549805,1.0,0.062341844950540605
0.8791197538375854,1.0,0.06262300948291287
0.8789545893669128,1.0,0.06290417401528513
0.8788293600082397,1.0,0.06315977813562354
0.878678560256958,1.0,0.06344094266799581
0.8785821795463562,1.0,0.06369654678833422
0.878471851348877,1.0,0.0639777113207065
0.8783541917800903,1.0,0.06425887585307875
0.8782858848571777,1.0,0.06451447997341717
0.8781571388244629,1.0,0.06479564450578944
0.8779920339584351,1.0,0.06505124862612785
0.8778314590454102,1.0,0.06533241315850012
0.8777210712432861,1.0,0.06561357769087238
0.8776354193687439,1.0,0.06586918181121079
0.8775404095649719,1.0,0.06615034634358306
0.8774266242980957,1.0,0.06640595046392148
0.8773391842842102,1.0,0.06668711499629373
0.8772373199462891,1.0,0.066968279528666
0.8771482706069946,1.0,0.06722388364900442
0.8770363926887512,1.0,0.06750504818137669
0.87692791223526,1.0,0.0677606523017151
0.8768428564071655,1.0,0.06804181683408736
0.876700222492218,1.0,0.06832298136645963
0.8765490055084229,1.0,0.06857858548679804
0.87639981508255,1.0,0.06885975001917032
0.8762986063957214,1.0,0.06911535413950873
0.8762255907058716,1.0,0.06939651867188099
0.8760989904403687,1.0,0.06967768320425326
0.8760190606117249,1.0,0.06993328732459167
0.875905454158783,1.0,0.07021445185696393
0.8757732510566711,1.0,0.07047005597730235
0.8756693601608276,1.0,0.07075122050967461
0.8755205273628235,1.0,0.07103238504204688
0.875428318977356,1.0,0.0712879891623853
0.8752440214157104,1.0,0.07156915369475755
0.8751873970031738,1.0,0.07185031822712983
0.8750578761100769,1.0,0.07210592234746824
0.8749774694442749,1.0,0.07238708687984051
0.8748802542686462,1.0,0.07264269100017892
0.8747298717498779,1.0,0.07292385553255118
0.874670684337616,1.0,0.07320502006492345
0.8745208382606506,1.0,0.07346062418526186
0.8744344711303711,1.0,0.07374178871763412
0.8742690086364746,1.0,0.07399739283797255
0.8741629123687744,1.0,0.0742785573703448
0.8740439414978027,1.0,0.07455972190271708
0.8739278316497803,1.0,0.07481532602305549
0.8737422823905945,1.0,0.07509649055542775
0.8735953569412231,1.0,0.07535209467576617
0.8734734058380127,1.0,0.07563325920813843
0.8733437657356262,1.0,0.0759144237405107
0.8731963634490967,1.0,0.07617002786084912
0.8730607628822327,1.0,0.07645119239322137
0.872977614402771,1.0,0.0767067965135598
0.872846245765686,1.0,0.07698796104593206
0.8727172613143921,1.0,0.07726912557830433
0.8726261854171753,1.0,0.07752472969864274
0.8724543452262878,1.0,0.077805894231015
0.8723416924476624,1.0,0.07806149835135343
0.8721386194229126,1.0,0.07834266288372568
0.8720635771751404,1.0,0.07862382741609794
0.8719825744628906,1.0,0.07887943153643637
0.8718605637550354,1.0,0.07916059606880863
0.87174391746521,1.0,0.07941620018914705
0.8716158866882324,1.0,0.07969736472151931
0.8715006709098816,1.0,0.07997852925389157
0.871393084526062,1.0,0.08023413337423
0.8712533712387085,1.0,0.08051529790660225
0.871110737323761,1.0,0.08077090202694068
0.8709844350814819,1.0,0.08105206655931294
0.8708776831626892,1.0,0.08133323109168519
0.8707419037818909,1.0,0.08158883521202362
0.8706637024879456,1.0,0.08186999974439588
0.8705599308013916,1.0,0.0821256038647343
0.8704216480255127,1.0,0.08240676839710656
0.8702362775802612,1.0,0.08268793292947882
0.8701807260513306,1.0,0.08294353704981725
0.8700482845306396,1.0,0.0832247015821895
0.8699763417243958,1.0,0.08348030570252793
0.8699243068695068,1.0,0.08376147023490019
0.8698237538337708,1.0,0.08404263476727244
0.8696668148040771,1.0,0.08429823888761087
0.8696057796478271,1.0,0.08457940341998313
0.8694040179252625,1.0,0.08483500754032156
0.8692859411239624,1.0,0.08511617207269381
0.8692202568054199,1.0,0.08539733660506607
0.8690980672836304,1.0,0.0856529407254045
0.8689959049224854,1.0,0.08593410525777676
0.868911862373352,1.0,0.08621526979014901
0.8688465356826782,1.0,0.08647087391048744
0.8687185645103455,1.0,0.0867520384428597
0.8685500621795654,1.0,0.08700764256319812
0.8684095740318298,1.0,0.08728880709557038
0.8682977557182312,1.0,0.08756997162794264
0.8681950569152832,1.0,0.08782557574828107
0.8680644035339355,1.0,0.08810674028065332
0.8678992986679077,1.0,0.08836234440099175
0.8678296804428101,1.0,0.08864350893336401
0.8677164316177368,1.0,0.08892467346573626
0.8676276803016663,1.0,0.08918027758607469
0.867478609085083,1.0,0.08946144211844695
0.867398202419281,1.0,0.08971704623878538
0.8672942519187927,1.0,0.08999821077115763
0.8671619892120361,1.0,0.09027937530352989
0.8670592308044434,1.0,0.09053497942386832
0.8669000864028931,1.0,0.09081614395624057
0.8668268918991089,1.0,0.091071748076579
0.86670982837677,1.0,0.09135291260895126
0.8666141033172607,1.0,0.09163407714132352
0.8665227890014648,1.0,0.09188968126166194
0.8664281368255615,1.0,0.0921708457940342
0.8662976026535034,1.0,0.09242644991437261
0.8661763668060303,1.0,0.09270761444674488
0.8660914897918701,1.0,0.09298877897911714
0.8659946918487549,1.0,0.09324438309945557
0.8659098148345947,1.0,0.09352554763182783
0.8658185005187988,1.0,0.09378115175216624
0.865686297416687,1.0,0.09406231628453851
0.8654834628105164,1.0,0.09434348081691077
0.8653784990310669,1.0,0.0945990849372492
0.8652865886688232,1.0,0.09488024946962145
0.8651663064956665,1.0,0.09513585358995987
0.8650236129760742,1.0,0.09541701812233214
0.8648701310157776,1.0,0.0956981826547044
0.8647578358650208,1.0,0.09595378677504281
0.8646109104156494,1.0,0.09623495130741508
0.864483118057251,1.0,0.09649055542775349
0.8643847703933716,1.0,0.09677171996012576
0.8641527891159058,1.0,0.09705288449249802
0.8640411496162415,1.0,0.09730848861283643
0.8639545440673828,1.0,0.0975896531452087
0.8638389110565186,1.0,0.09784525726554712
0.8636970520019531,1.0,0.09812642179791939
0.8634954690933228,1.0,0.09840758633029165
0.8633747100830078,0.9997409326424871,0.09863763003859623
0.8633241653442383,0.9997416688194265,0.09891879457096849
0.8631585836410522,0.999742334449884,0.0991743986913069
0.862964391708374,0.999743062692703,0.09945556322367917
0.862816572189331,0.9997437868306431,0.09973672775605143
0.8627297878265381,0.9997444416049067,0.09999233187638985
0.8626238107681274,0.9997451580020388,0.10027349640876211
0.8625125288963318,0.9997458703939008,0.10055466094113437
0.8623647689819336,0.9997465145754119,0.1008102650614728
0.8622450232505798,0.999747219413549,0.10109142959384505
0.8621290922164917,0.9997478567826525,0.10134703371418348
0.8619704246520996,0.9997485541865728,0.10162819824655574
0.8617422580718994,0.9997492477432297,0.101909362778928
0.8616418838500977,0.9997498749374687,0.10216496689926642
0.8614610433578491,0.9997505612372163,0.10244613143163868
0.8613784909248352,0.9997511818860413,0.10270173555197709
0.8612370491027832,0.9997518610421836,0.10298290008434936
0.8611465692520142,0.9997525365008662,0.10326406461672162
0.8610816597938538,0.9997531473710195,0.10351966873706005
0.8610122203826904,0.9997538158542589,0.1038008332694323
0.8609192371368408,0.9997544204322201,0.10405643738977072
0.8608224391937256,0.9997550820475141,0.10433760192214299
0.8606882691383362,0.9997557401074744,0.10461876645451525
0.8605884313583374,0.9997563352826511,0.10487437057485367
0.8605046272277832,0.9997569866342649,0.10515553510722593
0.8603679537773132,0.9997575757575757,0.10541113922756434
0.8602510690689087,0.9997582205029013,0.10569230375993661
0.8601718544960022,0.9997588618278274,0.10597346829230887
0.8601052165031433,0.9997594419052201,0.10622907241264729
0.8599898219108582,0.9997600767754319,0.10651023694501956
0.8598343133926392,0.9997606510292005,0.10676584106535797
0.8596778512001038,0.9997612795416567,0.10704700559773024
0.859576940536499,0.9997619047619047,0.1073281701301025
0.8595046401023865,0.9997624703087886,0.10758377425044091
0.85935378074646,0.9997630893153281,0.10786493878281318
0.8592715263366699,0.9997636492554951,0.1081205429031516
0.8591874837875366,0.9997642621404997,0.10840170743552387
0.8591033220291138,0.999764871855161,0.10868287196789612
0.8590177893638611,0.9997654234107436,0.10893847608823454
0.8589022159576416,0.9995320542817033,0.10919408020857296
0.8588035106658936,0.9995331465919701,0.10944968432891138
0.8586921691894531,0.9995343422584401,0.10973084886128365
0.8585706949234009,0.9995355318160706,0.1100120133936559
0.8584831953048706,0.9995366079703429,0.11026761751399433
0.8582726716995239,0.9995377859949156,0.11054878204636659
0.858120322227478,0.9995388517408347,0.110804386166705
0.8579854369163513,0.999540018399264,0.11108555069907727
0.8578680157661438,0.9995411791695343,0.11136671523144953
0.8577283620834351,0.9995422293430991,0.11162231935178796
0.8576002717018127,0.9995433789954338,0.11190348388416022
0.857546329498291,0.9995444191343964,0.11215908800449863
0.8574583530426025,0.9995455578277664,0.1124402525368709
0.8572739362716675,0.9995466908431551,0.11272141706924316
0.8572190999984741,0.9995477159656264,0.11297702118958157
0.8571509718894958,0.9995488382585157,0.11325818572195384
0.8570914268493652,0.9995498537024533,0.11351378984229225
0.8569419980049133,0.9995509654243376,0.11379495437466453
0.8567571640014648,0.999552071668533,0.11407611890703678
0.8566088676452637,0.9995530726256984,0.1143317230273752
0.8565293550491333,0.9995541685242978,0.11461288755974747
0.8564401865005493,0.9995552590615966,0.11489405209211973
0.8563308715820312,0.9995562458398047,0.11514965621245815
0.8562440872192383,0.9995573262505534,0.11543082074483041
0.8561440706253052,0.9995583038869258,0.11568642486516882
0.8560888767242432,0.9995593743115223,0.1159675893975411
0.8559184074401855,0.9995604395604396,0.11624875392991335
0.8558153510093689,0.999561403508772,0.11650435805025176
0.8556673526763916,0.9995624589805294,0.11678552258262404
0.8555838465690613,0.9995634141017246,0.11704112670296245
0.8554291725158691,0.9995644599303136,0.11732229123533472
0.8553013801574707,0.9995655007603736,0.11760345576770698
0.855165958404541,0.9995664426620421,0.11785905988804539
0.8550631999969482,0.9995674740484429,0.11814022442041766
0.8549706339836121,0.9995684074233924,0.11839582854075607
0.8548537492752075,0.9995694294940797,0.11867699307312835
0.8546745777130127,0.9995704467353952,0.1189581576055006
0.8544974327087402,0.9995713673381912,0.11921376172583902
0.8543598651885986,0.9995723754543511,0.11949492625821129
0.8542553186416626,0.9995732878173672,0.1197505303785497
0.8541351556777954,0.9995742869306088,0.12003169491092196
0.8540334105491638,0.9995752813760883,0.12031285944329423
0.8539096117019653,0.9995761813943632,0.12056846356363264
0.8537930250167847,0.9995771670190274,0.12084962809600491
0.8536885380744934,0.9995780590717299,0.12110523221634333
0.8535985946655273,0.9995790359924226,0.12138639674871558
0.8534451723098755,0.999580008399832,0.12166756128108785
0.853295087814331,0.9995808885163453,0.12192316540142627
0.853202223777771,0.9995818523938951,0.12220432993379854
0.8531050682067871,0.9995827248070103,0.12245993405413695
0.8530202507972717,0.9995836802664446,0.12274109858650921
0.8529655933380127,0.9995846313603323,0.12302226311888148
0.8528585433959961,0.9995854922279793,0.1232778672392199
0.8527621030807495,0.9995864350703061,0.12355903177159216
0.8526915311813354,0.9995872884853487,0.12381463589193058
0.8525741696357727,0.9995882231830348,0.12409580042430284
0.852454662322998,0.9995891536565324,0.1243769649566751
0.8523629903793335,0.999589995899959,0.12463256907701352
0.8522794246673584,0.9995909183882185,0.12491373360938578
0.852154552936554,0.9995917534190651,0.1251693377297242
0.852042555809021,0.9995926680244399,0.12545050226209647
0.8519140481948853,0.999593578540947,0.12573166679446873
0.8517521023750305,0.9995944027580612,0.12598727091480716
0.8516366481781006,0.9995953055443141,0.12626843544717942
0.8515409827232361,0.9995961227786753,0.12652403956751782
0.8514423966407776,0.999597017932702,0.1268052040998901
0.8513606786727905,0.9995979091274628,0.12708636863226236
0.8511883020401001,0.9995987158908507,0.12734197275260078
0.8509804606437683,0.9995995995995997,0.12762313728497304
0.8507764339447021,0.9996003996003996,0.12787874140531144
0.8506017923355103,0.9996012759170654,0.12815990593768373
0.8504956960678101,0.9996021483986473,0.12844107047005598
0.8503363132476807,0.9996029382568989,0.1286966745903944
0.8502019643783569,0.9996038034865293,0.12897783912276667
0.8501228094100952,0.9996046649535482,0.12925900365513893
0.8500092029571533,0.9996054448609193,0.12951460777547735
0.8498387336730957,0.9996062992125985,0.1297957723078496
0.8497169017791748,0.999607072691552,0.130051376428188
0.8496301174163818,0.9996079200156832,0.1303325409605603
0.8494831919670105,0.9996087636932708,0.13061370549293255
0.8493449687957764,0.9996095275283092,0.13086930961327098
0.84920334815979,0.9996103643093708,0.13115047414564324
0.8491023182868958,0.9996111219132802,0.13140607826598164
0.8489323854446411,0.9996119518820333,0.13168724279835392
0.8488128185272217,0.9994191674733786,0.13194284691869232
0.8487142324447632,0.9994202898550725,0.13219845103903075
0.8485686182975769,0.9994215194755109,0.132479615571403
0.8484275937080383,0.9994226327944573,0.13273521969174143
0.8482763171195984,0.9994238525062416,0.1330163842241137
0.8481625914573669,0.9994250670755078,0.13329754875648595
0.8480044007301331,0.9994261667941852,0.13355315287682437
0.8478572368621826,0.9994273716358084,0.13383431740919663
0.847785472869873,0.999428462564298,0.13408992152953506
0.8476814031600952,0.9994296577946769,0.1343710860619073
0.8475350737571716,0.9994308480364257,0.13465225059427957
0.8474044799804688,0.9994319257716342,0.134907854714618
0.8471987247467041,0.9994331065759637,0.13518901924699026
0.847099781036377,0.9994341757827235,0.13544462336732868
0.8469499349594116,0.9994353472614342,0.13572578789970094
0.8467932939529419,0.9994365138993239,0.1360069524320732
0.846685528755188,0.999437570303712,0.13626255655241162
0.8465656042098999,0.9994387277829747,0.13654372108478388
0.8463987112045288,0.9994397759103641,0.1367993252051223
0.8462611436843872,0.9994409243384271,0.13708048973749457
0.8461423516273499,0.9994420680676958,0.13736165426986682
0.8459700345993042,0.9994431037683311,0.13761725839020525
0.8458495140075684,0.9994442386068915,0.1378984229225775
0.84576416015625,0.9994452662721893,0.13815402704291593
0.8455592393875122,0.9994463923233069,0.1384351915752882
0.8454737663269043,0.9994475138121547,0.13871635610766045
0.8453763723373413,0.9994485294117647,0.13897196022799888
0.8452967405319214,0.9994496422674739,0.13925312476037113
0.8451643586158752,0.9994506500640908,0.13950872888070956
0.8449620008468628,0.9994517543859649,0.13978989341308182
0.8448502421379089,0.9994528542768557,0.14007105794545407
0.8446958065032959,0.9994538503549972,0.1403266620657925
0.8445822596549988,0.9994549418604651,0.14060782659816476
0.8444778919219971,0.999455930359086,0.14086343071850319
0.8443629145622253,0.9994570135746607,0.14114459525087544
0.8442716598510742,0.9994580924855492,0.1414257597832477
0.8441316485404968,0.9994590695997115,0.14168136390358613
0.8439308404922485,0.9992801871513407,0.14193696802392455
0.8438392877578735,0.9992814801508891,0.14219257214426295
0.8436784744262695,0.9992828970957333,0.14247373667663524
0.8435845375061035,0.9992843084630524,0.1427549012090075
0.8434510231018066,0.9992855867119128,0.14301050532934592
0.8433749675750732,0.9992869875222816,0.14329166986171818
0.8432210683822632,0.9992883828500266,0.14357283439409044
0.8430306315422058,0.9992896465991831,0.14382843851442886
0.8428758382797241,0.999291031549096,0.14410960304680112
0.8427649736404419,0.9992922859164898,0.14436520716713955
0.8426264524459839,0.9992936606039202,0.1446463716995118
0.8425585031509399,0.9992950299612267,0.14492753623188406
0.8424286842346191,0.9992962702322308,0.1451831403522225
0.8422595858573914,0.999297629499561,0.14546430488459475
0.8421152830123901,0.9992988606485539,0.14571990900493315
0.8419977426528931,0.9993002099370188,0.14600107353730543
0.8419195413589478,0.999301554042256,0.1462822380696777
0.8418394923210144,0.9993027714833537,0.14653784219001612
0.8416765928268433,0.9993041057759221,0.14681900672238837
0.8415889143943787,0.9993053143452588,0.14707461084272677
0.8414609432220459,0.9993066389322239,0.14735577537509906
0.8413189649581909,0.9993079584775086,0.14763693990747132
0.841120719909668,0.9993091537132988,0.14789254402780974
0.8410375118255615,0.9993104637131529,0.148173708560182
0.8409153819084167,0.9993116503183618,0.1484293126805204
0.8407943844795227,0.9993129508759876,0.14871047721289268
0.8407042026519775,0.9993142465283731,0.14899164174526494
0.8405910134315491,0.9993154201608763,0.14924724586560337
0.8404855132102966,0.9993167065254527,0.14952841039797563
0.8403892517089844,0.9993178717598908,0.14978401451831402
0.8401586413383484,0.9993191489361702,0.1500651790506863
0.8400505781173706,0.99932042133877,0.15034634358305857
0.8398928642272949,0.9993215739484396,0.15060194770339697
0.8398101329803467,0.9993228373116642,0.15088311223576925
0.8396840691566467,0.9993239817475071,0.15113871635610765
0.8395702838897705,0.9993252361673415,0.15141988088847994
0.8394724130630493,0.999326485940394,0.1517010454208522
0.8393853902816772,0.9993276180870735,0.1519566495411906
0.8391897678375244,0.9993288590604027,0.15223781407356288
0.8390190601348877,0.9993299832495812,0.15249341819390128
0.8388574719429016,0.9993312155158001,0.15277458272627356
0.8387501239776611,0.9993324432576769,0.15305574725864582
0.8386536836624146,0.9993335554815062,0.15331135137898422
0.8384720087051392,0.9993347746549144,0.1535925159113565
0.8383751511573792,0.9993358791300017,0.1538481200316949
0.8381903767585754,0.9993370898243288,0.15412928456406716
0.8379820585250854,0.9993382961124897,0.15441044909643944
0.8378836512565613,0.9993393889347647,0.15466605321677784
0.8377509117126465,0.9993405868776789,0.15494721774915013
0.8376879692077637,0.9993416721527321,0.15520282186948853
0.8375997543334961,0.9993428618367012,0.15548398640186079
0.837477445602417,0.9993440472285995,0.15576515093423307
0.8373166918754578,0.9993451211525868,0.15602075505457147
0.8371611833572388,0.9993462984147736,0.15630191958694375
0.837098240852356,0.9993473649861315,0.15655752370728215
0.836984395980835,0.9993485342019544,0.1568386882396544
0.8368903398513794,0.9993496992358966,0.1571198527720267
0.8367313146591187,0.9993507547476059,0.1573754568923651
0.8366425633430481,0.9993519118600129,0.15765662142473735
0.8365112543106079,0.9993530648552482,0.15793778595710964
0.8363380432128906,0.9993541094784434,0.15819339007744804
0.8362463712692261,0.9993552546744036,0.15847455460982032
0.8361308574676514,0.9993562922433216,0.15873015873015872
0.8360031843185425,0.9993574297188755,0.15901132326253098
0.8358741402626038,0.9993585631815266,0.15929248779490326
0.8357346057891846,0.9993595901376882,0.15954809191524166
0.8355621099472046,0.9993607159980822,0.15982925644761395
0.8354650735855103,0.9993617360778682,0.16008486056795235
0.8353707790374756,0.9993628544122332,0.1603660251003246
0.8352461457252502,0.9993639688344729,0.1606471896326969
0.8351136445999146,0.9993649785680266,0.1609027937530353
0.8349587321281433,0.9993660855784469,0.16118395828540755
0.8347867131233215,0.9993670886075949,0.16143956240574597
0.8346370458602905,0.9993681882798926,0.16172072693811823
0.8345167636871338,0.999369284137496,0.16200189147049052
0.8344235420227051,0.9993702770780857,0.16225749559082892
0.8341714143753052,0.9993713657079993,0.16253866012320117
0.8340137600898743,0.999372352110466,0.1627942642435396
0.8339452147483826,0.9992167919799498,0.16304986836387803
0.8338515758514404,0.9992181391712275,0.16333103289625028
0.8337242603302002,0.9992193598750976,0.1635866370165887
0.8335673809051514,0.9992206982543641,0.16386780154896097
0.8334453105926514,0.9992219109866168,0.1641234056692994
0.8333419561386108,0.9990678887680596,0.16437900978963782
0.833195686340332,0.9990694789081885,0.16466017432201008
0.8330128192901611,0.9990709197894085,0.1649157784423485
0.8327616453170776,0.9990724996135415,0.16519694297472076
0.8326841592788696,0.9990739311622164,0.16545254709505916
0.8324812650680542,0.9990755007704161,0.16573371162743145
0.8322493433952332,0.9990770650669127,0.1660148761598037
0.8321071863174438,0.999078482567962,0.1662704802801421
0.8319724798202515,0.9990800367985281,0.1665516448125144
0.8318707942962646,0.9990814451928965,0.1668072489328528
0.8316990733146667,0.9990829894543787,0.16708841346522507
0.8315513134002686,0.9990845285321941,0.16736957799759733
0.8314613103866577,0.9990859232175503,0.16762518211793573
0.831291913986206,0.9990874524714829,0.167906346650308
0.831193208694458,0.9990888382687927,0.1681619507706464
0.8311075568199158,0.9990903577926016,0.1684431153030187
0.8309264779090881,0.9990918722566975,0.16872427983539096
0.8307781219482422,0.9990932446728125,0.16897988395572935
0.8306195735931396,0.9990947495473748,0.16926104848810164
0.8305011987686157,0.9990961132871347,0.16951665260844004
0.8303393721580505,0.9990976086629568,0.1697978171408123
0.8302595019340515,0.9990990990990991,0.17007898167318458
0.8301273584365845,0.9991004497751125,0.17033458579352298
0.8300298452377319,0.9991019308486754,0.17061575032589527
0.8298799395561218,0.9991032730533552,0.17087135444623366
0.8297273516654968,0.999104744852283,0.17115251897860592
0.8295745849609375,0.9991062118277968,0.1714336835109782
0.8294616341590881,0.9991075412762159,0.1716892876313166
0.8293119668960571,0.9991089991089991,0.1719704521636889
0.829184353351593,0.999110452186805,0.17225161669606115
0.8291068077087402,0.9991117690599556,0.17250722081639955
0.8290024995803833,0.9991132131244458,0.17278838534877183
0.8288794755935669,0.9991145218417946,0.17304398946911023
0.828789234161377,0.9991159569765728,0.17332515400148252
0.8287089467048645,0.9989702853780523,0.17358075812182092
0.828482449054718,0.9989717978848414,0.17383636224215934
0.8283506631851196,0.9989734565185511,0.1741175267745316
0.8282178640365601,0.9989749597305608,0.17437313089487003
0.8280651569366455,0.9989766081871345,0.17465429542724228
0.8279428482055664,0.9989782513501678,0.17493545995961454
0.8278301954269409,0.9989797405626002,0.17519106407995297
0.8277055621147156,0.9989813736903376,0.17547222861232523
0.8275636434555054,0.9989828538215635,0.17572783273266365
0.8274344205856323,0.998984477005658,0.1760089972650359
0.8272539973258972,0.9989860950173812,0.17629016179740817
0.8270938396453857,0.9989875614694822,0.1765457659177466
0.8270047903060913,0.9989891696750902,0.17682693045011885
0.8268601894378662,0.9989906272530642,0.17708253457045728
0.8267187476158142,0.9989922257414339,0.17736369910282954
0.8265655040740967,0.9989938191749317,0.1776448636352018
0.826440691947937,0.998995263384527,0.17790046775554022
0.8262614011764526,0.9989968472341645,0.17818163228791248
0.8260960578918457,0.9989982827704637,0.1784372364082509
0.8258949518203735,0.9989998571224461,0.17871840094062316
0.8257700800895691,0.9990014265335235,0.17899956547299542
0.8255993127822876,0.999002849002849,0.17925516959333385
0.8254612684249878,0.9990044090456549,0.1795363341257061
0.8253129720687866,0.9990058230365005,0.17979193824604453
0.8251875638961792,0.9990073737946682,0.1800731027784168
0.8249179720878601,0.9990089197224975,0.18035426731078905
0.824796199798584,0.9990103209387813,0.18060987143112747
0.8246724605560303,0.9990118577075099,0.18089103596349973
0.8245582580566406,0.9990132506343389,0.18114664008383816
0.824390172958374,0.9990147783251232,0.18142780461621041
0.8242738246917725,0.9990163012928611,0.18170896914858267
0.8241630792617798,0.9990176817288802,0.1819645732689211
0.8240853548049927,0.9990191957405072,0.18224573780129336
0.823935866355896,0.9990205680705191,0.18250134192163178
0.8238204717636108,0.9990220732048058,0.18278250645400404
0.8236699104309082,0.9990235737201841,0.1830636709863763
0.8236103057861328,0.999024933834796,0.18331927510671472
0.8234089016914368,0.9990264255910988,0.18360043963908698
0.823323130607605,0.9990277777777777,0.1838560437594254
0.8230334520339966,0.9990292608514769,0.18413720829179767
0.8229321241378784,0.9990307394073664,0.18441837282416992
0.8228281736373901,0.9990320796460177,0.18467397694450835
0.822704553604126,0.9990335496341295,0.1849551414768806
0.8225298523902893,0.9990350151640475,0.18523630600925287
0.8223367929458618,0.9990363436123348,0.1854919101295913
0.822170615196228,0.9990378006872852,0.18577307466196355
0.8220414519309998,0.9990391214824983,0.18602867878230198
0.8218987584114075,0.9990405701754386,0.18630984331467423
0.8218080997467041,0.9990420145066374,0.1865910078470465
0.8216589689254761,0.999043323766571,0.18684661196738492
0.8215051293373108,0.9990447598253275,0.18712777649975718
0.8214166164398193,0.9990460615971655,0.1873833806200956
0.8212980628013611,0.9990474894543475,0.18766454515246786
0.8211488723754883,0.9990489130434783,0.18794570968484012
0.8208743333816528,0.9990502035278155,0.18820131380517854
0.8206759691238403,0.9990516190218127,0.1884824783375508
0.820570170879364,0.999052902178325,0.18873808245788923
0.8204174041748047,0.9990543096460416,0.18901924699026149
0.820270299911499,0.9990557129367328,0.18930041152263374
0.8201601505279541,0.9990569850464772,0.18955601564297217
0.8200517892837524,0.9990583804143126,0.18983718017534443
0.8198267221450806,0.9990596453519613,0.19009278429568285
0.8197076320648193,0.9990610328638497,0.1903739488280551
0.8195982575416565,0.9990624162871685,0.19065511336042737
0.8193814754486084,0.9989299090422686,0.19088515706873194
0.8193109035491943,0.9989314812341392,0.19116632160110422
0.8191846013069153,0.9989329064959317,0.19142192572144262
0.8190326690673828,0.9989344698987747,0.19170309025381488
0.818891167640686,0.9989360287272243,0.19198425478618716
0.8187103271484375,0.9989374418913535,0.19223985890652556
0.8186219930648804,0.9989389920424403,0.19252102343889785
0.8185383081436157,0.9989403973509934,0.19277662755923625
0.8183531761169434,0.9989419388969712,0.1930577920916085
0.8182132840156555,0.9989434759640782,0.1933389566239808
0.8180890083312988,0.9989448694275916,0.1935945607443192
0.8178910613059998,0.9989463979981562,0.19387572527669147
0.8177450895309448,0.9989477837695646,0.19413132939702987
0.8176239728927612,0.998949303913843,0.19441249392940213
0.8175442218780518,0.9989508196721312,0.19469365846177442
0.8174760341644287,0.9989521938441388,0.19494926258211281
0.8172388076782227,0.9989537012817159,0.19523042711448507
0.8171284198760986,0.9989550679205852,0.1954860312348235
0.8169885873794556,0.998956567105778,0.19576719576719576
0.8168362975120544,0.9989580619953112,0.19604836029956804
0.8167121410369873,0.9988293444328824,0.1962784040078726
0.816541850566864,0.9988310170151968,0.19655956854024487
0.8164595365524292,0.9988325334025165,0.1968151726605833
0.8162678480148315,0.9988341968911917,0.19709633719295555
0.8161475658416748,0.9988358556461001,0.1973775017253278
0.8160285353660583,0.9988373595142747,0.19763310584566623
0.8158737421035767,0.9988390092879257,0.1979142703780385
0.8157408237457275,0.9988405050244782,0.19816987449837692
0.8156163096427917,0.998842145889618,0.19845103903074918
0.8154687285423279,0.9988437821171634,0.19873220356312143
0.8152691721916199,0.9988452655889145,0.19898780768345986
0.815144956111908,0.9988468930172966,0.19926897221583212
0.8150467872619629,0.9988485158648925,0.19955013674820438
0.8148905038833618,0.9988499872220803,0.1998057408685428
0.8147090673446655,0.9988516013780784,0.20008690540091506
0.814590334892273,0.9988530648655537,0.2003425095212535
0.8144784569740295,0.9988546703995927,0.20062367405362574
0.8143661022186279,0.9988562714449104,0.200904838585998
0.8142485618591309,0.9988577230613022,0.20116044270633643
0.8140855431556702,0.9988593155893536,0.2014416072387087
0.8139912486076355,0.9988607594936709,0.2016972113590471
0.8138274550437927,0.9988623435722411,0.20197837589141937
0.8136770725250244,0.9988639232517041,0.20225954042379163
0.8135440349578857,0.9988653555219364,0.20251514454413005
0.8134386539459229,0.9988669268538336,0.2027963090765023
0.8132765293121338,0.998868351565447,0.20305191319684074
0.8131496906280518,0.998869914615771,0.203333077729213
0.8130121231079102,0.998871473354232,0.20361424226158525
0.8129047155380249,0.9988728866624922,0.20386984638192368
0.8127828240394592,0.9988744372186094,0.20415101091429594
0.8125718832015991,0.9988758431176618,0.20440661503463436
0.8124256134033203,0.9988773855556942,0.20468777956700662
0.8123056888580322,0.9988789237668162,0.20496894409937888
0.8121820688247681,0.9988803184871858,0.2052245482197173
0.8120689392089844,0.9988818486768543,0.20550571275208956
0.8118503093719482,0.9988832361335154,0.205761316872428
0.8116687536239624,0.9988847583643122,0.20604248140480025
0.8115243911743164,0.9988862764509343,0.2063236459371725
0.8112596273422241,0.9988876529477196,0.20657925005751093
0.8112055063247681,0.9988891631695878,0.2068604145898832
0.8110820651054382,0.9988905325443787,0.20711601871022162
0.8110129833221436,0.9988920349624523,0.20739718324259387
0.8108607530593872,0.9988935333169412,0.20767834777496613
0.810767412185669,0.9988948919449901,0.20793395189530456
0.8106253147125244,0.9988963825873697,0.20821511642767682
0.8104642629623413,0.9988977342314758,0.20847072054801524
0.8103287816047668,0.9988992172211351,0.2087518850803875
0.810228705406189,0.9989006962257237,0.20903304961275976
0.8100839257240295,0.9989020373307308,0.20928865373309818
0.809968113899231,0.9989035087719298,0.20956981826547044
0.809819757938385,0.9989048430275006,0.20982542238580887
0.8096669316291809,0.998906306963179,0.21010658691818113
0.8094463348388672,0.9989077669902913,0.21038775145055338
0.809259295463562,0.9989090909090909,0.2106433555708918
0.8090827465057373,0.9989105435177339,0.21092452010326407
0.8089307546615601,0.998911860718172,0.2111801242236025
0.8087577819824219,0.9989133059647428,0.21146128875597475
0.8086647987365723,0.9989147473773061,0.211742453288347
0.8085082769393921,0.9989160544381549,0.21199805740868544
0.8083981275558472,0.9989174885734905,0.2122792219410577
0.8082960844039917,0.998918789043729,0.21253482606139612
0.8081963658332825,0.9989202159568087,0.21281599059376838
0.8080404996871948,0.998921639108555,0.21309715512614064
0.8079125881195068,0.9989229296314026,0.21335275924647906
0.8077526092529297,0.9989243456435999,0.21363392377885132
0.8076174259185791,0.9989257579374552,0.21391508831122358
0.8074840903282166,0.9989270386266095,0.214170692431562
0.8072401285171509,0.9989284438623646,0.21445185696393426
0.8071435689926147,0.9989297181591152,0.2147074610842727
0.8070310354232788,0.9989311163895487,0.21498862561664495
0.8069242835044861,0.998932510971415,0.2152697901490172
0.8067084550857544,0.9989337756190025,0.21552539426935563
0.8066178560256958,0.9989351632749645,0.2158065588017279
0.8064242601394653,0.9989364216497282,0.21606216292206631
0.8062288761138916,0.9989378024312522,0.21634332745443857
0.8060086965560913,0.998939179632249,0.21662449198681083
0.8058687448501587,0.9989404285377914,0.21688009610714926
0.8057876825332642,0.9989417989417989,0.21716126063952151
0.8057160377502441,0.9989430416911333,0.21741686475985994
0.8055298328399658,0.9988271170537181,0.21767246888019834
0.8054381608963013,0.9988286283237672,0.21795363341257062
0.8053143620491028,0.9988299988299988,0.21820923753290902
0.8051019906997681,0.9988315026875438,0.21849040206528128
0.8049913644790649,0.9988328664799253,0.2187460061856197
0.8048465251922607,0.9988343629793682,0.21902717071799196
0.804662823677063,0.9988358556461001,0.21930833525036422
0.8044725656509399,0.9988372093023256,0.21956393937070265
0.8043931722640991,0.9988386946928347,0.2198451039030749
0.8042397499084473,0.9987240459343464,0.2200751476113795
0.8040959239006042,0.998725671918443,0.22035631214375176
0.8039777874946594,0.9987272937637395,0.22063747667612402
0.8038971424102783,0.9987287645903155,0.22089308079646244
0.8037368059158325,0.998730378578024,0.2211742453288347
0.8035836219787598,0.9987318422872954,0.22142984944917313
0.8034744262695312,0.9987334484743812,0.22171101398154539
0.803219199180603,0.9987350505979761,0.22199217851391764
0.8030660152435303,0.9987365035607627,0.22224778263425607
0.8029487133026123,0.9987380979694849,0.22252894716662833
0.8028144836425781,0.9987395439440816,0.22278455128696675
0.8027710914611816,0.9987411306935225,0.223065715819339
0.80262291431427,0.9987427134529661,0.22334688035171127
0.8025520443916321,0.9987441488754424,0.2236024844720497
0.802325963973999,0.9987457240592931,0.22388364900442195
0.8021916151046753,0.99874715261959,0.22413925312476038
0.8019666075706482,0.9987487202821067,0.22442041765713264
0.8017697930335999,0.9987502840263577,0.2247015821895049
0.8015505075454712,0.9987517022242397,0.22495718630984332
0.8014017343521118,0.9987532585288451,0.22523835084221558
0.8011683225631714,0.9987546699875467,0.225493954962554
0.8009779453277588,0.9987562189054726,0.22577511949492626
0.8007889986038208,0.9987577639751553,0.22605628402729852
0.8007069230079651,0.9987591652566272,0.22631188814763695
0.8005608320236206,0.9987607030193781,0.2265930526800092
0.8004299402236938,0.9987620976817466,0.22684865680034763
0.8003312945365906,0.9986512307519388,0.22710426092068603
0.8002319931983948,0.998652896273013,0.22738542545305832
0.8000369071960449,0.9986544068176721,0.2276410295733967
0.7999300360679626,0.9986560645089035,0.22792219410576897
0.7998267412185669,0.9986577181208054,0.22820335863814126
0.7997086644172668,0.998659217877095,0.22845896275847966
0.7995213866233826,0.998549269054793,0.22871456687881808
0.7994558811187744,0.9985508861888307,0.2289701709991565
0.7993141412734985,0.9985526608773102,0.22925133553152877
0.799168586730957,0.9985544312242856,0.22953250006390102
0.7990598082542419,0.9985560368765967,0.22978810418423945
0.7988170385360718,0.9985577989793655,0.2300692687166117
0.7986875772476196,0.9985593971631206,0.23032487283695013
0.7984938025474548,0.9985611510791367,0.2306060373693224
0.7983260154724121,0.9985629007296043,0.23088720190169465
0.7981811761856079,0.9985644876325088,0.23114280602203308
0.7980695366859436,0.9985662291827506,0.23142397055440533
0.7979543209075928,0.9985678087473835,0.23167957467474376
0.7978589534759521,0.9985695422535211,0.23196073920711602
0.7977250814437866,0.9985712715683042,0.23224190373948828
0.7975894212722778,0.9985728400483038,0.2324975078598267
0.7974613308906555,0.9985745614035088,0.23277867239219896
0.7973039746284485,0.9985761226725082,0.23303427651253739
0.7970795631408691,0.9985778361229625,0.23331544104490964
0.7970052361488342,0.9985795454545454,0.2335966055772819
0.7969373464584351,0.9985810958306047,0.23385220969762033
0.7966994047164917,0.9985827973400196,0.23413337422999259
0.7965798377990723,0.9985843406294239,0.234388978350331
0.7964744567871094,0.9985860343702415,0.23467014288270327
0.796319842338562,0.9985877240630092,0.23495130741507553
0.7961997985839844,0.9985892566467716,0.23520691153541395
0.7960320115089417,0.9985909386516367,0.2354880760677862
0.7958278656005859,0.9985924642702468,0.23574368018812464
0.7956964373588562,0.9985941386395588,0.2360248447204969
0.7954689860343933,0.9985958090300281,0.23630600925286915
0.7953401803970337,0.9985973241260251,0.23656161337320758
0.7950757145881653,0.9985989869598016,0.23684277790557984
0.7949017286300659,0.9986004952093874,0.23709838202591826
0.7946879267692566,0.9986021505376345,0.23737954655829052
0.7945259809494019,0.9986038019546772,0.23766071109066278
0.7943395972251892,0.99860529986053,0.2379163152110012
0.7941961884498596,0.9986069438491213,0.23819747974337346
0.7940050959587097,0.99860843502462,0.2384530838637119
0.7938147187232971,0.9986100716347696,0.23873424839608415
0.7936758995056152,0.9986117043998292,0.2390154129284564
0.7934593558311462,0.9986131854064434,0.23927101704879483
0.7932640314102173,0.9986148108684071,0.2395521815811671
0.7931158542633057,0.998616285258116,0.23980778570150552
0.7929655313491821,0.9986179034658729,0.24008895023387777
0.7927396893501282,0.9986195178931719,0.24037011476625003
0.7924941778182983,0.9986209822849262,0.24062571888658846
0.7922825217247009,0.9986225895316805,0.24090688341896072
0.792147696018219,0.9986240474174428,0.24116248753929914
0.7919373512268066,0.9985199281107939,0.24141809165963754
0.7917432188987732,0.9985216473072862,0.24169925619200983
0.7915738821029663,0.9985232067510549,0.24195486031234822
0.7913779616355896,0.9985249183436941,0.2422360248447205
0.7912671566009521,0.9985266259734793,0.24251718937709277
0.7910118699073792,0.9985281749369218,0.24277279349743117
0.7908506393432617,0.9985298750393784,0.24305395802980345
0.7906703948974609,0.9984265184097346,0.24328400173810802
0.79047691822052,0.9984283319362951,0.24356516627048028
0.7902611494064331,0.9984301412872841,0.24384633080285253
0.7901144027709961,0.9984317825405122,0.24410193492319096
0.7899327874183655,0.9984335839598998,0.24438309945556322
0.7898218631744385,0.9984352180262883,0.24463870357590164
0.7896382212638855,0.9984370115661144,0.2449198681082739
0.7894188761711121,0.9984388009991674,0.24520103264064616
0.7893322706222534,0.9984404242046163,0.2454566367609846
0.7891568541526794,0.9983383528923045,0.245712240881323
0.789034366607666,0.9983400767714493,0.24596784500166144
0.7888181209564209,0.9983419689119171,0.2462490095340337
0.7886161208152771,0.9983438567436084,0.24653017406640595
0.7884690761566162,0.9983455692275877,0.24678577818674438
0.7883521318435669,0.9983474488741996,0.24706694271911664
0.7882171869277954,0.998349153941395,0.24732254683945507
0.788101077079773,0.9983510254560445,0.24760371137182732
0.7880028486251831,0.9983528927321392,0.24788487590419958
0.7879397869110107,0.9983545865898807,0.248140480024538
0.787778913974762,0.9983564458140729,0.24842164455691026
0.7875758409500122,0.9983581323755772,0.24867724867724866
0.7874599695205688,0.998359983599836,0.24895841320962095
0.7872666120529175,0.9983618306542439,0.2492395777419932
0.787065863609314,0.9983635061879922,0.24949518186233163
0.7868965864181519,0.998365345320801,0.2497763463947039
0.7866886854171753,0.9983670136762605,0.2500319505150423
0.7865207195281982,0.9983688449383219,0.25031311504741455
0.7862613201141357,0.9983706720977596,0.2505942795797868
0.7861095070838928,0.9983723296032554,0.25084988370012523
0.7858351469039917,0.9983741489686008,0.2511310482324975
0.7856287360191345,0.9983757994112273,0.2513866523528359
0.7854903936386108,0.998377611032245,0.2516678168852082
0.7853046655654907,0.9983794186164286,0.25194898141758043
0.785051703453064,0.9983810583830821,0.25220458553791886
0.7849600315093994,0.9983828582979584,0.2524857500702911
0.7847791910171509,0.9983844911147012,0.25274135419062954
0.7845274806022644,0.9983862834089763,0.2530225187230018
0.7843231558799744,0.998388071730808,0.25330368325537406
0.7840555906295776,0.998389694041868,0.2535592873757125
0.7839212417602539,0.9983914748165276,0.25384045190808474
0.783730149269104,0.9982926584312544,0.25407049561638934
0.7836260795593262,0.9982945425361156,0.2543516601487616
0.7835139632225037,0.9982964224872232,0.25463282468113385
0.7833390235900879,0.9981980178196016,0.25486286838943845
0.7832033634185791,0.9982,0.2551440329218107
0.7830007076263428,0.9982017982017982,0.25539963704214913
0.7827939987182617,0.9982037720786349,0.2556808015745214
0.7826557159423828,0.9982057416267942,0.25596196610689365
0.7825199365615845,0.9982075283808006,0.25621757022723207
0.7824093699455261,0.9982094897045658,0.25649873475960433
0.7823015451431274,0.9982114467408585,0.2567798992919766
0.7820495367050171,0.9982132221560452,0.257035503412315
0.781889796257019,0.9982151710461081,0.25731666794468727
0.7817426919937134,0.9982169390787519,0.2575722720650257
0.7815792560577393,0.9982188798733426,0.25785343659739796
0.7814377546310425,0.9982208164475636,0.2581346011297702
0.7811998128890991,0.9982225733188506,0.25839020525010864
0.7809714078903198,0.9982245018741369,0.2586713697824809
0.7808425426483154,0.9982262514781237,0.2589269739028193
0.7806659936904907,0.9982281720641796,0.2592081384351916
0.7805241346359253,0.9982300884955753,0.25948930296756384
0.7803858518600464,0.9982318271119843,0.25974490708790227
0.7802785634994507,0.99813560985183,0.2600005112082407
0.7801333665847778,0.9981374375061268,0.2602561153285791
0.779910683631897,0.9981394437916177,0.2605372798609514
0.7798271179199219,0.9981414457595618,0.26081844439332363
0.7796831727027893,0.9981432619955047,0.26107404851366206
0.7795048952102661,0.998145255759469,0.2613552130460343
0.7793049812316895,0.9981470645601717,0.26161081716637274
0.7791279554367065,0.9981490501704822,0.261891981698745
0.7789257764816284,0.9981510315297781,0.26217314623111726
0.7788043022155762,0.9980556095664009,0.2624031899394218
0.7786224484443665,0.9980576867048655,0.2626843544717941
0.7784932851791382,0.9980595711652275,0.2629399585921325
0.7782517075538635,0.9980616398526846,0.26322112312450474
0.7780301570892334,0.9979668893406912,0.26347672724484317
0.7779053449630737,0.997968855788761,0.2637323313651816
0.7777854204177856,0.9979710144927536,0.26401349589755385
0.7775728702545166,0.9979729729729729,0.2642691000178923
0.777388334274292,0.9979751229389644,0.26455026455026454
0.7773013114929199,0.9979772683490656,0.2648314290826368
0.777164876461029,0.9979792147806005,0.2650870332029752
0.776888906955719,0.9979813515332115,0.2653681977353475
0.7766169905662537,0.9979832901181216,0.2656238018556859
0.7764277458190918,0.9979854182655411,0.26590496638805816
0.7761661410331726,0.9979875419262099,0.2661861309204304
0.7759561538696289,0.9979894686452848,0.26644173504076885
0.775794506072998,0.997991583779648,0.2667228995731411
0.7755696773529053,0.9979935027708772,0.26697850369347953
0.7753810882568359,0.9979956094301804,0.2672596682258518
0.775134801864624,0.9979977116704806,0.26754083275822405
0.7749325633049011,0.9979043627357592,0.26777087646652864
0.774804949760437,0.997906556285089,0.2680520409989009
0.7746410965919495,0.9979085464397757,0.2683076451192393
0.7745199203491211,0.9979107312440646,0.2685888096516116
0.7744080424308777,0.9979129114884736,0.26886997418398384
0.7742283344268799,0.9979148895839257,0.26912557830432227
0.7740364074707031,0.9979170611626585,0.2694067428366945
0.773896336555481,0.9979190314037079,0.26966234695703295
0.7736671566963196,0.9979211943683266,0.2699435114894052
0.7734322547912598,0.9979233528412309,0.27022467602177747
0.7733096480369568,0.9979253112033195,0.2704802801421159
0.773202657699585,0.9979274611398964,0.27076144467448815
0.7729822397232056,0.9979296066252588,0.2710426092068604
0.7727857232093811,0.997837532907108,0.271272652915165
0.7725714445114136,0.9978397670705363,0.27155381744753726
0.7724155187606812,0.9978417941259267,0.2718094215678757
0.7723169326782227,0.9978440194975629,0.27209058610024794
0.7720891237258911,0.9978462402846708,0.2723717506326202
0.7719318866729736,0.9978482552156422,0.27262735475295863
0.7717294692993164,0.9978504672897196,0.2729085192853309
0.7716084718704224,0.9978524743230626,0.2731641234056693
0.7714670896530151,0.9978546777352859,0.27344528793804157
0.7712465524673462,0.9978568766306374,0.27372645247041383
0.7710758447647095,0.9978588717184882,0.27398205659075225
0.7708381414413452,0.9978610620292011,0.2742632211231245
0.7706304788589478,0.997863049335687,0.27451882524346294
0.7703851461410522,0.9978652311119361,0.2747999897758352
0.7701891660690308,0.9978674084376449,0.27508115430820745
0.7700984477996826,0.9978693839740621,0.2753367584285459
0.7698647379875183,0.9978715528410143,0.27561792296091814
0.7696007490158081,0.9977810650887574,0.27584796666922273
0.769397497177124,0.99778331947908,0.276129131201595
0.7691440582275391,0.9977855692932275,0.27641029573396725
0.7690459489822388,0.9977876106194691,0.2766658998543057
0.7688487768173218,0.9977898517358873,0.27694706438667793
0.7686728239059448,0.9977918851780293,0.27720266850701636
0.7684885263442993,0.9977941176470588,0.2774838330393886
0.7682830691337585,0.997796345606464,0.2777649975717609
0.7681098580360413,0.9977983671222823,0.2780206016920993
0.7679338455200195,0.9978005865102639,0.27830176622447156
0.767737627029419,0.9978026002563632,0.27855737034481
0.7673767805099487,0.9978048111222904,0.27883853487718224
0.7672058343887329,0.9977156432748538,0.2790941389975206
0.7669568657875061,0.9977177286835859,0.27934974311785904
0.7667213678359985,0.9977200182398541,0.2796309076502313
0.7664926052093506,0.9977220956719818,0.2798865117705697
0.7662922143936157,0.9977243764791552,0.280167676302942
0.7660486102104187,0.99772665272347,0.28044884083531424
0.7658385634422302,0.9977287180884892,0.28070444495565267
0.7655072808265686,0.9977309856598293,0.2809856094880249
0.7654102444648743,0.9977330431628582,0.28124121360836335
0.7653016448020935,0.9977353021106984,0.2815223781407356
0.7651227712631226,0.997737556561086,0.28180354267310787
0.7649589776992798,0.9977396021699819,0.2820591467934463
0.7648350596427917,0.9977418480715382,0.28234031132581855
0.7646743059158325,0.9977438859308727,0.282595915446157
0.7643623352050781,0.9976559682654165,0.2828515195664954
0.7641962766647339,0.9976582905521031,0.28313268409886766
0.7639166116714478,0.9976603977323855,0.2833882882192061
0.7637037038803101,0.9976627112549442,0.28366945275157834
0.7635329961776733,0.997574995509251,0.28389949645988294
0.763373613357544,0.9975773889636609,0.2841806609922552
0.7631769180297852,0.9975797776980997,0.28446182552462745
0.7629783153533936,0.9975819451907576,0.2847174296449659
0.7626945972442627,0.9975843249530285,0.28499859417733814
0.7624984383583069,0.9974973185555953,0.28525419829767656
0.7623318433761597,0.9974102518306841,0.28548424200598116
0.7620190382003784,0.9974127932911053,0.2857654065383534
0.7617343664169312,0.997415099384972,0.28602101065869184
0.761566698551178,0.9974176313446127,0.2863021751910641
0.7613856792449951,0.9974201583489013,0.28658333972343636
0.7611626386642456,0.9974224513376588,0.2868389438437748
0.7610225081443787,0.9974249689220387,0.28712010837614704
0.7608087062835693,0.9974272533711852,0.28737571249648547
0.760522723197937,0.99742976158823,0.2876568770288577
0.7604224681854248,0.9974322649194263,0.28793804156123
0.760312557220459,0.9974345364472753,0.2881936456815684
0.760103702545166,0.9974370304904994,0.28847481021394067
0.7599215507507324,0.997439293598234,0.2887304143342791
0.7597172260284424,0.9974417784050812,0.28901157886665135
0.7596139311790466,0.9974442583942892,0.2892927433990236
0.7594344615936279,0.9974465087611165,0.28954834751936204
0.7592048048973083,0.9974489795918368,0.2898295120517343
0.7590646743774414,0.997451221655827,0.2900851161720727
0.7588977217674255,0.9974536833786988,0.290366280704445
0.7586839199066162,0.9974561403508772,0.29064744523681724
0.7585384845733643,0.9974583698510079,0.29090304935715566
0.7582623958587646,0.9974608177917871,0.2911842138895279
0.7580811977386475,0.9974630391041903,0.2914398180098663
0.7579594850540161,0.9974654780632757,0.2917209825422386
0.7577954530715942,0.9973805989697022,0.291976586662577
0.7575878500938416,0.9973828840617639,0.2922321907829154
0.7573354244232178,0.9973853930625762,0.29251335531528766
0.7571673393249512,0.9973876698014629,0.2927689594356261
0.7569953799247742,0.9973901696389734,0.29305012396799834
0.7567876577377319,0.9973057535199027,0.29330572808833677
0.7566545009613037,0.9973080930878777,0.2935613322086752
0.7564623355865479,0.997310661924178,0.29384249674104745
0.7563294768333435,0.9973129929791107,0.2940981008613859
0.756078839302063,0.99722895739522,0.2943537049817243
0.7558834552764893,0.9972315944285838,0.29463486951409656
0.7555686235427856,0.9972339873800674,0.294890473634435
0.7553364038467407,0.9972366148531951,0.29517163816680725
0.7551469802856445,0.9972389991371873,0.2954272422871457
0.7549355626106262,0.997241617101974,0.29570840681951793
0.7547699809074402,0.9972442301067861,0.2959895713518902
0.7546083927154541,0.9972466012734469,0.2962451754722286
0.7544503211975098,0.9972492048482765,0.2965263400046009
0.7543025612831116,0.9972515674654299,0.2967819441249393
0.7540653944015503,0.9972541616612322,0.29706310865731156
0.7538784742355347,0.9972567509644235,0.2973442731896838
0.7536465525627136,0.9972591006423983,0.29759987731002224
0.753445029258728,0.9972616806435051,0.2978810418423945
0.7533270120620728,0.9972640218878249,0.2981366459627329
0.7531187534332275,0.9972665926368839,0.2984178104951052
0.7528669834136963,0.9972691585594812,0.29869897502747744
0.7526023387908936,0.9972714870395635,0.29895457914781587
0.752501368522644,0.9972740437856716,0.2992357436801881
0.7523941993713379,0.9971914893617021,0.29949134780052655
0.7521952390670776,0.9971938775510204,0.299746951920865
0.7519446611404419,0.9971964998725682,0.30002811645323724
0.7516785264015198,0.9971988795518207,0.30028372057357566
0.7513458728790283,0.9972014925373134,0.3005648851059479
0.7511909604072571,0.9972041006523765,0.3008460496383202
0.7508970499038696,0.9971218149496318,0.3010760933466248
0.7506929636001587,0.9971244925575101,0.30135725787899703
0.7504726648330688,0.9971269224269055,0.3016128619993354
0.7503215074539185,0.9971295905445335,0.3018940265317077
0.7500600814819336,0.9971322537112011,0.30217519106408
0.7498889565467834,0.997134670487106,0.3024307951844184
0.7496415376663208,0.997137324240128,0.30271195971679066
0.749492347240448,0.9971397324808614,0.30296756383712903
0.7492871880531311,0.9971423768700622,0.30324872836950134
0.7490968108177185,0.9971450163741707,0.3035298929018736
0.7489669322967529,0.997147411695612,0.303785497022212
0.7487459182739258,0.9971500419111483,0.3040666615545843
0.7485977411270142,0.9971524288107203,0.30432226567492265
0.7484180927276611,0.9971550497866287,0.30460343020729497
0.748114824295044,0.9971576659421502,0.3048845947396672
0.7478735446929932,0.9971600400935516,0.3051401988600056
0.7477563619613647,0.9971626470833681,0.3054213633923779
0.7475853562355042,0.9971650129242058,0.3056769675127163
0.7474040985107422,0.9971676107964011,0.3059581320450886
0.7471758127212524,0.9970869746150645,0.30621373616542696
0.7469901442527771,0.997006237006237,0.30644377987373156
0.7468628287315369,0.9969258889996676,0.30669938399407
0.7466945052146912,0.9968454258675079,0.3069294277023746
0.7465091943740845,0.9968483038898566,0.30721059223474684
0.7462335824966431,0.9968511766655618,0.3074917567671191
0.7460265755653381,0.9968537837390297,0.3077473608874575
0.7458127737045288,0.9968566465381752,0.3080285254198298
0.7456475496292114,0.9968592445656665,0.3082841295401682
0.7454664707183838,0.9967795210569778,0.30853973366050663
0.7453070878982544,0.9967824436927646,0.3088208981928789
0.7451745867729187,0.9967850960349518,0.3090765023132173
0.7449851632118225,0.9967880085653105,0.3093576668455896
0.7447567582130432,0.9967906517445688,0.30961327096592794
0.7445007562637329,0.9967935542218203,0.30989443549830026
0.7441954612731934,0.9967964514539182,0.3101756000306725
0.7440367341041565,0.9967990807616546,0.3104312041510109
0.7437784075737,0.9968019680196802,0.3107123686833832
0.743627667427063,0.9968045882834904,0.31096797280372157
0.743370771408081,0.9968074656188605,0.3112491373360939
0.7432175278663635,0.996728551566206,0.31150474145643225
0.7428947687149048,0.9967312249734412,0.3117603455767707
0.7427013516426086,0.9967341606792945,0.31204151010914294
0.7424271702766418,0.9967368249306575,0.31229711422948137
0.7422226667404175,0.9966582443556932,0.3125527183498198
0.741985559463501,0.9966612377850163,0.31283388288219205
0.7417997121810913,0.9965825874694874,0.31306392659049664
0.7416673898696899,0.9965856434436224,0.3133450911228689
0.7414804697036743,0.996588693957115,0.31362625565524116
0.741182267665863,0.996591462424931,0.3138818597755796
0.7409412264823914,0.9965134192816022,0.314137463895918
0.7408020496368408,0.9965162440249534,0.31439306801625644
0.7405768036842346,0.9965193459608224,0.3146742325486287
0.7402569055557251,0.996522442377679,0.31495539708100095
0.7399992942810059,0.9965252525252525,0.3152110012013394
0.7397849559783936,0.9964476021314387,0.3154666053216778
0.7396174669265747,0.9964504678928686,0.31572220944201623
0.7394104599952698,0.9964536148948174,0.3160033739743885
0.7390764355659485,0.9964567563214688,0.31628453850676075
0.7388778924942017,0.9964596073382684,0.3165401426270992
0.7384690642356873,0.9964627381622317,0.31682130715947143
0.73821622133255,0.9964655795646237,0.3170769112798098
0.7380079030990601,0.9964686998394864,0.3173580758121821
0.7378095388412476,0.996471814609895,0.3176392403445544
0.7376220226287842,0.9964746414550116,0.3178948444648928
0.7373830080032349,0.9964777457572846,0.31817600899726506
0.7371833324432373,0.9964005759078547,0.3184060527055696
0.7369635105133057,0.9964037401102853,0.31868721723794186
0.7366734743118286,0.9964068987543916,0.3189683817703141
0.736466109752655,0.9964097654380086,0.31922398589065254
0.7362229824066162,0.9964129135113591,0.3195051504230248
0.7360260486602783,0.996415770609319,0.3197607545433632
0.735750675201416,0.9964189081648894,0.3200419190757355
0.7354831695556641,0.9964220402321698,0.32032308360810774
0.735345721244812,0.9964248828156034,0.32057868772844617
0.7351463437080383,0.99642800444515,0.3208598522608184
0.7348989248275757,0.9964308375634517,0.32111545638115685
0.7346231937408447,0.996433948807354,0.3213966209135291
0.7343299388885498,0.996437054631829,0.32167778544590137
0.7341261506080627,0.9964398734177216,0.3219333895662398
0.7337148189544678,0.9964429689352621,0.32221455409861205
0.7334620952606201,0.996445778374536,0.3224701582189505
0.7333257794380188,0.9964488636363636,0.32275132275132273
0.7331271171569824,0.9964519435464796,0.323032487283695
0.7328036427497864,0.9964547388324273,0.3232880914040334
0.7326168417930603,0.9964578085642317,0.3235692559364057
0.7323979139328003,0.9964605946201038,0.3238248600567441
0.7321606874465942,0.9964636542239685,0.32410602458911636
0.7318029403686523,0.9963881909547738,0.3243616287094548
0.731607973575592,0.9963125686489879,0.3245916724177594
0.7313535213470459,0.9962373598808497,0.3248472765380978
0.731231689453125,0.9962403070415916,0.32510288065843623
0.7309792041778564,0.9962435435905462,0.3253840451908085
0.7308307886123657,0.9962467745718977,0.32566520972318075
0.7306423783302307,0.99624970700836,0.3259208138435192
0.7304904460906982,0.9962529274004683,0.32620197837589143
0.7302671670913696,0.9961778471138846,0.32643202208419597
0.7299836277961731,0.9961031875925493,0.3266876262045344
0.7297495007514954,0.9961065254633235,0.32696879073690666
0.729539692401886,0.9961095549330844,0.3272243948572451
0.7294614315032959,0.9961128819093524,0.32750555938961734
0.7293320894241333,0.9961162032002485,0.3277867239219896
0.7290590405464172,0.9960416019869606,0.3280167676302942
0.7287222146987915,0.9960449786739046,0.32829793216266645
0.7284506559371948,0.9959705540488183,0.32852797587097105
0.7281761169433594,0.9959739857541035,0.3288091404033433
0.727973997592926,0.9959774116190918,0.32909030493571556
0.7276867032051086,0.9959805209863183,0.329345909056054
0.7274846434593201,0.9959839357429718,0.32962707358842624
0.727387547492981,0.9959098626331224,0.32985711729673084
0.7272700667381287,0.9958362248438585,0.33011272141706927
0.7270933985710144,0.9958397534668721,0.3303938859494415
0.7268882393836975,0.9958429561200923,0.33064949006977995
0.7266824245452881,0.9957695561879856,0.3309050941901183
0.726367712020874,0.9957728076243179,0.33116069831045675
0.7261574268341064,0.9956995853171556,0.3314163024307952
0.7259813547134399,0.9957032149159825,0.33169746696316743
0.725846529006958,0.9957065092386721,0.33195307108350586
0.7256353497505188,0.9956335222920177,0.3322086752038443
0.7253583073616028,0.9956368646662584,0.3324642793241827
0.7251838445663452,0.9956405353728489,0.33274544385655497
0.7249802947044373,0.995644199908299,0.3330266083889272
0.7247210144996643,0.9956475259621258,0.33328221250926565
0.7244658470153809,0.9956511787594415,0.3335633770416379
0.7241992950439453,0.9956544941678738,0.33381898116197634
0.7238944172859192,0.9955819622181596,0.33407458528231476
0.7235764861106873,0.9955856610092092,0.334355749814687
0.7234460115432739,0.9955890181762872,0.33461135393502545
0.7232871055603027,0.9955927051671732,0.3348925184673977
0.7231437563896179,0.9955960516324981,0.33514812258773613
0.722941517829895,0.9955238601016615,0.33540372670807456
0.7227709889411926,0.9954517889630079,0.3356593308284129
0.7226160764694214,0.9954552340554461,0.33591493494875135
0.7224851250648499,0.9954590176341482,0.3361960994811236
0.7222219705581665,0.9953112001815019,0.3364005827773944
0.7219895124435425,0.9953150974761976,0.33668174730976663
0.7217090725898743,0.9953189882974708,0.3369629118421389
0.7215408086776733,0.9953225198038476,0.3372185159624773
0.7213730216026306,0.995326398311473,0.3374996804948496
0.7212281227111816,0.9953299186501958,0.337755284615188
0.7209758162498474,0.9953337849025363,0.33803644914756026
0.7207456827163696,0.9953376447586103,0.3383176136799325
0.720392107963562,0.995341148181545,0.33857321780027094
0.7200945615768433,0.9952699151587957,0.33882882192060937
0.7198067307472229,0.9952734638757597,0.3390844260409478
0.7196481823921204,0.9952773613193403,0.33936559057332005
0.7193244695663452,0.995206351584151,0.3396211946936585
0.7191106677055359,0.9952099393757953,0.3398767988139969
0.7188757061958313,0.9952138797487287,0.34015796334636916
0.7185940742492676,0.9951427290390076,0.3403880070546737
0.7183454036712646,0.9951467184350034,0.34066917158704596
0.7180532813072205,0.995150701283199,0.3409503361194182
0.7178928852081299,0.9951543163858655,0.34120594023975664
0.7175570726394653,0.9951582867783985,0.3414871047721289
0.7174547910690308,0.9951622506698422,0.3417682693045012
0.7172279357910156,0.9951658485795032,0.3420238734248396
0.7169113755226135,0.9950954893364048,0.342279477545178
0.7167388796806335,0.9950991312096236,0.34253508166551644
0.7165677547454834,0.9951031310283425,0.3428162461978887
0.7163981199264526,0.9951071243235229,0.34309741073026095
0.7162315845489502,0.9950366693829172,0.34332745443856555
0.7159655094146729,0.9949666913397484,0.343583058558904
0.7157146334648132,0.9949704142011835,0.3438386626792424
0.7154656648635864,0.9949745029931268,0.34411982721161466
0.715253472328186,0.9949785851425196,0.3444009917439869
0.7149533033370972,0.9949822904368358,0.34465659586432534
0.7147629261016846,0.9949126299491263,0.34491219998466377
0.7145607471466064,0.994916378103588,0.3451678041050022
0.7142899632453918,0.9949204946996466,0.34544896863737445
0.714064359664917,0.9949246046340566,0.3457301331697467
0.713935136795044,0.9949283351708931,0.34598573729008514
0.7136455178260803,0.9948589894242068,0.3462413414104235
0.713288426399231,0.9948627623660649,0.34649694553076194
0.7129116058349609,0.9948669062110435,0.3467781100631342
0.7127185463905334,0.9947977725674091,0.3470337141834726
0.7125092148780823,0.9948015814907014,0.34728931830381105
0.7121499180793762,0.9948057648694125,0.3475704828361833
0.7118674516677856,0.994736457343373,0.3478005265444879
0.7116868495941162,0.9947406866325785,0.34808169107686016
0.7114619612693787,0.9947449091307203,0.3483628556092324
0.7112622261047363,0.9947487418860769,0.34861845972957084
0.7110052108764648,0.994752951464801,0.3488996242619431
0.7107727527618408,0.9947567725021846,0.3491552283822815
0.7105281352996826,0.9947609692206941,0.3494363929146538
0.7101442217826843,0.9947651592264068,0.34971755744702604
0.710002064704895,0.994768962510898,0.34997316156736447
0.7097600698471069,0.9947005444646098,0.3502287656877029
0.7096244692802429,0.9947043888284367,0.3504843698080413
0.7092196941375732,0.9947086111916498,0.3507655343404136
0.7090003490447998,0.9947128268269718,0.35104669887278583
0.7087278962135315,0.994716653397988,0.35130230299312426
0.7085514068603516,0.9947208562337286,0.3515834675254965
0.7082443833351135,0.9946524064171123,0.3518135112338011
0.7079935073852539,0.9946566539100296,0.35209467576617337
0.7076953053474426,0.9945887445887446,0.3523502798865118
0.7074372172355652,0.994592645998558,0.35260588400685017
0.7071220874786377,0.9945969310568403,0.3528870485392224
0.7069195508956909,0.9946008206752573,0.35314265265956085
0.7065778374671936,0.9946050927924039,0.3534238171919331
0.7060558199882507,0.9946093581542442,0.3537049817243054
0.7057555913925171,0.9946132299073476,0.3539605858446438
0.705489456653595,0.9946174824171092,0.35424175037701605
0.7051708698272705,0.9946213425129088,0.3544973544973545
0.7049322724342346,0.9945539233249732,0.3547529586176929
0.7047173380851746,0.9945582128025204,0.35503412315006516
0.7046005129814148,0.99449055523755,0.35526416685836976
0.7042578458786011,0.9944948881103882,0.355545331390742
0.7038325071334839,0.9944992141734533,0.35582649592311427
0.7037319540977478,0.9945031410622501,0.3560821000434527
0.703333854675293,0.9943647906412726,0.3563121437517573
0.7028567790985107,0.9943688074702403,0.3565677478720957
0.7026464939117432,0.9943732193732193,0.356848912404468
0.7024786472320557,0.9943064550565796,0.3571045165248064
0.7020012736320496,0.9943105042315625,0.3573601206451448
0.7017692923545837,0.9943149516770893,0.3576412851775171
0.7015621662139893,0.9942479761397529,0.3578713288858216
0.7011853456497192,0.9942524657631449,0.3581524934181939
0.7008935213088989,0.9942569483834374,0.35843365795056614
0.7006362080574036,0.9942610174295026,0.35868926207090457
0.70050448179245,0.9941946902654867,0.358944866191243
0.700322687625885,0.9941987973116377,0.3592004703115814
0.7001209259033203,0.9942033083557189,0.3594816348439537
0.6999650597572327,0.9941371759553578,0.3597372389642921
0.699722409248352,0.9941413143220159,0.35999284308463053
0.6995257139205933,0.9940753279729158,0.36024844720496896
0.6992407441139221,0.9940795038060333,0.3605040513253074
0.6989606618881226,0.9940136629340094,0.3607596554456458
0.6984682679176331,0.9939479239971851,0.3610152595659842
0.6982713341712952,0.9939521800281294,0.3612708636863226
0.6981214880943298,0.9939568547537067,0.36155202821869487
0.6979833245277405,0.993890878449547,0.36178207192699946
0.6977702379226685,0.9938955936008981,0.3620632364593717
0.6974797248840332,0.9939003014793522,0.362344400991744
0.6972460746765137,0.993904575071814,0.3626000051120824
0.6970049142837524,0.9939092691122935,0.36288116964445466
0.696818470954895,0.9938435707289772,0.36311121335275925
0.6964635848999023,0.9938483047885355,0.3633923778851315
0.6963804960250854,0.9937831796591227,0.36364798200546994
0.6960790157318115,0.9937875191958676,0.36390358612580836
0.6956945657730103,0.9937225360954175,0.3641591902461468
0.6954033374786377,0.9937269115494528,0.36441479436648516
0.69505774974823,0.9936620699261736,0.3646703984868236
0.6947530508041382,0.9935973275802074,0.364926002607162
0.6944990158081055,0.9936017803741568,0.36518160672750044
0.6943367719650269,0.9936066712995135,0.3654627712598727
0.6940393447875977,0.9936111111111111,0.3657183753802111
0.6936953663825989,0.993615987787107,0.3659995399125834
0.6933777332305908,0.9936208570239912,0.36628070444495564
0.6929968595504761,0.9936252771618626,0.36653630856529407
0.6927705407142639,0.9936301322439937,0.3668174730976663
0.6924961805343628,0.9935653497543763,0.3670475168059709
0.6922814846038818,0.9935702433628318,0.3673286813383432
0.6919860243797302,0.9935060449050086,0.3675842854586816
0.6917524933815002,0.9935105281325509,0.36783988957902003
0.691638708114624,0.99344646799117,0.36809549369935846
0.6915174722671509,0.9933825049975874,0.3683510978196968
0.6913440227508545,0.9933870634428601,0.36860670194003525
0.6911289691925049,0.9933920704845814,0.3688878664724075
0.6909213662147522,0.9933966157655798,0.36914347059274594
0.6905819177627563,0.9934016083579628,0.3694246351251182
0.6902018785476685,0.9934065934065934,0.36970579965749045
0.6898338794708252,0.9934111187371311,0.3699614037778289
0.6895421743392944,0.9932789246279404,0.3701914474861335
0.6892967820167542,0.9932835309437325,0.3704470516064719
0.6891863346099854,0.9932201068346802,0.3707026557268103
0.6889855265617371,0.99322521042907,0.3709838202591826
0.6887365579605103,0.9932298433973876,0.371239424379521
0.6885401606559753,0.99316659833265,0.37149502849985944
0.6883143782615662,0.993171264681781,0.37175063262019786
0.6881319880485535,0.9931763903104742,0.3720317971525701
0.6879653930664062,0.993181508250375,0.3723129616849424
0.6876281499862671,0.9931180158081221,0.3725430053932469
0.6874828934669495,0.9929869953019678,0.3727730491015515
0.6871694922447205,0.9929917670272845,0.37302865322188994
0.6868947744369507,0.992997008430786,0.3733098177542622
0.686576247215271,0.9930022420001359,0.37359098228663445
0.6863703727722168,0.993006993006993,0.3738465864069729
0.6860750317573547,0.992876526458616,0.3740766301152775
0.6859464645385742,0.9928813559322034,0.3743322342356159
0.6855922937393188,0.992886660795339,0.37461339876798816
0.6852378249168396,0.9926888708367181,0.37481788206425887
0.6849319338798523,0.9926938168042213,0.3750734861845973
0.6845792531967163,0.9926992496451024,0.37535465071696955
0.6842493414878845,0.9926366277105992,0.37558469442527415
0.683976948261261,0.9926420953152424,0.3758658589576464
0.6836188435554504,0.9926475548060708,0.37614702349001866
0.6834318041801453,0.9926525109538255,0.3764026276103571
0.6830649971961975,0.9925905967937492,0.3766582317306955
0.6828214526176453,0.9925955842757135,0.37691383585103394
0.6825598478317261,0.9926010627564404,0.3771950003834062
0.6822229027748108,0.9926065331361742,0.37747616491577846
0.6819286346435547,0.9925443310048361,0.377706208624083
0.6816517114639282,0.9924827169608699,0.3779618127444214
0.6813760995864868,0.9924877590717016,0.37821741686475985
0.6811837553977966,0.992426273458445,0.3784730209850983
0.6810356974601746,0.9923648784408278,0.3787286251054367
0.6808037757873535,0.9923699886219128,0.3789842292257751
0.6805669069290161,0.9923756019261637,0.3792653937581474
0.6803913116455078,0.9923806977676781,0.3795209978784858
0.6802303791046143,0.9922527215654845,0.3797510415867904
0.679984986782074,0.9922584089695675,0.38003220611916266
0.6798009276390076,0.9921968787515006,0.3802622498274672
0.6795061230659485,0.9922025991336221,0.38054341435983946
0.679118275642395,0.9921411921411921,0.38077345806814406
0.6788989901542664,0.9921469452948223,0.3810546226005163
0.6786081194877625,0.9920861874044025,0.38131022672085474
0.6783645749092102,0.9920249883697747,0.38154027042915933
0.6780113577842712,0.9919644043033603,0.38179587454949776
0.6777316331863403,0.9919702700909151,0.38207703908187
0.6775588989257812,0.9919755951986206,0.38233264320220844
0.677242636680603,0.9919151756129887,0.3825882473225468
0.6769860982894897,0.9919205298013245,0.38284385144288524
0.6766152381896973,0.9919264112236119,0.3831250159752575
0.6761856079101562,0.9918661552704668,0.3833806200955959
0.6758168935775757,0.9918054454136929,0.3836106638039005
0.6755411028862,0.9917453608928217,0.38386626792423895
0.675386369228363,0.9917508084207748,0.3841218720445774
0.6750437617301941,0.9916908467422844,0.3843774761649158
0.6748661398887634,0.9916968698517298,0.38465864069728806
0.6747097373008728,0.9917023378333882,0.3849142448176265
0.6744350790977478,0.9917083443011319,0.38519540934999874
0.6742008924484253,0.9917137971853216,0.38545101347033717
0.6739973425865173,0.9916540711046855,0.38570661759067554
0.6738059520721436,0.9915287628053585,0.38593666129898013
0.6735982894897461,0.9915343220895131,0.38619226541931856
0.6733680367469788,0.9915404288805824,0.3864734299516908
0.6730762720108032,0.991545972868471,0.38672903407202924
0.6728276610374451,0.991486574983628,0.38698463819236767
0.6727112531661987,0.9914272626137033,0.3872402423127061
0.6724926233291626,0.9913674710614087,0.38747028602101063
0.6722262501716614,0.991373676643576,0.38775145055338295
0.6718753576278687,0.9913140020898642,0.3879814942616875
0.6716997623443604,0.9913202375513933,0.38826265879405975
0.6714134812355042,0.9913264640667797,0.388543823326432
0.6710270643234253,0.9912017726798749,0.38874830662270277
0.6706541776657104,0.9911429501790947,0.3890039107430412
0.6703696250915527,0.9910836316303286,0.38923395445134573
0.6699823141098022,0.9910900104058272,0.38951511898371804
0.6697669625282288,0.9910963800610906,0.3897962835160903
0.6694362163543701,0.991102162758979,0.3900518876364287
0.6689985990524292,0.9911085150571132,0.390333052168801
0.6687504649162292,0.9911142820080425,0.39058865628913936
0.66840660572052,0.990990990990991,0.39081869999744395
0.6679995656013489,0.9909326424870466,0.3910743041177824
0.6675319671630859,0.9909385113268608,0.3913299082381208
0.6672528982162476,0.9908802794127158,0.39158551235845923
0.6669160723686218,0.9908861741322474,0.39184111647879766
0.6665151119232178,0.9908926495284847,0.3921222810111699
0.6662518978118896,0.9908991157296844,0.3924034455435422
0.6661320924758911,0.9909049861317164,0.3926590496638806
0.6656561493873596,0.990911434833054,0.39294021419625286
0.6654955744743347,0.9909172893584128,0.3931958183165913
0.6651356816291809,0.9909237206308336,0.39347698284896354
0.6647610664367676,0.9908658175736524,0.39373258696930197
0.6645663976669312,0.9908716893803035,0.39398819108964034
0.6640866994857788,0.9908781396543971,0.39426935562201265
0.6639795303344727,0.9908197984207485,0.3944993993303172
0.6638056039810181,0.9906979727995894,0.3947294430386218
0.6635438203811646,0.9905763189948074,0.3949594867469264
0.6632729172706604,0.9905823563328848,0.3952150908672648
0.6629208922386169,0.9905249679897568,0.3954706949876032
0.6626816391944885,0.9904676604183993,0.3957262991079416
0.6623342037200928,0.990473754875008,0.39598190322828003
0.6620762944221497,0.9904804497827754,0.3962630677606523
0.6619067192077637,0.9904226790959009,0.3964931114689569
0.6614355444908142,0.9904294008804951,0.39677427600132914
0.6610786318778992,0.9903723539913287,0.39702988012166757
0.6606696844100952,0.9903784885943673,0.397285484242006
0.6604356169700623,0.9903852276345113,0.39756664877437825
0.6602070331573486,0.990391345847916,0.3978222528947167
0.6598981022834778,0.9902708889736742,0.3980522966030212
0.6594765186309814,0.9902776895215099,0.39833346113539353
0.6591622829437256,0.9901568552740204,0.39853794443166424
0.65885990858078,0.9901002665312857,0.39879354855200266
0.6586369872093201,0.9901065449010654,0.3990491526723411
0.6582319140434265,0.9901134419164712,0.39933031720471335
0.657965362071991,0.9901203293223559,0.3996114817370856
0.6576519012451172,0.99,0.3998159650333563
0.657387375831604,0.990006957181709,0.4000971295657286
0.6569585800170898,0.9900132734972504,0.400352733686067
0.6566023826599121,0.9899570490146539,0.4006083378064054
0.6563361883163452,0.9899009026068295,0.40086394192674385
0.6561311483383179,0.9898441935280389,0.40109398563504844
0.6559280753135681,0.9897881996974282,0.40134958975538687
0.6556854248046875,0.9896686405442863,0.4015540730516576
0.6553047895431519,0.9896757947749449,0.40183523758402984
0.6549214124679565,0.9896829391041772,0.4021164021164021
0.6546249985694885,0.9896265560165975,0.4023464458247067
0.6544297337532043,0.9896337249481686,0.40262761035707895
0.6540818214416504,0.9896402335656432,0.4028832144774174
0.6537150740623474,0.9896473836114945,0.40316437900978963
0.6532908082008362,0.9896545237945953,0.4034455435421619
0.652956485748291,0.9896610063287173,0.4037011476625003
0.6525821685791016,0.9896681277395116,0.4039823121948726
0.6523683071136475,0.9896120150187735,0.40421235590317717
0.6520209312438965,0.9894940904258646,0.40444239961148176
0.6518406271934509,0.9894388201474815,0.40469800373182013
0.65168297290802,0.9894454159380465,0.40495360785215856
0.6513601541519165,0.9894526617986644,0.4052347723845308
0.6511188745498657,0.9894592403168465,0.40549037650486924
0.6507947444915771,0.9892794814260782,0.40569485980114
0.6504606604576111,0.9892868265337901,0.40597602433351226
0.6502515077590942,0.9892934951758481,0.4062316284538507
0.649911105632782,0.989300821099776,0.40651279298622295
0.6496450304985046,0.9892453064776825,0.40674283669452754
0.6493186950683594,0.9892526557743679,0.4070240012268998
0.6491110920906067,0.9892599950335237,0.40730516575927206
0.6487993597984314,0.9892046159573148,0.4075352094675766
0.6484962105751038,0.9891499782999565,0.407790813587915
0.648184061050415,0.9890947394510192,0.4080208572962196
0.6478577852249146,0.9889783281733746,0.4082509010045242
0.6475259065628052,0.9889239527256977,0.40850650512486264
0.6472194194793701,0.9888071238637066,0.40871098842113335
0.6470246315002441,0.9888147324187369,0.4089921529535056
0.6468102335929871,0.9888223306366949,0.40927331748587786
0.6466368436813354,0.9888292291550947,0.4095289216062163
0.6464757323265076,0.988836807697052,0.40981008613858855
0.6463422179222107,0.9887820512820513,0.41004012984689314
0.64609694480896,0.9887896519864491,0.4103212943792654
0.6458466053009033,0.9887356887849317,0.4105768984996038
0.6455608606338501,0.9886811023622047,0.41080694220790837
0.6452500224113464,0.9886887563779431,0.4110881067402807
0.6450177431106567,0.9886342692142287,0.4113181504485852
0.6446232199668884,0.9885805500982319,0.41157375456892364
0.6442803740501404,0.988588256948279,0.4118549191012959
0.6438949108123779,0.9885339383162671,0.4120849628096005
0.6437129378318787,0.9885416666666667,0.41236612734197275
0.6434484124183655,0.9884874464176363,0.41259617105027735
0.64311683177948,0.9884951961324276,0.4128773355826496
0.6427871584892273,0.9884417808219178,0.41313293970298803
0.6424775719642639,0.9883877276616551,0.4133629834112926
0.6421631574630737,0.9883344530629695,0.413618587531631
0.6420177817344666,0.9882805347006043,0.4138486312399356
0.6418271064758301,0.9882883981944613,0.41412979577230785
0.6415296792984009,0.9881743370923499,0.41435983948061245
0.6412893533706665,0.9881815412732257,0.4146154436009509
0.6410519480705261,0.9881894557408986,0.41489660813332313
0.6405664682388306,0.9881966415186176,0.41515221225366156
0.640369713306427,0.988143734419651,0.4154078163739999
0.6398950219154358,0.9880908980435047,0.41566342049433835
0.6397382020950317,0.9880981297060967,0.4159190246146768
0.6394181251525879,0.9880453911038292,0.4161746287350152
0.6391911506652832,0.9879313481715083,0.41637911203128597
0.638884425163269,0.9879393939393939,0.4166602765636582
0.6386190056800842,0.9878868633032524,0.41691588068399665
0.6384541988372803,0.9878336662429635,0.4171459243923012
0.6382510662078857,0.9877812726832809,0.4174015285126396
0.6379479169845581,0.9877282069882722,0.4176315722209442
0.6376383304595947,0.9877363619887634,0.41791273675331647
0.637197732925415,0.9877445061579329,0.41819390128568873
0.6369158625602722,0.9877519005671533,0.41844950540602716
0.6366167068481445,0.9876394332227917,0.41867954911433175
0.6363277435302734,0.9876468815908406,0.4189351532346701
0.6359562277793884,0.9875346260387812,0.4191651969429747
0.6356436014175415,0.9874225191069387,0.4193952406512793
0.6353294849395752,0.9873699404582907,0.41962528435958385
0.634972333908081,0.9873181872821253,0.4198808884799223
0.6347110271453857,0.9873258049014897,0.4201364926002607
0.634390115737915,0.9872141184945075,0.4203665363085653
0.6341770887374878,0.9872225554889023,0.42064770084093756
0.6337940096855164,0.9872302158273382,0.420903304961276
0.6335710287094116,0.9872386315978671,0.42118446949364824
0.6332055330276489,0.9871863960241901,0.42141451320195283
0.6328399181365967,0.9871948300622307,0.4216956777343251
0.6325319409370422,0.9872032530048437,0.42197684226669735
0.6321765780448914,0.9872109006155501,0.4222324463870358
0.6318080425262451,0.9871595795508838,0.4224880505073742
0.6314374208450317,0.9869889585198448,0.4226925338036449
0.6310933828353882,0.9869967193558008,0.42294813792398334
0.6307323575019836,0.9868860276585598,0.42317818163228793
0.6304422616958618,0.9868342666507804,0.42340822534059247
0.6300873756408691,0.9867238197297137,0.42363826904889706
0.6297253370285034,0.9866730128510233,0.4238938731692355
0.6295340657234192,0.9866809370912119,0.4241494772895739
0.6291654706001282,0.9866896428783647,0.4244306418219462
0.6286898255348206,0.9866381614110101,0.42466068553025077
0.6282968521118164,0.9866468842729971,0.424941850062623
0.6280726194381714,0.9865962872901963,0.42519745418296145
0.6278796195983887,0.9864264121865923,0.42537637706719833
0.6276670098304749,0.9863760217983651,0.42563198118753676
0.6273351311683655,0.9863840871418423,0.4258875853078752
0.6267971992492676,0.986392947997397,0.42616874984024744
0.6263735890388489,0.986342674707343,0.42642435396058587
0.6260585188865662,0.9863507445048452,0.42667995808092424
0.6258026361465454,0.9863596102745793,0.42696112261329655
0.6254525184631348,0.9863086456181764,0.4271911663216011
0.6250884532928467,0.9862585515451757,0.4274467704419395
0.6249342560768127,0.9861495844875346,0.4276768141502441
0.6247746348381042,0.9860988396065264,0.4279068578585487
0.6245784163475037,0.9859901106663527,0.42813690156685325
0.6243239045143127,0.9859395222967408,0.42836694527515784
0.6239786744117737,0.9857722382268211,0.42857142857142855
0.6236585974693298,0.9856639247943596,0.42880147227973314
0.6235231161117554,0.9856723429242513,0.42905707640007157
0.6232351660728455,0.9856229094536706,0.42931268052041
0.6229931712150574,0.985572693683655,0.4295427242287146
0.6225898265838623,0.9854647755245575,0.42977276793701913
0.6223044991493225,0.9854741404556903,0.4300539324693914
0.6221143007278442,0.9854826435637769,0.4303095365897298
0.6218283772468567,0.9854334854334854,0.43056514071006824
0.6216971278190613,0.9854420018709074,0.43082074483040667
0.6214501857757568,0.985334501898919,0.43105078853871126
0.6212080717086792,0.9853439215228308,0.4313319530710835
0.620763897895813,0.9852941176470589,0.43156199677938806
0.6204571723937988,0.9852452324021694,0.4318176008997265
0.6202157735824585,0.9851955470070525,0.4320476446080311
0.6198788285255432,0.9852050326188257,0.43232880914040334
0.6195794939994812,0.9852145060830083,0.4326099736727756
0.6191710829734802,0.9852231078015009,0.432865577793114
0.6188763380050659,0.9851744186046512,0.43312118191345245
0.6186575889587402,0.9851249273678094,0.43335122562175704
0.6182335019111633,0.9850763602578247,0.43360682974209547
0.6179856657981873,0.9850278551532033,0.43386243386243384
0.6177943348884583,0.9850365386846074,0.43411803798277226
0.6175753474235535,0.9849881180084623,0.4343736421031107
0.6174451112747192,0.9849388866361583,0.4346036858114153
0.6171603798866272,0.9849484774806067,0.43488485034378754
0.6167138814926147,0.9848423488573907,0.43511489405209214
0.6163625121116638,0.9846776525007227,0.435293816936329
0.615994393825531,0.9845140413729342,0.4354983002325997
0.6158965229988098,0.9844083848241613,0.4357283439409043
0.6154382824897766,0.984417383274658,0.43598394806124274
0.61519855260849,0.9844272695812666,0.436265112593615
0.6150616407394409,0.9843786027207747,0.4364951563019196
0.6146895885467529,0.9843308946367878,0.436750760422258
0.6144040822982788,0.9842832469775475,0.43700636454259645
0.6141014099121094,0.9841772151898734,0.43721084783886716
0.6138237714767456,0.9840722212638722,0.43744089154717175
0.6133439540863037,0.9840813746336418,0.4376964956675102
0.6131188869476318,0.9839765678842178,0.4379265393758147
0.612975001335144,0.9839292888710326,0.43818214349615314
0.6125392913818359,0.9839385074284404,0.43843774761649157
0.6120501160621643,0.9839486356340289,0.4387189121488638
0.6116768717765808,0.9839005385584966,0.4389489558571684
0.6113758683204651,0.9838534211279703,0.43920455997750685
0.6110789775848389,0.9838063630121309,0.4394601640978453
0.610824704170227,0.9838156239277136,0.4397157682181837
0.6105696558952332,0.9837686460536091,0.43997137233852207
0.6102181077003479,0.9837779174044667,0.4402269764588605
0.609886646270752,0.9837310195227765,0.4404825805791989
0.6096147298812866,0.9836841805008842,0.44073818469953735
0.6092334389686584,0.9836934830948173,0.4409937888198758
0.6089117527008057,0.9837037037037037,0.44127495335224803
0.6086699962615967,0.9836560364464693,0.44150499706055263
0.6082761883735657,0.9836662682829662,0.4417861615929249
0.6078251004219055,0.9835627346149471,0.4420162053012295
0.6074727773666382,0.9835152341973624,0.442246249009534
0.6072204113006592,0.9834687269215474,0.44250185312987245
0.6070051193237305,0.9833645602679839,0.4427063364261432
0.6066474318504333,0.9833182024512029,0.44296194054648164
0.6063089966773987,0.9832151970513184,0.4431919842547862
0.6059256792068481,0.9831113629923491,0.44339646755105694
0.6056624054908752,0.9830086089714545,0.4436265112593615
0.6053842306137085,0.9828484093739387,0.4438054341435984
0.604943037033081,0.9828025117384172,0.44406103826393684
0.6046640872955322,0.9826436001809136,0.44426552156020754
0.6043464541435242,0.9825969036049271,0.44449556526851214
0.6036636829376221,0.9825512451295951,0.44475116938885056
0.6032636761665344,0.98256109261245,0.445006773509189
0.6029784679412842,0.9825155104342922,0.44526237762952736
0.602690577507019,0.9825263513894369,0.4455435421618997
0.6022164821624756,0.9824798602895611,0.4457735858702042
0.602040708065033,0.9823781105731336,0.4460036295785088
0.6018028259277344,0.9823317578212919,0.4462336732868134
0.601489245891571,0.9822302198729124,0.44646371699511794
0.6011404991149902,0.9821288074631899,0.44669376070342254
0.6009653806686401,0.9821388452033251,0.44694936482376096
0.6006739139556885,0.9821498737019365,0.4472305293561332
0.6002285480499268,0.9821037868162693,0.4474605730644378
0.5997940301895142,0.9819466248037677,0.4476650563607085
0.5992791652679443,0.9819577520031377,0.4479462208930808
0.598962664604187,0.9819118552948424,0.4481762646013854
0.5986183881759644,0.9818670248488919,0.4484318687217238
0.5982968807220459,0.9818222495665305,0.44868747284206223
0.598086953163147,0.9817206104309911,0.44889195613833294
0.597835123538971,0.981731843575419,0.4491731206707052
0.5975542664527893,0.9816862088218872,0.4494031643790098
0.5972369909286499,0.9815858490039618,0.4496332080873144
0.5968883633613586,0.9813740798572385,0.44981213097155126
0.5966085195541382,0.9812172556013822,0.44999105385578814
0.5963099598884583,0.9811730629978277,0.45024665797612656
0.5960718393325806,0.9811835439514558,0.450502262096465
0.5957682132720947,0.9811950595304328,0.45078342662883725
0.5953725576400757,0.9810953572421462,0.45101347033714184
0.5952107310295105,0.98110586273965,0.45126907445748027
0.594859778881073,0.9811174053093413,0.4515502389898525
0.5944187641143799,0.9809613676731794,0.4517291618740894
0.5940932035446167,0.980917512619959,0.45198476599442783
0.5937435030937195,0.9808182725357578,0.4522148097027324
0.5934549570083618,0.980718085106383,0.45241929299900313
0.5932220816612244,0.9806744559499418,0.45267489711934156
0.5929821729660034,0.9805191211467154,0.45285382000357843
0.5926805734634399,0.9804756637168142,0.45310942412391686
0.5923762321472168,0.9802664308219556,0.4532883470081538
0.5920705199241638,0.980222087177504,0.45351839071645833
0.5916783213615417,0.980178886925795,0.45377399483679676
0.5913793444633484,0.980134642975389,0.45400403854510135
0.5910872220993042,0.9800363977278994,0.45423408225340595
0.5906021595001221,0.9799933862433863,0.4544896863737443
0.5901998281478882,0.9798942381844221,0.4546941696700151
0.5898311138153076,0.9797963115882191,0.4549242133783197
0.5894755125045776,0.9797524071526823,0.4551542570866242
0.5892717242240906,0.9797646541295502,0.45543542161899647
0.5889132022857666,0.9796669780733088,0.45566546532730107
0.5886420011520386,0.9794584500466853,0.4558188277995041
0.5883986353874207,0.979470853002525,0.45609999233187637
0.5881439447402954,0.9794272547728768,0.45633003604018096
0.5879555344581604,0.9793300071275838,0.45656007974848556
0.5876648426055908,0.9792876712328767,0.456815683868824
0.5875523686408997,0.9792442497261774,0.4570457275771285
0.5870619416236877,0.9790925510371628,0.4572502108733993
0.5867614150047302,0.979049286144084,0.4574802545817039
0.5864142775535583,0.9790072162694073,0.45773585870204225
0.5860716700553894,0.9790198328142927,0.45801702323441457
0.5858922004699707,0.978976683230492,0.4582470669427191
0.5854138731956482,0.9787710106963545,0.45842598982695604
0.5850576758384705,0.978673502781717,0.45863047312322675
0.5847693085670471,0.9786862905423821,0.458911637655599
0.58443284034729,0.9785356286772717,0.45911612095186977
0.5839316844940186,0.9784928672547097,0.4593461646601743
0.5836462378501892,0.9784513250258475,0.45960176878051273
0.5834818482398987,0.9783542720400282,0.4598062520767835
0.5828130841255188,0.9783128600934884,0.4600618561971219
0.5823289752006531,0.9780542126133956,0.46021521866932497
0.5819854736328125,0.9779575438405994,0.4604197019655957
0.5816249251365662,0.9779164405860011,0.4606753060859341
0.5813307762145996,0.977821159373136,0.4609053497942387
0.581096351146698,0.9777789821689882,0.46113539350254323
0.5808232426643372,0.9775755606109847,0.46131431638678017
0.580581545829773,0.9775877003031616,0.4615699205071186
0.580118715763092,0.9776010387924038,0.46185108503949085
0.5799289345741272,0.9775602898237267,0.4621066891598293
0.5796700716018677,0.9774643320363164,0.4623111724561
0.5792354941368103,0.9774777207669457,0.46259233698847224
0.5790452361106873,0.9774358974358974,0.46282238069677684
0.5787036418914795,0.9772334915839448,0.4630013035810137
0.5784225463867188,0.9772469941230387,0.46328246811338597
0.5779882073402405,0.977205367246861,0.46351251182169056
0.5777806043624878,0.9771111589831969,0.46374255552999516
0.5775195360183716,0.9770696522768867,0.4639725992382997
0.5773409605026245,0.9770294260046264,0.4642282033586381
0.5767838954925537,0.9769892473118279,0.46448380747897655
0.5765219926834106,0.9768941429339065,0.4646882907752473
0.5763610601425171,0.9768003866602223,0.46491833448355185
0.5758236050605774,0.9767591648328056,0.46514837819185645
0.5754168033599854,0.976611951507349,0.4653528614881272
0.5751448273658752,0.9764113011311853,0.4655317843723641
0.5747928619384766,0.9763167765096715,0.4657362676686348
0.574493408203125,0.9762771768233908,0.4659918717889732
0.5741510987281799,0.9761293084992507,0.46617079467321015
0.5736832022666931,0.9761433538379246,0.4664519592055824
0.5734148025512695,0.9761039238746926,0.46670756332592084
0.5729672908782959,0.9761166916007694,0.4669631674462592
0.5727258920669556,0.9761307203502964,0.4672443319786315
0.5723382234573364,0.9760900891284624,0.46747437568693606
0.5719702243804932,0.975890761681246,0.467653298571173
0.5717373490333557,0.9759048989818221,0.46793446310354525
0.571367621421814,0.9758111780062869,0.46813894639981596
0.5711256265640259,0.9757720979765708,0.4683945505201544
0.5709220170974731,0.9757317722192655,0.468624594228459
0.5707207918167114,0.9756927822988138,0.4688801983487974
0.5704753398895264,0.9755475228577504,0.4690846816450681
0.5701250433921814,0.9755073849750292,0.4693147253533727
0.5697591304779053,0.9753623957946158,0.4695192086496434
0.5694988965988159,0.9753754709971872,0.46977481276998184
0.5691054463386536,0.9753367985573353,0.47003041689032027
0.5687983632087708,0.9752981712165386,0.4702860210106587
0.568459689617157,0.9752582781456953,0.4705160647189633
0.5682584047317505,0.975219739489569,0.4707716688393017
0.5679430961608887,0.9750740897544454,0.4709505917235386
0.5676208734512329,0.974982810599249,0.4711806354318432
0.5673065185546875,0.9749444973041548,0.47143623955218156
0.5670743584632874,0.9749049027895181,0.47166628326048615
0.5667253136634827,0.9747082739320978,0.47184520614472303
0.5664675831794739,0.9746688479603145,0.4720752498530276
0.5661329030990601,0.9746308016877637,0.47233085397336605
0.5657979846000671,0.9746455115702914,0.4726120185057383
0.5654857158660889,0.9745535008692904,0.47281650180200907
0.5650807023048401,0.9745155855096883,0.47307210592234744
0.5647954940795898,0.9744250907751407,0.47330214963065204
0.5643696784973145,0.9744385420501762,0.47355775375099046
0.5639817714691162,0.9742430613961311,0.47373667663522734
0.5638309121131897,0.9742040558999685,0.47396672034353193
0.5635292530059814,0.9741664478865844,0.47422232446387036
0.5632978081703186,0.9740239294710328,0.47442680776014107
0.5630132555961609,0.9739326549879367,0.47463129105641183
0.5627337098121643,0.9738428474078733,0.4748613347647164
0.5622977018356323,0.9738041598994079,0.47509137847302096
0.5617117285728455,0.9737145250811603,0.47532142218132556
0.5614469051361084,0.9736773248207651,0.475577026301664
0.5611380338668823,0.9736387886395732,0.4758070700099686
0.5607101917266846,0.9734448510193413,0.47598599289420546
0.5603018403053284,0.9733542319749217,0.47619047619047616
0.5599609017372131,0.9732651036499399,0.47642051989878076
0.559637188911438,0.9731760776536896,0.47665056360708535
0.5591859817504883,0.9731379094512831,0.47688060731538995
0.5588931441307068,0.9731011833394151,0.4771362114357283
0.5586028099060059,0.9730109935914135,0.4773406947319991
0.558315098285675,0.9730264528223287,0.47762185926437134
0.5577086806297302,0.9728337236533958,0.4778007821486082
0.5572987198829651,0.9727438231469441,0.478005265444879
0.5569297671318054,0.972707423580786,0.4782608695652174
0.5566331148147583,0.9725657279434687,0.4784397924494543
0.5563047528266907,0.9725294698031884,0.4786953965697927
0.5561073422431946,0.9725451525845962,0.47897656110216497
0.5557712316513062,0.9724556489262371,0.47918104439843573
0.555456280708313,0.9724195137124786,0.4794366485187741
0.5552384853363037,0.9723819887040779,0.4796666922270787
0.5548619031906128,0.9723977213878819,0.47994785675945095
0.5544878244400024,0.972361679002122,0.4802034608797894
0.5542991161346436,0.9721690548859345,0.4803568233519924
0.5540485382080078,0.9721848826388171,0.4806379878843647
0.5536414980888367,0.972199255890864,0.4808935920047031
0.5532209277153015,0.9722150493208697,0.48117475653707537
0.552953839302063,0.9719727469804893,0.4813281190092784
0.5527201890945435,0.9719356170037144,0.481558162717583
0.5524156093597412,0.9717968548594998,0.48176264601385377
0.5520575642585754,0.9716567894872455,0.48194156889809064
0.5517523884773254,0.9716213432220849,0.48219717301842907
0.5514260530471802,0.9715344623462192,0.4824272167267336
0.5509642362594604,0.9714976591037712,0.4826572604350382
0.5506525635719299,0.9713595228301111,0.48286174373130897
0.5503712296485901,0.9713742419570357,0.4831173478516474
0.5500640273094177,0.9712876881195747,0.48334739155995193
0.549734354019165,0.9711498973305955,0.4835518748562227
0.5495592355728149,0.9711133914828117,0.48378191856452724
0.5493299961090088,0.9710784062355776,0.48403752268486566
0.5488385558128357,0.9710419763210497,0.48426756639317026
0.5486106276512146,0.9709046204282348,0.484472049689441
0.5483738780021667,0.9708186146521272,0.48470209339774556
0.548115074634552,0.9707312081052039,0.4849065766940163
0.5478707551956177,0.9706965326787358,0.48516218081435475
0.547537624835968,0.9705596728852542,0.48536666411062546
0.5472317934036255,0.9704725415070242,0.4855711474068962
0.5468780994415283,0.9702848973756765,0.4857500702911331
0.5465291738510132,0.9700959379465197,0.48590343276333614
0.5461618900299072,0.9700107104605498,0.48613347647164074
0.5459927916526794,0.9699765521459883,0.48638908059197916
0.5456680059432983,0.9699918483798655,0.4866446847123176
0.545174241065979,0.969906818066093,0.4868747284206221
0.5447167754173279,0.9697694539162298,0.48705365130485906
0.5443856716156006,0.9695829094608341,0.48723257418909593
0.5441312193870544,0.9693965736363174,0.4874114970733328
0.5439830422401428,0.9692088816625172,0.48756485954553586
0.5437460541725159,0.969124517570587,0.48779490325384045
0.5436649918556213,0.968987920008121,0.4879738261380773
0.5434927940368652,0.9689544970324152,0.48822943025841575
0.5431976914405823,0.9689718109916853,0.488510594790788
0.5428364872932434,0.9688861862774907,0.4887150780870588
0.5424988269805908,0.9688022284122563,0.48894512179536337
0.5421614646911621,0.9687674006580612,0.4891751655036679
0.5417405366897583,0.9687341900232723,0.48943076962400633
0.5413914918899536,0.9687515801183193,0.4897119341563786
0.5412063002586365,0.9686662960529641,0.48991641745264936
0.5408778786659241,0.9685321749671684,0.49012090074892006
0.540418803691864,0.9684470920840065,0.4903253840451908
0.5400999188423157,0.9683132347747111,0.49052986734146153
0.5397336483001709,0.9681795259707514,0.4907343506377323
0.5395841002464294,0.9679939516129032,0.49088771310993534
0.539351761341095,0.9678605611807969,0.49109219640620605
0.5389571189880371,0.9677256935703137,0.491271119290443
0.5386866331100464,0.9676932367149759,0.4915267234107814
0.5384747385978699,0.9676608157722678,0.4917823275311198
0.5381304025650024,0.9675765344593575,0.49198681082739054
0.5378894805908203,0.9674939710610932,0.49221685453569514
0.5376906991004944,0.9674600783368484,0.4924468982439997
0.5373011231422424,0.9673776662484316,0.49267694195230427
0.5369391441345215,0.9670947030497592,0.4928047440124735
0.5366318821907043,0.967061064875163,0.4930347877207781
0.5363267660140991,0.9670291125920729,0.4932903918411165
0.5360279083251953,0.9668953773726648,0.4934693147253534
0.5356355309486389,0.9668635499048954,0.4937249188456918
0.5351767539978027,0.9668317574666067,0.49398052296603023
0.5349301695823669,0.9667983399169958,0.4942105666743348
0.5346440076828003,0.9667666166916542,0.4944661707946732
0.5344641208648682,0.9666333666333666,0.49464509367891013
0.5341143012046814,0.9666017672607459,0.4949006977992485
0.5339236259460449,0.9665702025745934,0.4951563019195869
0.533777117729187,0.9663873927787752,0.49530966439178997
0.533388078212738,0.9663559786671984,0.4955652685121284
0.5330376625061035,0.9662731031734171,0.49576975180839916
0.5326977968215942,0.9660924118701454,0.49594867469263604
0.5323805212974548,0.9659616820104504,0.4961531579889068
0.5320625305175781,0.9659786122855011,0.4964087621092452
0.5318433046340942,0.9658977928017498,0.49663880581754977
0.5314854979515076,0.9658170616584687,0.49686884952585436
0.5309750437736511,0.9657347171872672,0.49707333282212507
0.530617356300354,0.965654159221759,0.49730337653042966
0.5303490161895752,0.9655719813473559,0.4975078598267004
0.5299916863441467,0.9654420149734741,0.49771234312297113
0.5297340750694275,0.9653617443012884,0.49794238683127573
0.5293034315109253,0.9653789004457652,0.49819799095161416
0.5290684700012207,0.9653977525865056,0.4984791554839864
0.5288010239601135,0.9653159170748602,0.4986836387802571
0.5284429788589478,0.9651864306201167,0.4988881220765279
0.5280481576919556,0.9651559333761677,0.4991437261968663
0.52784663438797,0.965074346687744,0.499348209493137
0.5276015996932983,0.9650933149007603,0.4996293740255093
0.5270217061042786,0.9650118436636399,0.49983385732178004
0.526675820350647,0.9649321824907522,0.5000639010300846
0.5263194441795349,0.9648033126293996,0.5002683843263553
0.5261263847351074,0.9646728419392984,0.5004473072105923
0.5257595777511597,0.9645442458265623,0.5006517905068629
0.5254726409912109,0.96456169710095,0.5009073946272014
0.5252827405929565,0.9643841007477371,0.5010863175114383
0.5249631404876709,0.9641575298687252,0.5012396799836414
0.5247798562049866,0.9639785738856946,0.5013930424558444
0.5242533683776855,0.9638015717092338,0.5015719653400813
0.5241014957427979,0.9636720667648503,0.5017508882243181
0.5238029956817627,0.963691673617585,0.5020320527566904
0.523265540599823,0.9635641428010985,0.5022365360529611
0.5228866934776306,0.9633859425546515,0.5023898985251642
0.5226413607597351,0.96330769607603,0.5026199422334688
0.522294819355011,0.963325662243549,0.5028755463538073
0.5218818783760071,0.9631985905843202,0.5030800296500779
0.5216000080108643,0.9631205673758865,0.5033100733583825
0.5213635563850403,0.9630408213150818,0.5035145566546533
0.5208818912506104,0.9629141014365289,0.503719039950924
0.5205788612365723,0.9628833756593085,0.5039490836592286
0.5203583836555481,0.9628056816517792,0.5041791273675331
0.519967794418335,0.9627280710313201,0.5044091710758377
0.5192830562591553,0.9625999609908329,0.5045880939600746
0.5188839435577393,0.9624738047663142,0.5047925772563454
0.5185941457748413,0.9623946612109698,0.5049970605526161
0.5182035565376282,0.9622687439143135,0.5052015438488868
0.5178539752960205,0.9619969831151769,0.5053293459090561
0.5175248980522156,0.9618209231068527,0.5054827083812591
0.5173899531364441,0.9615982889364184,0.5056360708534622
0.5171257257461548,0.9616169468467594,0.5058916749738006
0.5169602632522583,0.9615888894284466,0.506147279094139
0.516693115234375,0.9615123277033586,0.5063773228024436
0.5163066983222961,0.9613854661880276,0.5065562456866805
0.5160574913024902,0.961260606060606,0.5067607289829512
0.5157586336135864,0.9611339956384783,0.5069396518671881
0.5154264569282532,0.9610578320255739,0.5071696955754926
0.5152180790901184,0.9609333397879654,0.5073741788717634
0.5148783326148987,0.9609522427057628,0.5076297829921018
0.5144091844558716,0.9609246542218783,0.5078853871124402
0.5141131281852722,0.9608970950746774,0.5081409912327787
0.5138937830924988,0.9608676747668969,0.5083710349410833
0.513656735420227,0.9607436021245775,0.508575518237354
0.513454794883728,0.9605694980694981,0.508728880709557
0.5131670832633972,0.960493946264049,0.5089589244178616
0.512836217880249,0.960370263234018,0.5091634077141324
0.5125497579574585,0.9602929838087895,0.5093678910104031
0.5118914842605591,0.9601213697442567,0.50954681389464
0.5115292072296143,0.9599961488470611,0.5097257367788769
0.5112422108650208,0.9598248652809854,0.5099046596631138
0.5109424591064453,0.9597980283722048,0.5101602637834521
0.5107290744781494,0.9596250901225667,0.5103136262556552
0.5104435086250305,0.959598385857033,0.5105692303759937
0.510050892829895,0.9594257178526842,0.5107225928481968
0.509674072265625,0.9593511541968613,0.5109526365565012
0.5093665719032288,0.95918073676132,0.5111315594407382
0.5090706944465637,0.9591523636014958,0.5113616031490428
0.5088136792182922,0.9590301403996359,0.5115660864453135
0.5086250901222229,0.958906077877293,0.5117450093295504
0.50811368227005,0.9588319770224988,0.511975053037855
0.5079998970031738,0.9585187311611885,0.5120772946859904
0.5076695084571838,0.958395103055808,0.5122562175702272
0.5074439644813538,0.9583213841888921,0.5124862612785318
0.50702965259552,0.958245748136824,0.5126907445748026
0.5067129135131836,0.958028935682567,0.5128441070470056
0.5064206719398499,0.9580032452037797,0.513099711167344
0.5063385367393494,0.9578801755390193,0.5132786340515809
0.5059792399406433,0.9578545887961859,0.5135342381719193
0.5056500434875488,0.9577793662139623,0.5137387214681901
0.5053281188011169,0.9576586016384073,0.5139432047644608
0.5049837231636047,0.9575855667158566,0.5141732484727654
0.5048232674598694,0.9575581671979826,0.51440329218107
0.5044980049133301,0.9574852577515693,0.5146333358893745
0.504289984703064,0.9573628671926989,0.5148122587736115
0.5039822459220886,0.9573376407430282,0.5150678628939499
0.5035110116004944,0.9571699905033239,0.5152467857781867
0.5032286643981934,0.9570479354532511,0.5154257086624237
0.5027976632118225,0.9568806033869361,0.5156046315466606
0.5025896430015564,0.9568536342515765,0.5158346752549651
0.5023419260978699,0.9567813477395507,0.5160647189632697
0.5019074082374573,0.9566144081845308,0.5162436418475066
0.501641035079956,0.9564929224068551,0.5164225647317435
0.5013778805732727,0.9564209330935932,0.516652608440048
0.500900387763977,0.9563942489595157,0.5168826521483526
0.5003151297569275,0.9562751122666037,0.5170871354446234
0.49969807267189026,0.9561088538221676,0.5172660583288603
0.4946347177028656,0.9558934642992066,0.5173938603890295
0.4556107521057129,0.955680370038231,0.5175472228612326
0.3129693269729614,0.9552787998867818,0.5175983436853002
