confidence,precision,recall
0.9484162926673889,1.0,2.5560412033841985e-05
0.9307780265808105,1.0,0.00040896659254147175
0.9279719591140747,1.0,0.0007923727730491016
0.925911545753479,1.0,0.0011757789535567313
0.9248605966567993,1.0,0.0015591851340643612
0.9238827228546143,1.0,0.0019425913145719909
0.9228957295417786,1.0,0.0023259974950796207
0.9219580888748169,1.0,0.0027094036755872506
0.921621561050415,1.0,0.00309280985609488
0.9208946824073792,1.0,0.00347621603660251
0.9202824831008911,1.0,0.00385962221711014
0.9197520613670349,1.0,0.004268588809651612
0.9194939136505127,1.0,0.0046519949901592415
0.9187842011451721,1.0,0.005035401170666871
0.918335497379303,1.0,0.005418807351174501
0.9177261590957642,1.0,0.005802213531682131
0.9174962043762207,1.0,0.00618561971218976
0.9170840978622437,1.0,0.00656902589269739
0.9166068434715271,1.0,0.00695243207320502
0.9161432981491089,1.0,0.00733583825371265
0.915945291519165,1.0,0.00771924443422028
0.9156390428543091,1.0,0.008102650614727909
0.9152728319168091,1.0,0.008511617207269381
0.9150398969650269,1.0,0.00889502338777701
0.9147034883499146,1.0,0.009278429568284641
0.9141915440559387,1.0,0.00966183574879227
0.9138392210006714,1.0,0.0100452419292999
0.9134088754653931,1.0,0.01042864810980753
0.9131258130073547,1.0,0.01081205429031516
0.9128512144088745,1.0,0.01119546047082279
0.9125491380691528,1.0,0.01157886665133042
0.912266194820404,1.0,0.01196227283183805
0.911963701248169,1.0,0.01237123942437952
0.9118096232414246,1.0,0.012754645604887151
0.9115021824836731,1.0,0.01313805178539478
0.9113359451293945,1.0,0.01352145796590241
0.9111043214797974,1.0,0.01390486414641004
0.9107718467712402,1.0,0.01428827032691767
0.9104775190353394,1.0,0.0146716765074253
0.9101056456565857,1.0,0.01505508268793293
0.9098482728004456,1.0,0.01543848886844056
0.909674346446991,1.0,0.01582189504894819
0.9095374345779419,1.0,0.016205301229455817
0.9093168377876282,1.0,0.01661426782199729
0.9092261791229248,1.0,0.01699767400250492
0.9090536832809448,1.0,0.01738108018301255
0.9089275598526001,1.0,0.01776448636352018
0.9086315035820007,1.0,0.01814789254402781
0.9084683656692505,1.0,0.01853129872453544
0.9083051085472107,1.0,0.01891470490504307
0.9080651998519897,1.0,0.019298111085550698
0.9078174233436584,1.0,0.019681517266058327
0.9076353907585144,1.0,0.02006492344656596
0.907443642616272,1.0,0.02047389003910743
0.9073296189308167,1.0,0.02085729621961506
0.9069724082946777,1.0,0.02124070240012269
0.9067736864089966,1.0,0.02162410858063032
0.9065313935279846,1.0,0.02200751476113795
0.9063186049461365,1.0,0.02239092094164558
0.9061682224273682,1.0,0.022774327122153208
0.9059394598007202,1.0,0.02315773330266084
0.9057669639587402,1.0,0.02354113948316847
0.9055404663085938,1.0,0.0239245456636761
0.9053771495819092,1.0,0.024307951844183728
0.9052231907844543,1.0,0.0247169184367252
0.905062198638916,1.0,0.02510032461723283
0.904877245426178,1.0,0.02548373079774046
0.9047583341598511,1.0,0.02586713697824809
0.9046260714530945,1.0,0.026250543158755718
0.9044227600097656,1.0,0.02663394933926335
0.9042935371398926,1.0,0.02701735551977098
0.9041560888290405,1.0,0.02740076170027861
0.9039512872695923,1.0,0.027784167880786238
0.903841495513916,1.0,0.028167574061293867
0.903653621673584,1.0,0.0285509802418015
0.903504490852356,1.0,0.02895994683434297
0.90338134765625,1.0,0.0293433530148506
0.9032063484191895,1.0,0.029726759195358228
0.9030493497848511,1.0,0.03011016537586586
0.9028347730636597,1.0,0.03049357155637349
0.9026347994804382,1.0,0.03087697773688112
0.9024264812469482,1.0,0.03126038391738875
0.9023323059082031,1.0,0.03164379009789638
0.9021910429000854,1.0,0.03202719627840401
0.9020178914070129,1.0,0.032410602458911635
0.9018868803977966,1.0,0.03281956905145311
0.9017678499221802,1.0,0.03320297523196074
0.9016103744506836,1.0,0.03358638141246837
0.90140700340271,1.0,0.033969787592975996
0.9012812376022339,1.0,0.03435319377348363
0.9011515378952026,1.0,0.03473659995399126
0.901049792766571,1.0,0.035120006134498886
0.9009215831756592,1.0,0.03550341231500652
0.9007882475852966,1.0,0.035886818495514144
0.9005544185638428,1.0,0.03627022467602178
0.9004262685775757,1.0,0.03665363085652941
0.900310754776001,1.0,0.03706259744907088
0.9001668691635132,1.0,0.037446003629578506
0.9000447988510132,1.0,0.03782940981008614
0.8999357223510742,1.0,0.03821281599059377
0.8998187780380249,1.0,0.038596222171101396
0.8997002840042114,1.0,0.03897962835160903
0.8995803594589233,1.0,0.039363034532116654
0.8994593620300293,1.0,0.03974644071262429
0.8993041515350342,1.0,0.04012984689313192
0.8991488218307495,1.0,0.040513253073639545
0.8989853858947754,1.0,0.040922219666181016
0.8988425731658936,1.0,0.04130562584668865
0.8987371921539307,1.0,0.04168903202719628
0.8986520767211914,1.0,0.042072438207703906
0.898479163646698,1.0,0.04245584438821154
0.8983365297317505,1.0,0.042839250568719164
0.8982508182525635,1.0,0.0432226567492268
0.898112416267395,0.9994138335287222,0.043580502517700584
0.8980004787445068,0.999418942475305,0.043963908698208216
0.8978291749954224,0.9994239631336406,0.04434731487871584
0.8976949453353882,0.9994288977727013,0.044730721059223474
0.8976069688796997,0.9994340690435767,0.045139687651764945
0.8973824977874756,0.999438832772166,0.04552309383227258
0.8972740173339844,0.9994435169727324,0.0459065000127802
0.897149384021759,0.9994481236203091,0.046289906193287836
0.8969910144805908,0.9994526546250684,0.04667331237379547
0.896860659122467,0.999457111834962,0.047056718554303094
0.8967564105987549,0.9994614970382337,0.047440124734810726
0.896533191204071,0.999465811965812,0.04782353091531835
0.8963897228240967,0.9994700582935877,0.048206937095825984
0.8962568044662476,0.9994742376445847,0.04859034327633362
0.896050214767456,0.9994786235662148,0.04899930986887509
0.8959560394287109,0.999482669425763,0.04938271604938271
0.8958605527877808,0.9994866529774127,0.049766122229890346
0.8957875967025757,0.999490575649516,0.05014952841039798
0.8956246972084045,0.9994944388270981,0.050532934590905604
0.8954588174819946,0.9994982438534872,0.050916340771413236
0.8953092694282532,0.9995019920318725,0.05129974695192086
0.8951613903045654,0.9995056846267919,0.051683153132428494
0.8949917554855347,0.9995093228655545,0.05206655931293613
0.8949048519134521,0.9995129079396006,0.05244996549344375
0.8947205543518066,0.9995164410058027,0.052833371673951385
0.8946151733398438,0.9995201535508638,0.053242338266492856
0.8944416642189026,0.9995235826584088,0.05362574444700049
0.8942888975143433,0.9995269631031221,0.054009150627508114
0.8942196369171143,0.9995302959135745,0.054392556808015746
0.8940844535827637,0.9995335820895522,0.05477596298852337
0.8939446210861206,0.999536822603057,0.055159369169031004
0.8938446044921875,0.999540018399264,0.05554277534953864
0.8937025666236877,0.9995431703974418,0.05592618153004626
0.8935959339141846,0.9995462794918331,0.056309587710553895
0.8934870958328247,0.9995493465525012,0.05669299389106153
0.8933112621307373,0.9995523724261415,0.05707640007156915
0.8931965827941895,0.9995555555555555,0.057485366664110624
0.8930294513702393,0.9995584988962473,0.057868772844618256
0.8929381370544434,0.999561403508772,0.05825217902512588
0.8928021788597107,0.9995642701525055,0.058635585205633514
0.8926708698272705,0.9995670995670995,0.05901899138614115
0.8925732970237732,0.9995698924731182,0.05940239756664877
0.8924685120582581,0.9995726495726496,0.059785803747156405
0.8923620581626892,0.9995753715498938,0.06016920992766404
0.8922226428985596,0.9995780590717299,0.06055261610817166
0.8920503854751587,0.99958071278826,0.060936022288679295
0.8919500112533569,0.9995835068721366,0.061344988881220766
0.8918230533599854,0.9995860927152318,0.06172839506172839
0.8916903734207153,0.9995886466474702,0.062111801242236024
0.8915925025939941,0.9995911692559281,0.06249520742274366
0.8914803266525269,0.9995936611133686,0.06287861360325128
0.8913154602050781,0.9995961227786753,0.06326201978375891
0.8911533951759338,0.9995985547972702,0.06364542596426655
0.891037106513977,0.9996009577015164,0.06402883214477417
0.8909305334091187,0.9996033320111067,0.0644122383252818
0.8907950520515442,0.9996056782334385,0.06479564450578944
0.890659749507904,0.999607996863975,0.06517905068629706
0.8905518054962158,0.9996104402025711,0.06558801727883853
0.8904643654823303,0.9996127033307514,0.06597142345934616
0.89037024974823,0.9996149403157489,0.0663548296398538
0.8902480006217957,0.9996171516079633,0.06673823582036142
0.8901298642158508,0.9996193376475067,0.06712164200086905
0.8899151682853699,0.9996214988644966,0.06750504818137669
0.8898018598556519,0.9996236356793377,0.06788845436188432
0.8896688222885132,0.999625748502994,0.06827186054239194
0.8895320892333984,0.9996278377372534,0.06865526672289958
0.8893904685974121,0.9996299037749815,0.0690386729034072
0.8893048763275146,0.9996320824135394,0.06944763949594868
0.8891652226448059,0.9996341017197219,0.0698310456764563
0.8890542387962341,0.9996360989810772,0.07021445185696393
0.8889669179916382,0.9996380745566413,0.07059785803747157
0.8888775110244751,0.9996400287976962,0.07098126421797919
0.8887561559677124,0.9996419620479771,0.07136467039848682
0.8885613679885864,0.9996438746438746,0.07174807657899446
0.8884588479995728,0.9996457669146298,0.07213148275950208
0.8883170485496521,0.9996476391825229,0.07251488894000971
0.8881641626358032,0.9996494917630564,0.07289829512051735
0.8880687355995178,0.9996513249651325,0.07328170130102497
0.8879218101501465,0.9996532593619972,0.07369066789356644
0.8878008127212524,0.9996550534667127,0.07407407407407407
0.8877087831497192,0.9996568291008923,0.07445748025458171
0.887580156326294,0.99965858654831,0.07484088643508933
0.8874945640563965,0.9996603260869565,0.07522429261559696
0.8873723745346069,0.9996620479891856,0.0756076987961046
0.8872396945953369,0.9996637525218561,0.07599110497661223
0.8871580362319946,0.9996654399464704,0.07637451115711985
0.88694828748703,0.9996671105193076,0.07675791733762748
0.8867675065994263,0.9996687644915535,0.07714132351813512
0.8866212368011475,0.999670510708402,0.07755029011067659
0.8865242004394531,0.9996721311475409,0.07793369629118421
0.8864163160324097,0.999673735725938,0.07831710247169184
0.8863074779510498,0.9996753246753247,0.07870050865219948
0.8862316608428955,0.9996768982229403,0.0790839148327071
0.8861435651779175,0.9996784565916399,0.07946732101321473
0.8860353827476501,0.99968,0.07985072719372237
0.885907769203186,0.9996815286624203,0.08023413337423
0.8857772350311279,0.9996830427892235,0.08061753955473762
0.8856515884399414,0.9996845425867508,0.08100094573524526
0.8855740427970886,0.9996860282574568,0.08138435191575288
0.8854948282241821,0.999687597625742,0.08179331850829435
0.8854175209999084,0.9996890547263682,0.08217672468880198
0.8853009939193726,0.9996904982977406,0.08256013086930962
0.8851574063301086,0.9996919285274184,0.08294353704981725
0.8849949836730957,0.9996933455995094,0.08332694323032487
0.8848677277565002,0.9996947496947497,0.0837103494108325
0.8847174048423767,0.9996961409905804,0.08409375559134014
0.8845900893211365,0.999697519661222,0.08447716177184776
0.884515643119812,0.9996988858777477,0.08486056795235539
0.8844068050384521,0.9997002398081535,0.08524397413286303
0.8843209743499756,0.9997015816174276,0.08562738031337065
0.8841409087181091,0.9997029997029997,0.08603634690591212
0.883995771408081,0.9997043169722057,0.08641975308641975
0.8838528394699097,0.9997056226081837,0.08680315926692739
0.8837327361106873,0.9997069167643611,0.08718656544743501
0.883588433265686,0.9997081995914794,0.08756997162794264
0.8834601640701294,0.9997094712376525,0.08795337780845028
0.8833901882171631,0.9997107318484235,0.0883367839889579
0.8832625150680542,0.9997119815668203,0.08872019016946553
0.88313889503479,0.9997132205334098,0.08910359634997315
0.8830379247665405,0.9997144488863506,0.0894870025304808
0.8829485177993774,0.9997157475838545,0.08989596912302227
0.8828302025794983,0.9997169544296631,0.09027937530352989
0.8827258348464966,0.9997181510710259,0.09066278148403752
0.8825660347938538,0.9997193376368229,0.09104618766454516
0.8824363946914673,0.9997205142537731,0.09142959384505278
0.8822991251945496,0.9997216810464793,0.0918130000255604
0.8821622133255005,0.9997228381374723,0.09219640620606805
0.8820194602012634,0.9997239856472536,0.09257981238657567
0.8819187879562378,0.9997251236943375,0.0929632185670833
0.8817486763000488,0.9997262523952916,0.09334662474759094
0.8815773725509644,0.9997273718647764,0.09373003092809856
0.8814725875854492,0.999728555917481,0.09413899752064003
0.8814008235931396,0.9997296566639632,0.09452240370114766
0.8812978267669678,0.9997307485191168,0.0949058098816553
0.8811876773834229,0.9997318315902387,0.09528921606216292
0.8810892105102539,0.999732905982906,0.09567262224267055
0.8809603452682495,0.9997339718010109,0.09605602842317819
0.880850613117218,0.9997350291467939,0.09643943460368581
0.8807195425033569,0.9997360781208762,0.09682284078419344
0.8806470632553101,0.9997371188222923,0.09720624696470107
0.8805557489395142,0.9997381513485205,0.0975896531452087
0.8804528117179871,0.9997392438070404,0.09799861973775018
0.88033127784729,0.9997402597402597,0.0983820259182578
0.8802086114883423,0.9997412677878396,0.09876543209876543
0.8801053762435913,0.9997422680412371,0.09914883827927307
0.8799408078193665,0.9997432605905007,0.09953224445978069
0.8798295259475708,0.9997442455242966,0.09991565064028832
0.8797181844711304,0.9997452229299363,0.10029905682079596
0.8796141743659973,0.999746192893401,0.10068246300130358
0.8794881105422974,0.9997471554993679,0.10106586918181121
0.8794219493865967,0.9997481108312343,0.10144927536231885
0.8793376684188843,0.9997490589711417,0.10183268154282647
0.8791990876197815,0.9997500624843789,0.10224164813536794
0.8790788650512695,0.9997509960159362,0.10262505431587557
0.8789786696434021,0.9997519225998511,0.10300846049638321
0.8788448572158813,0.9997528423133959,0.10339186667689083
0.8787492513656616,0.9997537552327013,0.10377527285739846
0.8786112666130066,0.9997546614327772,0.10415867903790609
0.878538966178894,0.9997555609875336,0.10454208521841372
0.8784064054489136,0.9997564539698003,0.10492549139892135
0.878327488899231,0.9997573404513468,0.10530889757942898
0.8782130479812622,0.9997582205029013,0.10569230375993661
0.8781446218490601,0.9997591522157996,0.10610127035247809
0.8779324293136597,0.9997600191984641,0.10648467653298571
0.8778314590454102,0.9997608799617408,0.10686808271349334
0.877700924873352,0.9997617345723135,0.10725148889400098
0.8775802254676819,0.9997625830959165,0.1076348950745086
0.8775230646133423,0.9997634255973503,0.10801830125501623
0.8773927688598633,0.9997642621404997,0.10840170743552387
0.8773050308227539,0.9997650927883486,0.10878511361603149
0.8772237300872803,0.9997659176029963,0.10916851979653912
0.8770987391471863,0.999766736645673,0.10955192597704674
0.8769681453704834,0.999767549976755,0.10993533215755438
0.8768658638000488,0.9997684113015285,0.11034429875009585
0.8767795562744141,0.9997692130163859,0.11072770493060348
0.876639723777771,0.999770009199632,0.1111111111111111
0.876485288143158,0.99977079990832,0.11149451729161874
0.8763597011566162,0.9997715851987209,0.11187792347212637
0.8762485980987549,0.9997723651263374,0.112261329652634
0.8761676549911499,0.9997731397459165,0.11264473583314163
0.8760353326797485,0.9997739091114628,0.11302814201364926
0.8758998513221741,0.9997746732762506,0.11341154819415689
0.8757732510566711,0.9997754322928363,0.11379495437466453
0.8756319284439087,0.9997761862130707,0.11417836055517215
0.8755134344100952,0.9997769848349688,0.11458732714771362
0.8753756880760193,0.9997777283840854,0.11497073332822125
0.8752647638320923,0.9997784669915818,0.11535413950872889
0.875079870223999,0.9997792007065578,0.11573754568923651
0.8750031590461731,0.9997799295774648,0.11612095186974414
0.874902069568634,0.9997806536521167,0.11650435805025176
0.8747369050979614,0.9997813729777001,0.1168877642307594
0.8745694160461426,0.9997820876007845,0.11727117041126703
0.8744778633117676,0.9997827975673328,0.11765457659177465
0.8743456602096558,0.9997835029227106,0.1180379827722823
0.8742030262947083,0.9997842502696872,0.11844694936482376
0.874121904373169,0.9997849462365591,0.11883035554533139
0.8740426301956177,0.99978563772776,0.11921376172583902
0.8739230036735535,0.9997863247863248,0.11959716790634665
0.8738036155700684,0.999787007454739,0.11998057408685428
0.8737267255783081,0.9997876857749469,0.1203639802673619
0.8736307621002197,0.9997883597883598,0.12074738644786955
0.8735600709915161,0.999789029535865,0.12113079262837717
0.873363733291626,0.9997896950578339,0.1215141988088848
0.8731961250305176,0.9997903563941299,0.12189760498939244
0.8730696439743042,0.999791013584117,0.12228101116990006
0.8729530572891235,0.9997917100604041,0.12268997776244153
0.8728064298629761,0.9997923588039868,0.12307338394294916
0.8727128505706787,0.9997930035189402,0.12345679012345678
0.8725695610046387,0.9997936442426744,0.12384019630396442
0.8724825382232666,0.9997942810121374,0.12422360248447205
0.8723940849304199,0.9997949138638228,0.12460700866497967
0.8722983598709106,0.9997955428337764,0.12499041484548731
0.872126042842865,0.999796167957603,0.12537382102599495
0.8720357418060303,0.9997967892704734,0.12575722720650256
0.8719382882118225,0.9997974068071313,0.1261406333870102
0.8718093633651733,0.9997980613893377,0.12654959997955167
0.8716772198677063,0.9997986712301188,0.12693300616005931
0.8715697526931763,0.9997992773986351,0.12731641234056693
0.8714577555656433,0.9997998799279568,0.12769981852107457
0.8713638186454773,0.9998004788507582,0.12808322470158218
0.8712416887283325,0.9998010741993236,0.12846663088208982
0.8711467981338501,0.9998016660055533,0.12885003706259746
0.871010422706604,0.9998022543009689,0.12923344324310507
0.870886504650116,0.9998028391167192,0.1296168494236127
0.8707094192504883,0.9998034204835856,0.13000025560412035
0.870618999004364,0.9998039984319874,0.13038366178462796
0.8704149723052979,0.9998046111762408,0.13079262837716943
0.8702617883682251,0.9998051821546854,0.13117603455767707
0.8701348304748535,0.9998057498057498,0.1315594407381847
0.8699626922607422,0.999806314158435,0.13194284691869232
0.8698511123657227,0.9996137504828119,0.13230069268716613
0.8696873784065247,0.9996148661659927,0.13268409886767374
0.8695769309997559,0.9996159754224271,0.13306750504818138
0.8694615364074707,0.9996170783074861,0.13345091122868902
0.8692859411239624,0.9994272623138603,0.1338087569971628
0.8692117929458618,0.9994288977727013,0.13419216317767044
0.8690757751464844,0.9994305239179955,0.13457556935817805
0.8689660429954529,0.9994322482967449,0.13498453595071952
0.8688465356826782,0.9994338554444234,0.13536794213122716
0.8686752319335938,0.9994354535190064,0.1357513483117348
0.8685770630836487,0.9994370425971102,0.1361347544922424
0.8684091567993164,0.999438622754491,0.13651816067275005
0.868304431438446,0.9994401940660571,0.13690156685325766
0.8681979775428772,0.9994417566058802,0.1372849730337653
0.8681118488311768,0.9994433104472072,0.13766837921427294
0.8679662942886353,0.9994448556624722,0.13805178539478055
0.8678574562072754,0.9994463923233069,0.1384351915752882
0.8677769899368286,0.9994480220791169,0.13884415816782966
0.8675582408905029,0.9994495412844037,0.1392275643483373
0.8674660921096802,0.9994510521500457,0.1396109705288449
0.8673542737960815,0.9994525547445255,0.13999437670935255
0.8671770095825195,0.9994540491355778,0.1403777828898602
0.8670216798782349,0.9994555353901996,0.1407611890703678
0.866875171661377,0.9994570135746607,0.14114459525087544
0.86678147315979,0.9994584837545126,0.14152800143138308
0.8666691780090332,0.9994599459945994,0.1419114076118907
0.866591215133667,0.9994614003590664,0.14229481379239833
0.8665045499801636,0.9994628469113698,0.14267821997290597
0.866364061832428,0.9994643813604713,0.14308718656544744
0.8662741184234619,0.999465811965812,0.14347059274595506
0.8661613464355469,0.9994672349493873,0.1438539989264627
0.8660445213317871,0.9994686503719448,0.14423740510697033
0.8659664988517761,0.9994700582935877,0.14462081128747795
0.8658735156059265,0.9994714587737844,0.14500421746798559
0.8657441139221191,0.9994728518713759,0.14538762364849322
0.8654832243919373,0.9994742376445847,0.14577102982900084
0.8653714060783386,0.9994756161510225,0.14615443600950848
0.8652230501174927,0.9994769874476988,0.14653784219001612
0.8650778532028198,0.9994784422809457,0.1469468087825576
0.86495041847229,0.9994797988555575,0.1473302149630652
0.8648236393928528,0.99948114839156,0.14771362114357284
0.8646901845932007,0.9994824909435915,0.14809702732408048
0.8645501732826233,0.9994838265657261,0.1484804335045881
0.8644218444824219,0.9994851553114811,0.14886383968509573
0.8643024563789368,0.999486477233824,0.14924724586560337
0.8641298413276672,0.9994877923851802,0.14963065204611098
0.8640159964561462,0.9994891008174387,0.15001405822661862
0.8638734817504883,0.999320536775947,0.1503719039950924
0.8636878728866577,0.9993222636394442,0.15075531017560004
0.8635338544845581,0.999324095978371,0.1511642767681415
0.8633951544761658,0.9993258048204955,0.15154768294864912
0.8633027076721191,0.9991593813046402,0.15190552871712293
0.8631802797317505,0.9991614958913299,0.15228893489763054
0.8630972504615784,0.999163599866176,0.15267234107813818
0.8630038499832153,0.9991656933088603,0.15305574725864582
0.8629066348075867,0.999167776298269,0.15343915343915343
0.8627187013626099,0.999169848912502,0.15382255961966107
0.8625679016113281,0.9991719112288837,0.1542059658001687
0.8624289035797119,0.9991739633239716,0.15458937198067632
0.8622995018959045,0.9991761410446531,0.1549983385732178
0.8621781468391418,0.9991781722550953,0.15538174475372543
0.8620766401290894,0.9991801934743401,0.15576515093423307
0.861944317817688,0.9991822047759241,0.15614855711474068
0.8617935180664062,0.9991842062326644,0.15653196329524832
0.8616650700569153,0.9991861979166666,0.15691536947575596
0.8615490198135376,0.9991881798993343,0.15729877565626357
0.8614234924316406,0.9991901522513768,0.1576821818367712
0.8613135814666748,0.9991921150428179,0.15806558801727885
0.8611757755279541,0.9991940683430045,0.15844899419778646
0.8610818386077881,0.9991960122206143,0.1588324003782941
0.8609750270843506,0.9991980753809142,0.15924136697083557
0.8608276844024658,0.9992,0.1596247731513432
0.8606597185134888,0.9992019154030327,0.16000817933185082
0.8605427145957947,0.9992038216560509,0.16039158551235846
0.8604253530502319,0.9992057188244639,0.16077499169286608
0.8602843284606934,0.9992076069730587,0.16115839787337372
0.8601676225662231,0.9992094861660079,0.16154180405388135
0.860026478767395,0.999211356466877,0.16192521023438897
0.8597869277000427,0.999213217938631,0.1623086164148966
0.8596293926239014,0.9992150706436421,0.16269202259540425
0.8595069646835327,0.9990602975724354,0.16304986836387803
0.8593724966049194,0.9990626464614903,0.1634588349564195
0.8592607975006104,0.9990648379052369,0.16384224113692714
0.8591973781585693,0.999067019126108,0.16422564731743475
0.8590692281723022,0.99906919019547,0.1646090534979424
0.8589663505554199,0.9989165763813651,0.16496689926641617
0.8588675260543823,0.9989190858554663,0.1653503054469238
0.8587307929992676,0.9989215837313203,0.16573371162743145
0.8586254715919495,0.9989240700891485,0.16611711780793906
0.858487606048584,0.9989265450084343,0.1665005239884467
0.8583431243896484,0.9989290085679314,0.16688393016895434
0.8581931591033936,0.9989316239316239,0.1672928967614958
0.8580055832862854,0.9989340642606974,0.16767630294200342
0.8578544855117798,0.9989364934670313,0.16805970912251106
0.8577063679695129,0.9989389116264968,0.1684431153030187
0.8575419783592224,0.9989413188142771,0.1688265214835263
0.857428789138794,0.998943715104874,0.16920992766403395
0.8572851419448853,0.9989461005721169,0.16959333384454156
0.8572096824645996,0.9989484752891693,0.1699767400250492
0.8570766448974609,0.9989508393285371,0.17036014620555684
0.8569568991661072,0.9989531927620756,0.17074355238606445
0.8567969799041748,0.9989555356609967,0.1711269585665721
0.8566241264343262,0.9989580232211968,0.17153592515911356
0.8565185070037842,0.9989603445715134,0.1719193313396212
0.8563810586929321,0.9989626556016598,0.1723027375201288
0.8562667369842529,0.9989649563803046,0.17268614370063645
0.8561583757400513,0.998967246975509,0.1730695498811441
0.8560508489608765,0.9989695274547328,0.1734529560616517
0.855910062789917,0.9989717978848414,0.17383636224215934
0.8558477759361267,0.998974058332112,0.17421976842266698
0.8557220697402954,0.9989763088622404,0.1746031746031746
0.8555604815483093,0.9989785495403473,0.17498658078368223
0.8553692102432251,0.9989809288105983,0.1753955473762237
0.855263352394104,0.9989831493317839,0.17577895355673134
0.8550933003425598,0.99898536019713,0.17616235973723895
0.8550121784210205,0.9989875614694822,0.1765457659177466
0.8549286127090454,0.9988454322413046,0.17690361168622037
0.8547325134277344,0.9988479262672811,0.17728701786672801
0.854630172252655,0.9988504095416008,0.17767042404723565
0.8545058369636536,0.9988528821336392,0.17805383022774326
0.85438472032547,0.9988553441121762,0.1784372364082509
0.8542804718017578,0.9988577955454027,0.17882064258875854
0.8541317582130432,0.998860236500926,0.17920404876926616
0.8540074229240417,0.998862828713575,0.17961301536180763
0.8539019823074341,0.9988652482269503,0.17999642154231527
0.853754460811615,0.9988676574663836,0.1803798277228229
0.8536285161972046,0.9988700564971752,0.18076323390333052
0.8535230755805969,0.9988724453840733,0.18114664008383816
0.8533688187599182,0.9988748241912799,0.18153004626434577
0.853271484375,0.9988771929824561,0.1819134524448534
0.8531437516212463,0.9988795518207283,0.18229685862536105
0.8529807329177856,0.9988819007686932,0.18268026480586866
0.8528671264648438,0.998884239888424,0.1830636709863763
0.852715015411377,0.9988867241859171,0.18347263757891777
0.8525950908660889,0.9988890431884461,0.1838560437594254
0.8524740934371948,0.9988913525498891,0.18423944993993302
0.8523622751235962,0.9988936523302447,0.18462285612044066
0.8521985411643982,0.9988959425890146,0.1850062623009483
0.852041482925415,0.9988982233852086,0.1853896684814559
0.851920485496521,0.9989004947773502,0.18577307466196355
0.8517531156539917,0.998902756823481,0.1861564808424712
0.8516511917114258,0.9989050095811661,0.1865398870229788
0.851516842842102,0.998907253107499,0.18692329320348644
0.851395845413208,0.9989094874591058,0.18730669938399408
0.851257860660553,0.998911860718172,0.18771566597653555
0.8510136604309082,0.9989140762861409,0.18809907215704316
0.8508856296539307,0.9989162828501761,0.1884824783375508
0.8507754802703857,0.9989184804650534,0.18886588451805844
0.8506351113319397,0.9989206691851052,0.18924929069856605
0.8504656553268433,0.9989228490642251,0.1896326968790737
0.8503061532974243,0.998925020155872,0.19001610305958133
0.8501853942871094,0.998927182513075,0.19039950924008894
0.8500314950942993,0.9989293361884368,0.19078291542059658
0.8499021530151367,0.9989314812341392,0.19116632160110422
0.8497132062911987,0.9989336177019461,0.19154972778161183
0.8496053218841553,0.9989358872040436,0.1919586943741533
0.8495023250579834,0.9989380061064649,0.19234210055466094
0.8493342995643616,0.9989401165871754,0.19272550673516858
0.8492133021354675,0.9988099960333201,0.19308335250364236
0.8491116762161255,0.998812351543943,0.19346675868414998
0.8489735126495361,0.9988146977479258,0.19385016486465761
0.8488432168960571,0.9988170347003155,0.19423357104516525
0.8487391471862793,0.9988193624557261,0.19461697722567287
0.8485680818557739,0.9988216810683425,0.1950003834061805
0.8483778238296509,0.9988239905919247,0.19538378958668814
0.8481569290161133,0.9988264441257009,0.19579275617922962
0.8480044007301331,0.9988287350338365,0.19617616235973723
0.847903847694397,0.9988310170151968,0.19655956854024487
0.8478003144264221,0.9988332901218564,0.1969429747207525
0.847638726234436,0.9988355544054859,0.19732638090126012
0.8475277423858643,0.9988378099173554,0.19770978708176776
0.8474184274673462,0.9988400567083388,0.1980931932622754
0.8472602963447571,0.998842294828917,0.198476599442783
0.847138524055481,0.9988445243291821,0.19886000562329065
0.8469218015670776,0.9988467452588417,0.1992434118037983
0.8467932939529419,0.9988489576672209,0.1996268179843059
0.8466639518737793,0.998851308232291,0.20003578457684737
0.8464770913124084,0.9988535031847133,0.200419190757355
0.8463250398635864,0.9988556897647807,0.20080259693786265
0.8461554050445557,0.9988578680203045,0.20118600311837026
0.845962643623352,0.9988600379987334,0.2015694092988779
0.8458477258682251,0.9988621997471555,0.20195281547938554
0.8457106351852417,0.9988643533123028,0.20233622165989315
0.8455774784088135,0.9988664987405541,0.2027196278404008
0.8453739285469055,0.9988686360779384,0.20310303402090843
0.8452582955360413,0.998870765370138,0.20348644020141604
0.8451247215270996,0.9988730277986476,0.2038954067939575
0.8450376987457275,0.9988751406074241,0.20427881297446515
0.8449335098266602,0.998877245508982,0.2046622191549728
0.8448502421379089,0.9988793425476279,0.2050456253354804
0.8447377681732178,0.9988814317673378,0.20542903151598804
0.8446007966995239,0.9988835132117603,0.20581243769649565
0.8445397019386292,0.9988855869242199,0.2061958438770033
0.8443844318389893,0.9988876529477196,0.20657925005751093
0.8442649841308594,0.9988897113249445,0.20696265623801854
0.8441299200057983,0.9988917620982638,0.20734606241852618
0.8439102172851562,0.9988938053097345,0.20772946859903382
0.8437401056289673,0.9988959764474975,0.2081384351915753
0.8435959815979004,0.9988980041630954,0.2085218413720829
0.8434418439865112,0.9989000244439012,0.20890524755259055
0.8433518409729004,0.9989020373307308,0.20928865373309818
0.8432198762893677,0.9989040428641013,0.2096720599136058
0.8430554270744324,0.9989060410842349,0.21005546609411344
0.8429616689682007,0.9989080320310604,0.21043887227462107
0.8428531289100647,0.998910015744217,0.2108222784551287
0.8427450060844421,0.998911992263056,0.21120568463563633
0.8425964713096619,0.9989139616266441,0.21158909081614397
0.8424542546272278,0.9989160544381549,0.21199805740868544
0.8423384428024292,0.9989180091368117,0.21238146358919305
0.8422245979309082,0.998919956798272,0.2127648697697007
0.8420913219451904,0.9989218974604696,0.21314827595020833
0.8419599533081055,0.9989238311610666,0.21353168213071594
0.8417631983757019,0.9989257579374552,0.21391508831122358
0.8415849208831787,0.9988085309186227,0.21427293407969736
0.8414431214332581,0.9988106565176023,0.214656340260205
0.8413188457489014,0.9988127745458862,0.21503974644071264
0.8411743640899658,0.9988148850438493,0.21542315262122025
0.8410688638687134,0.9988169880515794,0.2158065588017279
0.8409454822540283,0.9988192230487661,0.21621552539426936
0.8407909870147705,0.9988213107024988,0.216598931574777
0.8406479358673096,0.998823390987175,0.2169823377552846
0.8405028581619263,0.998825463941743,0.21736574393579225
0.8403695821762085,0.9988275296048775,0.21774915011629986
0.8401955366134644,0.9988295880149812,0.2181325562968075
0.8400478363037109,0.9988316392101881,0.21851596247731514
0.8399540185928345,0.9988336832283649,0.21889936865782275
0.8398189544677734,0.9988357201071137,0.2192827748383304
0.8396519422531128,0.9988377498837749,0.21966618101883803
0.8394904136657715,0.9988397725954287,0.22004958719934564
0.8393173217773438,0.9988419224088014,0.2204585537918871
0.8392232656478882,0.9988439306358381,0.22084195997239475
0.8390354514122009,0.9988459319099827,0.2212253661529024
0.838927149772644,0.9988479262672811,0.22160877233341
0.8388363718986511,0.9988499137435307,0.22199217851391764
0.8386822938919067,0.9988518943742825,0.22237558469442528
0.8384839296340942,0.9988538681948425,0.2227589908749329
0.838249683380127,0.9988558352402745,0.22314239705544053
0.8381335735321045,0.9988577955454027,0.22352580323594817
0.8380139470100403,0.9988597491448119,0.22390920941645578
0.8378828763961792,0.9988618256316868,0.22431817600899726
0.8377783894538879,0.9988637654811953,0.2247015821895049
0.837630033493042,0.9988656987295825,0.22508498837001253
0.8375157117843628,0.9988676254104858,0.22546839455052015
0.8373925089836121,0.998869545557314,0.22585180073102779
0.8372610807418823,0.9988714592032502,0.22623520691153542
0.8370591402053833,0.9988733663812528,0.22661861309204304
0.8369801044464111,0.998875267124058,0.22700201927255068
0.8368198275566101,0.9988771614641815,0.22738542545305832
0.8366482257843018,0.9988790494339199,0.22776883163356593
0.8364653587341309,0.9988809310653536,0.22815223781407357
0.836330235004425,0.9988829311885612,0.22856120440661504
0.8361274003982544,0.9987732798037248,0.22891905017508882
0.8359661102294922,0.9987753284346471,0.22930245635559646
0.8358659744262695,0.9987773702345226,0.22968586253610407
0.8357471823692322,0.9987794052374611,0.2300692687166117
0.835573673248291,0.9987814334773457,0.23045267489711935
0.835458517074585,0.9987834549878345,0.23083608107762696
0.8352878093719482,0.9987854698023628,0.2312194872581346
0.8351324796676636,0.9987874779541446,0.23160289343864224
0.8349877595901489,0.9987894794761748,0.23198629961914985
0.8347384929656982,0.998791607162474,0.23239526621169132
0.834568977355957,0.9987935950866418,0.23277867239219896
0.8344380855560303,0.9987955764808935,0.2331620785727066
0.8343123197555542,0.9987975513773503,0.2335454847532142
0.8340911269187927,0.9987995198079231,0.23392889093372185
0.8340014815330505,0.9988014818043147,0.2343122971142295
0.8338901996612549,0.9986946589796585,0.23467014288270327
0.8337886333465576,0.9986967854039965,0.2350535490632109
0.8336129188537598,0.9986989049116339,0.23543695524371852
0.8334609270095825,0.9987010175362633,0.23582036142422616
0.8332905769348145,0.9987031233113585,0.2362037676047338
0.8331106901168823,0.9987053619592189,0.23661273419727527
0.8329979181289673,0.998707453683757,0.23699614037778288
0.832815408706665,0.998709538660071,0.23737954655829052
0.8326106071472168,0.9987116169207645,0.23776295273879816
0.8324846625328064,0.9987136884982313,0.23814635891930577
0.8323080539703369,0.9987157534246576,0.2385297650998134
0.8322038054466248,0.9987178117320227,0.23891317128032105
0.8321214318275452,0.9987198634521015,0.23929657746082866
0.8319007754325867,0.998721908616466,0.2396799836413363
0.8317276239395142,0.9987239472564866,0.24006338982184391
0.8316059112548828,0.9987259794033337,0.24044679600235155
0.8314956426620483,0.9987281399046105,0.24085576259489302
0.8313918113708496,0.9986243386243386,0.2412136083633668
0.831269383430481,0.9986265187533017,0.24159701454387444
0.8311553001403809,0.9986286919831223,0.24198042072438208
0.8309990763664246,0.9986308583464981,0.2423638269048897
0.8309038877487183,0.9986330178759201,0.24274723308539733
0.8307887315750122,0.9986351706036746,0.24313063926590497
0.8305568695068359,0.9986373165618448,0.24351404544641259
0.8304480314254761,0.998639455782313,0.24389745162692023
0.8302674293518066,0.9986415882967608,0.24428085780742786
0.830201268196106,0.9986438556227832,0.24468982439996934
0.8300763964653015,0.998645974377669,0.24507323058047695
0.8299716711044312,0.9986480865224625,0.2454566367609846
0.829805850982666,0.9986501920880491,0.24584004294149223
0.8296394348144531,0.9986522911051213,0.24622344912199984
0.8295049667358398,0.9986543836041818,0.24660685530250748
0.8293341398239136,0.9986564696155437,0.24699026148301512
0.8291551470756531,0.9986585491693324,0.24737366766352273
0.829079270362854,0.9986606222954874,0.24775707384403037
0.8289768099784851,0.998662689023763,0.248140480024538
0.8288449645042419,0.9986647493837305,0.24852388620504562
0.8287509679794312,0.9985643970467596,0.24890729238555326
0.8286532163619995,0.9985666018224634,0.2492906985660609
0.8284010887145996,0.9985687998364343,0.2496741047465685
0.8282495737075806,0.9985709911197306,0.2500575109270761
0.8280208110809326,0.9985731757032206,0.25044091710758376
0.8278639316558838,0.9985753536175842,0.2508243232880914
0.8277340531349182,0.9985775248933144,0.25120772946859904
0.827627420425415,0.9985796895607183,0.2515911356491067
0.8274544477462769,0.998581847649919,0.2519745418296143
0.8272901773452759,0.9985839991908567,0.2523579480101219
0.8271135091781616,0.9985862869837423,0.2527669146026634
0.8269600868225098,0.9985884250857028,0.253150320783171
0.8267614841461182,0.9985905567300916,0.25353372696367865
0.8266127109527588,0.9985926819461198,0.2539171331441863
0.8264323472976685,0.9985948007628225,0.25430053932469393
0.8262996673583984,0.99859691320906,0.25468394550520157
0.8260941505432129,0.9985990193135195,0.25506735168570915
0.8259581327438354,0.9986011191047163,0.2554507578662168
0.8257479667663574,0.9986032126109947,0.25583416404672443
0.8255961537361145,0.9985056784219964,0.25619200981519824
0.8254406452178955,0.9985079080871382,0.2565754159957058
0.8253055810928345,0.9985102790743867,0.2569843825882473
0.8251813650131226,0.9985124950416502,0.25736778876875493
0.8249179720878601,0.9985147044261808,0.2577511949492626
0.8247159123420715,0.9985169072572672,0.2581346011297702
0.8245083093643188,0.9985191035640241,0.25851800731027785
0.8243535757064819,0.9985212933753943,0.2589014134907855
0.8241727948188782,0.9985234767201496,0.2592848196712931
0.8239989280700684,0.998525653626892,0.2596682258518007
0.8238563537597656,0.9985278241240554,0.26005163203230836
0.8237282037734985,0.9985299882399059,0.260435038212816
0.8236334323883057,0.9985322896281801,0.26084400480535747
0.823531448841095,0.9985344406448461,0.2612274109858651
0.8233613967895508,0.9985365853658537,0.26161081716637274
0.8231917023658752,0.9985387238188017,0.26199422334688033
0.8229761123657227,0.9985408560311284,0.26237762952738797
0.8228616118431091,0.9985429820301117,0.2627610357078956
0.8227602243423462,0.9984481086323957,0.2631188814763694
0.8226649761199951,0.9984503631961259,0.26350228765687705
0.8225041031837463,0.9984526112185687,0.26388569383738464
0.8222965002059937,0.9984548527281506,0.2642691000178923
0.8221824169158936,0.998457087753134,0.2646525061983999
0.821976900100708,0.9984594646639707,0.2650614727909414
0.8218134641647339,0.9984616863763099,0.265444878971449
0.8216158747673035,0.9984639016897081,0.26582828515195667
0.8214715719223022,0.9984661106317707,0.2662116913324643
0.821346640586853,0.9984683132299444,0.2665950975129719
0.8211812973022461,0.9984705095115189,0.26697850369347953
0.8210489749908447,0.9984726995036274,0.26736190987398717
0.8209011554718018,0.9984748832332475,0.2677453160544948
0.8207787275314331,0.9984770607272035,0.26812872223500245
0.8206331729888916,0.9984792320121662,0.26851212841551003
0.8204656839370728,0.9984813971146546,0.26889553459601767
0.8203130960464478,0.9984836997725549,0.26930450118855914
0.8202050924301147,0.9984858521813192,0.2696879073690668
0.8200507164001465,0.9984879984879985,0.2700713135495744
0.8198272585868835,0.9984901387185052,0.27045471973008206
0.8197226524353027,0.9984922728986053,0.2708381259105897
0.8195205926895142,0.9984944010539193,0.2712215320910973
0.8193290829658508,0.998496523209923,0.2716049382716049
0.8191968202590942,0.9984986393919489,0.27198834445211256
0.8190762996673584,0.9985007496251874,0.2723717506326202
0.8189443349838257,0.998502853934687,0.27275515681312784
0.8187930583953857,0.9984116602821639,0.2731385629936355
0.8186289072036743,0.9984138831871617,0.27352196917414306
0.8185049295425415,0.9984160998788782,0.2739053753546507
0.8182852864265442,0.9984183103833272,0.27428878153515834
0.8181970119476318,0.9984205147263774,0.274672187715666
0.8179912567138672,0.998422712933754,0.2750555938961736
0.817797064781189,0.9984249050310386,0.27543900007668126
0.8176426291465759,0.9984270910436713,0.27582240625718885
0.8175420761108398,0.9984292709969509,0.2762058124376965
0.8173319697380066,0.9984314449160362,0.2765892186182041
0.8171405792236328,0.9983414724039437,0.27694706438667793
0.8169357180595398,0.998343913883522,0.2773560309792194
0.8168163299560547,0.9982543182653436,0.27771387674769316
0.8166002035140991,0.9982567208000734,0.2780972829282008
0.8165320158004761,0.9982591167308045,0.27848068910870843
0.8164333701133728,0.9982615060847287,0.2788640952892161
0.8163093328475952,0.9982638888888888,0.2792475014697237
0.8161985278129578,0.9982662651701798,0.2796309076502313
0.8160231113433838,0.998268634955349,0.28001431383073894
0.815889835357666,0.9982709982709983,0.2803977200112466
0.8156628608703613,0.9982733551435842,0.2807811261917542
0.8155534267425537,0.9982758620689656,0.2811900927842957
0.815482497215271,0.9982782057091074,0.2815734989648033
0.815354585647583,0.9981900452488688,0.2819313447332771
0.8151600360870361,0.9981924988703118,0.2823147509137847
0.8149778842926025,0.9981046931407942,0.2826725966822585
0.8148285150527954,0.9981072555205047,0.28305600286276617
0.8146424293518066,0.9981098109810981,0.2834394090432738
0.814453125,0.9981123595505618,0.2838228152237814
0.8143268823623657,0.9981149012567325,0.28420622140428903
0.8141611218452454,0.9981174361272972,0.28458962758479667
0.8140295743942261,0.9981199641897941,0.2849730337653043
0.8138765096664429,0.9981226533166458,0.2853820003578458
0.8137367963790894,0.9981251673957683,0.2857654065383534
0.8135828375816345,0.9981276747503567,0.286148812718861
0.8134070634841919,0.9980411361410382,0.2865066584873348
0.8133310079574585,0.9980437488884937,0.28689006466784245
0.8131523132324219,0.9980463546754285,0.2872734708483501
0.8130022287368774,0.9980489535296204,0.2876568770288577
0.8128798007965088,0.9980515454786999,0.2880402832093653
0.8126480579376221,0.9980541305501504,0.28842368938987295
0.8124933242797852,0.9980567087713099,0.2888070955703806
0.8123877048492432,0.9980594513539737,0.28921606216292206
0.8121917843818665,0.998062015503876,0.2895994683434297
0.8120577335357666,0.9980645728864256,0.28998287452393734
0.8118473291397095,0.9980671235283781,0.290366280704445
0.8115994930267334,0.9980696674563482,0.29074968688495256
0.8114919662475586,0.9980722046968104,0.2911330930654602
0.8112390041351318,0.9980747352761005,0.29151649924596784
0.8110780119895935,0.998077259220416,0.2918999054264755
0.8109737634658813,0.9980797765558174,0.2922833116069831
0.8107983469963074,0.9980822873082287,0.29266671778749076
0.8106253147125244,0.9980847915034387,0.29305012396799834
0.8104312419891357,0.9980874554464053,0.2934590905605398
0.8102649450302124,0.9980899461712103,0.29384249674104745
0.810150146484375,0.9980924304170641,0.2942259029215551
0.8100535869598389,0.9980083131278144,0.2945837486900289
0.8098316788673401,0.9980108968260832,0.2949671548705365
0.8096820116043091,0.998013473829677,0.2953505610510441
0.8094754219055176,0.997929785215216,0.29570840681951793
0.809248685836792,0.9979324603721571,0.29609181300002557
0.8090685606002808,0.9979351286242795,0.2964752191805332
0.8089264631271362,0.9979377899982815,0.2968586253610408
0.8087491989135742,0.9979404445207243,0.29724203154154843
0.8086071014404297,0.9979432684891593,0.2976509981340899
0.8084262609481812,0.9979459089352961,0.29803440431459755
0.8082429766654968,0.9979485426104795,0.2984178104951052
0.8080675601959229,0.9979511695407205,0.2988012166756128
0.8079349398612976,0.997953789751897,0.29918462285612046
0.8078201413154602,0.9979564032697548,0.29956802903662805
0.8076581954956055,0.9977889276299005,0.299900314393068
0.8076059818267822,0.9977068116188211,0.30025816016154183
0.8074744939804077,0.9977097294087709,0.3006415663420494
0.8072488307952881,0.9977126397831244,0.30102497252255705
0.8071136474609375,0.9977157360406091,0.3014339391150985
0.8069894313812256,0.9977186311787072,0.30181734529560617
0.8068220615386963,0.9977215189873417,0.3022007514761138
0.8066909909248352,0.997724399494311,0.30258415765662144
0.806546688079834,0.9977272727272727,0.30296756383712903
0.8063817024230957,0.9977301387137453,0.30335097001763667
0.8062206506729126,0.9976490344248531,0.3037088157861105
0.8059864044189453,0.9976519916142558,0.3040922219666181
0.8057606220245361,0.9976549413735344,0.30447562814712575
0.8056290745735168,0.9975742367210372,0.3048334739155995
0.8054540157318115,0.9974937343358395,0.3051913196840733
0.8052847981452942,0.997497079926581,0.3056002862766148
0.8050607442855835,0.9973335555370386,0.3059325716330547
0.8049032688140869,0.9973368841544608,0.30631597781356235
0.804807186126709,0.9973402044717812,0.30669938399407
0.8046866655349731,0.9973435165200066,0.3070827901745776
0.8044443130493164,0.9973468203299892,0.30746619635508526
0.8042234778404236,0.9972673070553163,0.307824042123559
0.8040791749954224,0.9972706972128029,0.30820744830406666
0.803943932056427,0.9971914753015034,0.30856529407254046
0.80363929271698,0.9971949509116409,0.3089487002530481
0.8035157322883606,0.9971986487599901,0.3093576668455896
0.8033555746078491,0.9972021066491112,0.30974107302609716
0.8031272888183594,0.9972055560121641,0.3101244792066048
0.803006649017334,0.9971269085536036,0.3104823249750786
0.8029220104217529,0.9971304419119456,0.31086573115558624
0.8027849197387695,0.9971339665902391,0.3112491373360939
0.8026018142700195,0.9971374826204302,0.31163254351660147
0.8024129867553711,0.9971409900343081,0.3120159496971091
0.8021578788757324,0.9971444888635066,0.31239935587761675
0.8019719123840332,0.9971479791395046,0.3127827620581244
0.8017939329147339,0.9971514608936274,0.313166168238632
0.8015274405479431,0.9971551654068114,0.3135751348311735
0.8013031482696533,0.9971586296476701,0.31395854101168114
0.8010565042495728,0.9971620854617692,0.3143419471921887
0.8008559942245483,0.9971655328798186,0.31472535337269636
0.800743579864502,0.9971689719323789,0.315108759553204
0.8005861043930054,0.9971724026498626,0.31549216573371164
0.800425112247467,0.9971758250625353,0.3158755719142193
0.8002796173095703,0.9970986460348162,0.31623341768269303
0.800175666809082,0.9971021492393142,0.31661682386320067
0.7999410629272461,0.9971056439942113,0.3170002300437083
0.7997490167617798,0.9971093624538301,0.3174091966362498
0.7996118068695068,0.9971128398428102,0.3177926028167574
0.7993835210800171,0.9970362063441205,0.31815044858523117
0.7991727590560913,0.9970397631810545,0.3185338547657388
0.7990632057189941,0.9970433114911299,0.31891726094624645
0.7988543510437012,0.9970468513049725,0.3193006671267541
0.7987499237060547,0.9970503826530612,0.31968407330726173
0.7985178232192993,0.9970539055657297,0.32006747948776937
0.7982672452926636,0.9969778908859551,0.3204253252562431
0.7980995178222656,0.9969814917785368,0.32080873143675076
0.7979543209075928,0.9969850841002856,0.3211921376172584
0.7977884411811829,0.9969889064976228,0.32160110420979987
0.7975845336914062,0.9969924812030075,0.3219845103903075
0.797421932220459,0.99699604743083,0.3223679165708151
0.7971129417419434,0.996999605211212,0.32275132275132273
0.7969003319740295,0.9969242902208202,0.32310916851979654
0.7966341972351074,0.996927924379677,0.3234925747003042
0.7964872121810913,0.996852871754524,0.32385042046877793
0.7963607311248779,0.9968565815324165,0.3242338266492856
0.7960686683654785,0.9968602825745683,0.3246172328297932
0.7959058284759521,0.9968639749117993,0.32500063901030085
0.7957581281661987,0.9968676585747847,0.3253840451908085
0.7955377101898193,0.9967933677459722,0.32576745137131613
0.7952404022216797,0.9967971252245919,0.3261508575518237
0.7950995564460754,0.9968008739076155,0.32653426373233135
0.7948012948036194,0.9968046138258905,0.326917669912839
0.7946984767913818,0.9968083450101198,0.32730107609334663
0.7944592237472534,0.9968120674908638,0.32768448227385427
0.7942963242530823,0.9968157812985399,0.3280678884543619
0.7941138744354248,0.9968194864634241,0.3284512946348695
0.7939531803131104,0.9968231830156516,0.32883470081537713
0.7938147187232971,0.9968268709852178,0.3292181069958848
0.7936310768127441,0.9968307953930586,0.32962707358842624
0.7934799194335938,0.99683446571958,0.3300104797689339
0.7932705879211426,0.9968381275545616,0.3303938859494415
0.7931497097015381,0.996841780927438,0.3307772921299491
0.792934775352478,0.9968454258675079,0.33116069831045675
0.7927424311637878,0.9968490624039348,0.3315441044909644
0.7925596237182617,0.9968526905657481,0.331927510671472
0.7923692464828491,0.9968563103818433,0.33231091685197967
0.792174220085144,0.9968599218809834,0.3326943230324873
0.7920337915420532,0.9967870257037944,0.33305216880096106
0.7918462753295898,0.9967907083365172,0.3334355749814687
0.7914789319038391,0.9967183087842478,0.33381898116197634
0.7913092374801636,0.9967220612898308,0.334202387342484
0.7910953760147095,0.9967258052234829,0.3345857935229916
0.7909083366394043,0.9967295406145421,0.3349691997034992
0.7907442450523376,0.996733267492213,0.33535260588400684
0.790516197681427,0.9967369858855668,0.3357360120645145
0.7901817560195923,0.9967406958235427,0.3361194182450221
0.7900167107582092,0.9967443973349485,0.33650282442552976
0.7899031639099121,0.996748090448461,0.3368862306060374
0.7897048592567444,0.9967517751926273,0.337269636786545
0.789465069770813,0.9967556963935416,0.33767860337908645
0.7893224954605103,0.9967593639309669,0.3380620095595941
0.7890491485595703,0.9966124661246613,0.33839429491603407
0.7888144254684448,0.9966162869388676,0.33877770109654165
0.7886086106300354,0.9966200991437585,0.3391611072770493
0.7884089946746826,0.9966239027683997,0.33954451345755693
0.7881882190704346,0.9964778177458034,0.3398767988139969
0.7880384922027588,0.9964817725877686,0.3402602049945045
0.7879502773284912,0.9964857185583968,0.34064361117501213
0.7878208160400391,0.9964896556875047,0.34102701735551977
0.7876608371734619,0.9964935840047747,0.3414104235360274
0.7874982953071594,0.9964977645305514,0.3418193901285689
0.7872000932693481,0.9965016747301824,0.3422027963090765
0.7870593070983887,0.9965055762081785,0.34258620248958416
0.7868393659591675,0.9965094689936873,0.34296960867009174
0.7865781188011169,0.996513353115727,0.3433530148505994
0.7864360809326172,0.9965172286031864,0.343736421031107
0.7861255407333374,0.996521095484826,0.34411982721161466
0.7857940196990967,0.9965249537892791,0.3445032333921223
0.7856287360191345,0.9965288035450517,0.34488663957262994
0.7855329513549805,0.9965326447805238,0.3452700457531375
0.7854002714157104,0.9965364775239499,0.34565345193364516
0.785244345664978,0.9965405564551745,0.34606241852618663
0.785048246383667,0.9965443717373722,0.34644582470669427
0.784890353679657,0.996548178613396,0.3468292308872019
0.7847121953964233,0.996551977110997,0.34721263706770955
0.7845208644866943,0.9965557672578045,0.34759604324821713
0.7842830419540405,0.9965595490813264,0.3479794494287248
0.7840917706489563,0.99656332260895,0.3483628556092324
0.7839099168777466,0.9965670878679425,0.34874626178974005
0.783708930015564,0.9965708448854517,0.3491296679702477
0.7834663391113281,0.9965745936885066,0.34951307415075533
0.7832480669021606,0.9965057872898012,0.3498964803312629
0.7830302715301514,0.9965095986038395,0.35027988651177056
0.7829257249832153,0.9964407641461466,0.35063773228024436
0.7827137112617493,0.9964446379335365,0.351021138460752
0.7825166583061218,0.9964485032978183,0.35140454464125964
0.7823165655136108,0.996452360266435,0.3517879508217672
0.7821247577667236,0.9963838865986837,0.35214579659024103
0.7819191217422485,0.996387805230458,0.3525292027707487
0.7817999124526978,0.996391715378509,0.3529126089512563
0.7816099524497986,0.9963956170703575,0.3532960151317639
0.7814104557037354,0.9963995103334053,0.35367942131227154
0.7812131643295288,0.9964036538876502,0.354088387904813
0.7809919714927673,0.9964075298175025,0.35447179408532065
0.7807967066764832,0.9964113974018517,0.3548552002658283
0.7805770635604858,0.9964152566676227,0.3552386064463359
0.7803628444671631,0.9964191076416243,0.35562201262684356
0.7802144289016724,0.9964229503505508,0.35600541880735115
0.780021071434021,0.9964267848209819,0.3563888249878588
0.7798645496368408,0.9964306110793832,0.3567722311683664
0.7796257734298706,0.9964344291521072,0.35715563734887407
0.7794672846794128,0.996438239065394,0.3575390435293817
0.7792930603027344,0.9964422940088231,0.3579480101219232
0.7791075706481934,0.9964460871419433,0.3583314163024308
0.7789209485054016,0.996449872195399,0.3587148224829384
0.7787091732025146,0.9964536491949784,0.35909822866344604
0.7785958647727966,0.9964574181663597,0.3594816348439537
0.7784364223480225,0.9964611791351122,0.3598650410244613
0.7783606052398682,0.9964649321266968,0.36024844720496896
0.7781745195388794,0.9964686771664666,0.3606318533854766
0.7779606580734253,0.9964018625652603,0.36098969915395035
0.7777568101882935,0.9964056663612658,0.361373105334458
0.777544379234314,0.9964094621233456,0.36175651151496563
0.7773513793945312,0.9964135021097047,0.3621654781075071
0.7771373987197876,0.9964172813487882,0.36254888428801474
0.7769290208816528,0.996421052631579,0.3629322904685224
0.7768157720565796,0.9964248159831756,0.36331569664902996
0.776470422744751,0.9964285714285714,0.3636991028295376
0.7763522863388062,0.9964323189926547,0.36408250901004524
0.7761354446411133,0.9964360587002097,0.3644659151905529
0.7759561538696289,0.9964397905759163,0.3648493213710605
0.775795578956604,0.9964435146443514,0.3652327275515681
0.7756398916244507,0.9964472309299895,0.36561613373207574
0.7754703760147095,0.99645118641709,0.3660251003246172
0.7752712965011597,0.9964548866953983,0.36640850650512485
0.7751303315162659,0.9964585792653288,0.3667919126856325
0.7749221920967102,0.9964622641509434,0.36717531886614013
0.7747349739074707,0.996465941376204,0.36755872504664777
0.7745203971862793,0.996469610964973,0.36794213122715536
0.7743983268737793,0.9964732729410137,0.368325537407663
0.7742863893508911,0.9964769273279912,0.36870894358817063
0.7740015387535095,0.9964805741494721,0.3690923497686783
0.7737255096435547,0.9963463394457466,0.3694246351251182
0.773555338382721,0.996350113628538,0.36980804130562583
0.7733548879623413,0.99635413083855,0.3702170078981673
0.7732025384902954,0.9963578889499725,0.37060041407867494
0.7731117606163025,0.9963616393217547,0.3709838202591826
0.7729302048683167,0.9963653819777808,0.3713672264396902
0.7727179527282715,0.9963691169418374,0.37175063262019786
0.7725718021392822,0.996372844237613,0.37213403880070545
0.7724539637565613,0.996376563888699,0.3725174449812131
0.7722634077072144,0.9963802759185904,0.3729008511617207
0.7720882296562195,0.9963839803506856,0.37328425734222836
0.7718831896781921,0.996319520174482,0.3736421031107021
0.771714448928833,0.996323279090352,0.37402550929120976
0.7715030908584595,0.9963272801469087,0.3744344758837512
0.7713595628738403,0.9963310232368529,0.37481788206425887
0.7711988687515259,0.9962668838661508,0.3751757278327327
0.7710222005844116,0.9962706807702739,0.3755591340132403
0.7708343267440796,0.9962744699586805,0.3759425401937479
0.770649790763855,0.9962782514548654,0.37632594637425554
0.7704403400421143,0.996214425741905,0.37668379214272935
0.7702364921569824,0.9962182603997839,0.377067198323237
0.7701319456100464,0.9962220872967685,0.3774506045037446
0.7698521614074707,0.9962259064563957,0.3778340106842522
0.7697069048881531,0.9962299717247879,0.3782429772767937
0.7695696353912354,0.9962337749680543,0.3786263834573013
0.7694109678268433,0.9961703843052943,0.3789842292257751
0.7691406011581421,0.9961742398818713,0.37936763540628277
0.7689521312713623,0.9961780877028296,0.3797510415867904
0.7687839269638062,0.9961819277915467,0.380134447767298
0.7686020135879517,0.9961188436830836,0.3804922935357718
0.7685165405273438,0.9960558860886423,0.3808501393042456
0.7682362794876099,0.9960598370508882,0.3812335454847532
0.7679948210716248,0.9960637801054106,0.38161695166526083
0.7678802609443665,0.9960677152759264,0.38200035784576847
0.7675557136535645,0.9960719041278295,0.38240932443830994
0.7673591375350952,0.9960758230794812,0.3827927306188176
0.7671819925308228,0.9960797342192691,0.3831761367993252
0.7669169902801514,0.9960836375705278,0.38355954297983286
0.7667290568351746,0.9960212201591512,0.3839173887483066
0.7664196491241455,0.996025173898642,0.38430079492881425
0.7662523984909058,0.9960291197882197,0.3846842011093219
0.7660436034202576,0.9959669421487604,0.3850420468777957
0.7658448219299316,0.9959709379128138,0.3854254530583033
0.7655912041664124,0.9959749257670736,0.3858088592388109
0.7654102444648743,0.9959791707863688,0.3862178258313524
0.7653040885925293,0.9959831423679705,0.38660123201186003
0.7651494145393372,0.99598710611144,0.38698463819236767
0.7649043798446655,0.9959910620399579,0.3873680443728753
0.7647697925567627,0.9959950101766135,0.38775145055338295
0.764573335647583,0.9959333595697232,0.3881092963218567
0.76429283618927,0.9959373566607693,0.38849270250236434
0.7640624642372131,0.9959413459020686,0.388876108682872
0.7638856172561646,0.9958799293702177,0.38923395445134573
0.7636415958404541,0.9958839670717365,0.38961736063185337
0.763422966003418,0.9958879968670452,0.390000766812361
0.7632339596748352,0.9958922866271109,0.3904097334049025
0.7631121277809143,0.9958963001563315,0.3907931395854101
0.7628985643386841,0.9959003058501985,0.39117654576591776
0.7626945972442627,0.9959043037316344,0.3915599519464254
0.7625248432159424,0.9958433461063844,0.39191779771489915
0.7623541355133057,0.9957825071372957,0.39227564348337296
0.7621867656707764,0.9957866078952486,0.3926590496638806
0.7619852423667908,0.9957907006864396,0.39304245584438824
0.7617833018302917,0.9957947855340622,0.3934258620248958
0.7615574598312378,0.9957988624612203,0.39380926820540346
0.7613319158554077,0.9958032024793388,0.39421823479794493
0.7611004114151001,0.9958072631103657,0.3946016409784526
0.7608817219734192,0.9958113158912231,0.3949850471589602
0.7605375051498413,0.9958153608446533,0.39536845333946785
0.7603129148483276,0.995819397993311,0.39575185951997544
0.7600218653678894,0.9958234273597636,0.3961352657004831
0.7597978115081787,0.9958274489664912,0.3965186718809907
0.7596142292022705,0.9957673314949016,0.3968765176494645
0.759341299533844,0.9957713992824193,0.39725992382997216
0.7591099739074707,0.9957754592587851,0.39764333001047975
0.7588902711868286,0.995715564650211,0.39800117577895355
0.7586115598678589,0.9957199437843363,0.398410142371495
0.7583861947059631,0.9956602208181761,0.39876798813996883
0.758226752281189,0.9956643713338434,0.39915139432047647
0.7580785155296326,0.995668513918084,0.39953480050098406
0.7579402923583984,0.9956726485936108,0.3999182066814917
0.7577705979347229,0.9956767753830504,0.40030161286199933
0.7575442790985107,0.9956808943089431,0.400685019042507
0.7573755979537964,0.9956850053937433,0.4010684252230146
0.7572065591812134,0.99568910865982,0.40145183140352225
0.7569721937179565,0.9956932041294572,0.40183523758402984
0.7568284273147583,0.9956972918248544,0.4022186437645375
0.7566938400268555,0.9957016434892542,0.40262761035707895
0.7565040588378906,0.9955794126934007,0.4029598957135189
0.7563702464103699,0.9953943217665615,0.403266620657925
0.7561593055725098,0.9953986763315474,0.40365002683843265
0.7559947371482849,0.9953400503778338,0.4040078726069064
0.7557515501976013,0.9952815350739226,0.4043657183753802
0.7556230425834656,0.9952859836580766,0.40474912455588785
0.7554342746734619,0.9952904238618524,0.4051325307363955
0.7551981210708618,0.9952948557089084,0.4055159369169031
0.7549209594726562,0.9952992792228141,0.4058993430974107
0.754797101020813,0.9952413749921734,0.40628274927791835
0.7545866966247559,0.9952458401100963,0.406666155458426
0.7544598579406738,0.9952502968564465,0.40704956163893363
0.754262387752533,0.9952547452547452,0.40743296781944127
0.7539990544319153,0.9952591853284262,0.40781637399994886
0.7538682222366333,0.9952636171008351,0.4081997801804565
0.7536711692810059,0.9952680405952307,0.40858318636096413
0.7535353899002075,0.9952102513062951,0.40894103212943794
0.7533630132675171,0.9952147163010379,0.4093244383099456
0.7531917095184326,0.9951570843164038,0.40968228407841933
0.7529729008674622,0.9951615904720551,0.410065690258927
0.7527986168861389,0.9950424490301791,0.4104235360274008
0.7526577711105347,0.995047052996533,0.41080694220790837
0.7525319457054138,0.9950516484196202,0.411190348388416
0.7523202300071716,0.9950562353231986,0.41157375456892364
0.7519654035568237,0.9950608137309378,0.4119571607494313
0.7517045736312866,0.99506538366642,0.4123405669299389
0.7514752149581909,0.9950699451531398,0.41272397311044656
0.7512868642807007,0.9950744982145056,0.41310737929095415
0.7510559558868408,0.995079042873839,0.4134907854714618
0.7507602572441101,0.9950835791543756,0.4138741916519694
0.7504918575286865,0.9950270137524558,0.41425759783247706
0.7503088712692261,0.995031589278047,0.4146410040129847
0.7500876188278198,0.9950361563917147,0.41502441019349234
0.7498579621315002,0.9949794893773343,0.4153822559619661
0.7496379613876343,0.9949229263518473,0.4157401017304399
0.749427855014801,0.9949275805170201,0.41612350791094754
0.7491456270217896,0.9949322261570399,0.4165069140914551
0.7490078210830688,0.994936863295309,0.41689032027196277
0.7488667964935303,0.9949414919551438,0.4172737264524704
0.7485464811325073,0.9949461121597759,0.41765713263297805
0.7482312917709351,0.9949507239323518,0.4180405388134857
0.7480258941650391,0.9949556338884162,0.41844950540602716
0.7477802038192749,0.9949602283077297,0.4188329115865348
0.7476434707641602,0.9949648143654453,0.4192163177670424
0.7474059462547302,0.9949693920843687,0.41959972394755
0.7472465634346008,0.9949134068063461,0.4199575697160238
0.7470991015434265,0.9948575231411458,0.42031541548449763
0.7468628287315369,0.9948017408123792,0.4206732612529714
0.7466075420379639,0.9948064496648348,0.421056667433479
0.7464292645454407,0.9948111499939665,0.42144007361398667
0.7461578845977783,0.9947555609138585,0.4217979193824604
0.7459071278572083,0.9947606142728094,0.42220688597500194
0.7457175850868225,0.9947653429602888,0.42259029215550953
0.7455015182495117,0.9947700631199279,0.42297369833601717
0.7453817129135132,0.9947747747747748,0.4233571045165248
0.7452210187911987,0.9947794779477948,0.42374051069703245
0.745028018951416,0.9947841726618705,0.4241239168775401
0.7447556257247925,0.9947888589398023,0.42450732305804767
0.7446008324623108,0.9947336923997606,0.4248651688265215
0.7443395853042603,0.9947384155455904,0.4252485750070291
0.7441806197166443,0.9946833930704898,0.4256064207755029
0.7440226078033447,0.9946881527902118,0.4259898269560105
0.7437402009963989,0.9946932204400453,0.426398793548552
0.7435042262077332,0.9946979625878708,0.4267821997290596
0.7432644367218018,0.9947026962680793,0.42716560590956726
0.7430287599563599,0.9947074215033301,0.4275490120900749
0.7427086234092712,0.9946527241399798,0.4279068578585487
0.742499589920044,0.9945981241837825,0.42826470362702246
0.7422846555709839,0.9946029298380878,0.4286481098075301
0.7420235872268677,0.9945484712017065,0.4290059555760039
0.741835355758667,0.9945533124148955,0.4293893617565115
0.7415896058082581,0.9945581450372649,0.42977276793701913
0.7413720488548279,0.9945629690916612,0.43015617411752677
0.7411482334136963,0.9945090629981697,0.4305395802980344
0.740932047367096,0.9945139216611609,0.43092298647854205
0.7407288551330566,0.9944598337950139,0.4312808322470158
0.7405332326889038,0.9944647273583794,0.43166423842752344
0.7402081489562988,0.9944696122845208,0.4320476446080311
0.7400370240211487,0.994474488596285,0.4324310507885387
0.7398830652236938,0.9944793563164386,0.43281445696904636
0.7397359013557434,0.9944842154676681,0.433197863149554
0.7394437789916992,0.9944890660725801,0.4335812693300616
0.7392928004264832,0.994493908153702,0.4339646755105692
0.7390717267990112,0.994499063670412,0.4343736421031107
0.7388503551483154,0.9945038882067474,0.43475704828361833
0.7386668920516968,0.9945087042878841,0.43514045446412597
0.7384784817695618,0.9945135119360299,0.4355238606446336
0.738276481628418,0.9944016794961511,0.43585614600107353
0.7380762100219727,0.9944065722775739,0.43623955218158117
0.7379105091094971,0.994411456514146,0.4366229583620888
0.737708568572998,0.9943581690222765,0.43698080413056256
0.7375073432922363,0.9943630869363087,0.4373642103110702
0.7372851371765137,0.9943679962840388,0.43774761649157784
0.7369992136955261,0.9943728970878292,0.4381310226720855
0.7368432283401489,0.9943781152196592,0.43853998926462695
0.7366940975189209,0.9943829984365047,0.4389233954451346
0.7364304661750793,0.9943878731775052,0.43930680162564223
0.7361631989479065,0.994392739464709,0.4396902078061498
0.7359631061553955,0.9943975973200878,0.44007361398665745
0.7356634140014648,0.9944024467655376,0.4404570201671651
0.7354868650436401,0.9944072878228782,0.44084042634767273
0.735325276851654,0.9944121205138545,0.44122383252818037
0.7351697683334351,0.9943593875906527,0.4415816782966541
0.734890341758728,0.9943067456437978,0.44193952406512793
0.7346623539924622,0.9943119793162885,0.4423484906576694
0.7344421148300171,0.9942020665901263,0.4426807760141093
0.7342255711555481,0.9942070547748781,0.44306418219461696
0.7340583801269531,0.9942120343839541,0.4434475883751246
0.7337684631347656,0.9942170054394504,0.44383099455563224
0.7335948944091797,0.9942219679633867,0.4442144007361399
0.7334089875221252,0.9941697627893684,0.44457224650461363
0.7332189083099365,0.9941176470588236,0.44493009227308744
0.7329919338226318,0.9941226818830242,0.4453134984535951
0.7327300310134888,0.9941277080957811,0.4456969046341027
0.7324705123901367,0.9941327257191683,0.44608031081461036
0.7322772741317749,0.9940811564509704,0.44646371699511794
0.7319654822349548,0.9940862049357443,0.4468471231756256
0.7317076921463013,0.9940344298619397,0.4472049689440994
0.7315799593925476,0.9939827429609446,0.44756281471257314
0.7313685417175293,0.9939878622880154,0.4479462208930808
0.7311486005783081,0.9939929729117081,0.4483296270735884
0.7308569550514221,0.9939980748541986,0.44871303325409606
0.7306730151176453,0.9940031681375877,0.4490964394346037
0.7305287718772888,0.9940082527839014,0.44947984561511134
0.7302742600440979,0.994013328815091,0.4498632517956189
0.7300820350646973,0.9940183962530331,0.45024665797612656
0.7298492193222046,0.9939110334329369,0.45060450374460037
0.7297447323799133,0.9939161784587652,0.450987909925108
0.7294957041740417,0.9939213147970958,0.45137131610561565
0.7292281985282898,0.9938702058261163,0.4517291618740894
0.7291089296340942,0.9938191830083722,0.4520870076425632
0.7289158701896667,0.993824388052998,0.45247041382307085
0.7286986112594604,0.9938295843383631,0.45285382000357843
0.7284449338912964,0.9938347718865598,0.4532372261840861
0.7283463478088379,0.9938399507196057,0.4536206323645937
0.7281085848808289,0.993845120859445,0.45400403854510135
0.727836549282074,0.993850626118068,0.4544130051376428
0.7274976968765259,0.9938557783611686,0.45479641131815046
0.7272719740867615,0.9938051121776984,0.4551542570866242
0.7271512150764465,0.9937545307533597,0.455512102855098
0.7269068360328674,0.9937597503900156,0.45589550903560566
0.7266603112220764,0.9937092913210488,0.4562533548040794
0.7262599468231201,0.9937145399933252,0.45663676098458705
0.7260594964027405,0.9936642027455121,0.45699460675306086
0.7256941795349121,0.9936139493558418,0.45735245252153467
0.725454568862915,0.9936192642734284,0.45773585870204225
0.7251211404800415,0.9936245703514802,0.4581192648825499
0.7249561548233032,0.9935748310623684,0.45850267106305753
0.7244720458984375,0.9935801649233493,0.45888607724356517
0.7242750525474548,0.9935301924353019,0.459243923012039
0.7240956425666809,0.993425051107796,0.4595762083684789
0.7238591909408569,0.9933200839129954,0.4599084937249188
0.7236412763595581,0.9932704506591649,0.46026633949339263
0.7235223650932312,0.9932760141093474,0.46064974567390027
0.7232382297515869,0.993226499256567,0.4610075914423741
0.7229292988777161,0.9931770661384395,0.46136543721084783
0.7227709889411926,0.9931277145527516,0.46172328297932164
0.7225053906440735,0.9931337544630596,0.4621322495718631
0.7222477197647095,0.9930296377607025,0.46246453492830303
0.7220966815948486,0.9930353715382506,0.46284794110881067
0.7218528985977173,0.993041095890411,0.4632313472893183
0.7216289639472961,0.9930468108404051,0.46361475346982595
0.7214211225509644,0.9929978118161925,0.4639725992382997
0.7211570143699646,0.9930035528833014,0.46435600541880734
0.7208967208862305,0.9930092845439651,0.464739411599315
0.7207456827163696,0.9929604365620737,0.4650972573677888
0.7205289602279663,0.9929661941112323,0.4654806635482964
0.720300018787384,0.9929719422500681,0.465864069728804
0.7200656533241272,0.9929780632518643,0.4662730363213455
0.7198731303215027,0.9929294028064832,0.4666308820898193
0.7196820378303528,0.9929351665670344,0.4670142882703269
0.7195611000061035,0.9929409209383145,0.46739769445083457
0.7193737030029297,0.9928924095274266,0.4677555402193083
0.7191349267959595,0.9928981893093354,0.46813894639981596
0.7189921736717224,0.9929039596988245,0.4685223525803236
0.718721330165863,0.9928014721801256,0.4688546379367635
0.7184376120567322,0.9928073116651344,0.46923804411727116
0.7181808352470398,0.9928131416837782,0.4696214502977788
0.7179369926452637,0.9928193499622071,0.47003041689032027
0.717708170413971,0.9927712143281006,0.4703882626587941
0.7175017595291138,0.9927770590771885,0.4707716688393017
0.7172166705131531,0.9927828943825066,0.4711550750198093
0.7169243693351746,0.9927349047465289,0.4715129207882831
0.7166837453842163,0.9927407646394579,0.47189632696879075
0.7165095210075378,0.9927466150870407,0.4722797331492984
0.7162676453590393,0.9926450850915338,0.4726120185057383
0.7159605026245117,0.9925437184851411,0.4729443038621783
0.7155900597572327,0.9925497132443587,0.47332771004268587
0.7154081463813782,0.9925021422450728,0.4736855558111597
0.7152453064918518,0.9925085616438356,0.47409452240370115
0.715041995048523,0.9924611024969257,0.47445236817217495
0.714741051197052,0.9923602949033017,0.4747846535286149
0.7145693302154541,0.9923664122137404,0.4751680597091225
0.7143911123275757,0.9923191807126094,0.4755259054775963
0.7140868902206421,0.9923253211106966,0.4759093116581039
0.7138434648513794,0.9923314516987964,0.47629271783861155
0.7135618925094604,0.992231149896238,0.4766250031950515
0.7133477926254272,0.9922373458102935,0.47700840937555916
0.713198721408844,0.9922435318493332,0.47739181555606675
0.7129747867584229,0.9921966238454188,0.47774966132454055
0.7126497030258179,0.9920971677097699,0.47810750709301436
0.7124372720718384,0.9919974561449998,0.4784397924494543
0.7121499180793762,0.9920038127515357,0.4788231986299619
0.7119932174682617,0.9919572464151543,0.47918104439843573
0.7117956876754761,0.9919636248281696,0.4795644505789433
0.7116026878356934,0.9919171641396799,0.4799222963474171
0.7114288210868835,0.991870777027027,0.48028014211589093
0.7112541794776917,0.9917717179176117,0.48061242747233085
0.7109238505363464,0.9917782228312427,0.4809958336528385
0.7107636332511902,0.9917847174680078,0.48137923983334613
0.7105013728141785,0.9917916337805841,0.4817882064258876
0.7102952003479004,0.991745531019979,0.48214605219436135
0.7100682258605957,0.9916469661150512,0.48247833755080133
0.7098541855812073,0.9916535433070867,0.48286174373130897
0.7095838785171509,0.991607658012064,0.4832195894997827
0.7093173265457153,0.9916142557651991,0.48360299568029036
0.7089263200759888,0.9915684734223619,0.48396084144876417
0.7086424231529236,0.9915750915750916,0.4843442476292718
0.7082629799842834,0.9915816993464053,0.4847276538097794
0.7080734372138977,0.9915360501567398,0.4850854995782532
0.7078132629394531,0.9914904724614984,0.485443345346727
0.7075294852256775,0.9914454123415576,0.48582675152723465
0.7073585391044617,0.9914521004899406,0.48621015770774223
0.7070829272270203,0.991458778188636,0.48659356388824987
0.7068494558334351,0.9914654454621149,0.4869769700687575
0.7065435647964478,0.9914201029587645,0.4873348158372313
0.7063201665878296,0.991426789982334,0.4877182220177389
0.7060828804969788,0.9914334665905197,0.48810162819824654
0.705844521522522,0.9914401328076364,0.4884850343787542
0.7056806087493896,0.9914467886579234,0.4888684405592618
0.7054176926612854,0.9914534341655444,0.48925184673976946
0.7051615715026855,0.9914087568574682,0.4896352529202771
0.7049036026000977,0.9913637068831773,0.48999309868875085
0.7046980857849121,0.9913704009921455,0.4903765048692585
0.7044371962547302,0.991273816285434,0.49070879022569847
0.7041767835617065,0.9912805696006604,0.49109219640620605
0.703988254070282,0.9912873124710007,0.4914756025867137
0.7037792801856995,0.9912940449206676,0.49185900876722133
0.7036514282226562,0.9912492922221651,0.49221685453569514
0.7033376693725586,0.9912046085793642,0.4925747003041689
0.7030656337738037,0.9912113892172483,0.49295810648467653
0.7028189301490784,0.9912181594083813,0.49334151266518417
0.7026185393333435,0.9912253694581281,0.49375047925772564
0.702462911605835,0.9911295698097728,0.49408276461416556
0.7021350264549255,0.9911363869248898,0.4944661707946732
0.7019500136375427,0.9910919981569651,0.494824016563147
0.7016233801841736,0.9910988336402701,0.49520742274365465
0.7014798521995544,0.9911056586413127,0.49559082892416223
0.7011643648147583,0.9910103177035448,0.4959231142806022
0.7009059190750122,0.9910172000204155,0.49630652046110985
0.7006852626800537,0.990922072623419,0.49663880581754977
0.7005056738853455,0.9908270906589206,0.49697109117398974
0.7000343799591064,0.9908345638779978,0.4973800577665312
0.6997362375259399,0.9907906787422408,0.49773790353500497
0.6996143460273743,0.9907468605419696,0.4980957493034788
0.6992909908294678,0.9907539118065434,0.4984791554839864
0.6989632248878479,0.9907101883344333,0.49883700125246017
0.6986903548240662,0.9907172567718373,0.4992204074329678
0.6984381079673767,0.9907243144609458,0.49960381361347544
0.6982688903808594,0.9907313614262561,0.4999872197939831
0.6980456709861755,0.9906877878435143,0.5003450655624568
0.6978683471679688,0.9905937089106908,0.5006773509188968
0.6976833939552307,0.9903987063520138,0.5009585154512691
0.6974314451217651,0.9904064630143903,0.5013674820438105
0.6970603466033936,0.9903632694248234,0.5017253278122843
0.6967179775238037,0.9903705570960424,0.502108733992792
0.6964592933654785,0.9903274559193954,0.5024665797612657
0.6962794065475464,0.9902844198338787,0.5028244255297395
0.6960707902908325,0.9902917505030181,0.5032078317102472
0.6959120035171509,0.9901985423473234,0.5035401170666871
0.6957160234451294,0.9902059266700151,0.5039235232471947
0.6954165101051331,0.9902132998745294,0.5043069294277024
0.6952409744262695,0.9901203610832497,0.5046392147841423
0.6951127648353577,0.9900776747682285,0.5049970605526161
0.6949014663696289,0.9900856241550248,0.5054060271451576
0.694672703742981,0.9900930651456019,0.5057894333256652
0.694434404373169,0.9901004949752512,0.5061728395061729
0.6941106915473938,0.9900579536370904,0.5065306852746466
0.6938825249671936,0.989965553392242,0.5068629706310865
0.6936798095703125,0.9899231766936047,0.5072208163995604
0.6935518980026245,0.9899307113304422,0.507604222580068
0.6933498382568359,0.9899382347081092,0.5079876287605756
0.6929528713226318,0.9899457468518242,0.5083710349410833
0.6927481889724731,0.9899532477867303,0.5087544411215909
0.6924301385879517,0.9898618427591691,0.5091122868900647
0.6922603845596313,0.9897700749863435,0.5094445722465046
0.692048192024231,0.9897280666931322,0.5098024180149784
0.6918767690658569,0.9897357068478208,0.5101858241954861
0.6916427612304688,0.9896442374393023,0.510518109551926
0.6914493441581726,0.9896024162004258,0.5108759553203998
0.6911872625350952,0.9896101325944984,0.5112593615009074
0.6908445358276367,0.989617837543877,0.511642767681415
0.6906097531318665,0.9895267266080426,0.511975053037855
0.6903406977653503,0.9895344819074887,0.5123584592183626
0.6899688839912415,0.9894435674822415,0.5126907445748026
0.6896238327026367,0.989304022082019,0.5130230299312425
0.6893990635871887,0.9892134167364429,0.5133553152876824
0.6891540884971619,0.9891229451717689,0.5136876006441223
0.6890023946762085,0.9890817882260365,0.5140454464125962
0.6887704133987427,0.9890898368390014,0.5144288525931038
0.6885918974876404,0.9890487649167607,0.5147866983615776
0.6883224844932556,0.9890568259888115,0.5151701045420852
0.6880633234977722,0.9890158387682048,0.515527950310559
0.6879212856292725,0.9890239121912975,0.5159113564910667
0.687645435333252,0.9889340449493218,0.5162436418475066
0.6875039339065552,0.9889427075688635,0.516652608440048
0.6871529817581177,0.9889508164662169,0.5170360146205557
0.6869258284568787,0.9889100591137818,0.5173938603890295
0.68663090467453,0.9889181800429604,0.5177772665695372
0.6863991022109985,0.9888775062198156,0.5181351123380109
0.6861592531204224,0.9888856390757531,0.5185185185185185
0.6859385967254639,0.9887963368892786,0.5188508038749584
0.6855423450469971,0.9888045171339563,0.5192342100554661
0.685357928276062,0.9887154044457416,0.519566495411906
0.6851584315299988,0.9886750267327695,0.5199243411803798
0.6849507689476013,0.9886832774782651,0.5203077473608875
0.6846755146980286,0.9886435331230284,0.5206911535413951
0.6843697428703308,0.9886517943743938,0.5210745597219028
0.684126079082489,0.9886600436152169,0.5214579659024103
0.6838167905807495,0.9886198547215497,0.5218158116708841
0.6836073398590088,0.9885797241713041,0.522173657439358
0.683373749256134,0.9885396518375241,0.5225315032078317
0.6830320954322815,0.9884996375936217,0.5228893489763055
0.6828380227088928,0.9884596813133751,0.5232471947447793
0.6825404763221741,0.9884197828709288,0.5236050405132531
0.6822925209999084,0.9882835101253616,0.5239117654576592
0.6820598840713501,0.9881961842358836,0.5242696112261329
0.6818747520446777,0.9882047084877955,0.5246530174066406
0.6816766858100891,0.9881651111324931,0.5250108631751144
0.6814290285110474,0.9881736454978126,0.5253942693556221
0.6811065673828125,0.9881821675634127,0.5257776755361296
0.6808656454086304,0.9881906773558639,0.5261610817166372
0.6806817650794983,0.9881512040679267,0.5265189274851111
0.6804770827293396,0.9881117875461387,0.5268767732535848
0.6802777051925659,0.9880245257712206,0.5272090586100248
0.6799753904342651,0.9879852568091523,0.5275669043784986
0.6797699928283691,0.9878982110398928,0.5278991897349385
0.6794970035552979,0.9878596692476819,0.5282825959154461
0.6792576313018799,0.9878683670057793,0.5286660020959538
0.6790561079978943,0.9878293241695304,0.5290238478644276
0.6787983179092407,0.987790337196547,0.5293816936329013
0.6785231828689575,0.9876560861690973,0.5296884185773074
0.6781989336013794,0.9874744011049198,0.5299695831096797
0.6778398156166077,0.987388159147154,0.5303018684661197
0.6775833368301392,0.9873020402339848,0.5306341538225596
0.6772119402885437,0.9872635681018914,0.5309919995910334
0.676960289478302,0.9872726409270076,0.5313754057715411
0.6767867803573608,0.9872342444950646,0.5317332515400148
0.6764959096908569,0.9872439301972686,0.5321422181325562
0.6761345863342285,0.9871582239492015,0.5324745034889963
0.6757755875587463,0.987119992423525,0.53283234925747
0.6756240725517273,0.9869398570955378,0.5331135137898423
0.6753000617027283,0.9869018346888595,0.533471359558316
0.6749725341796875,0.9868638661815433,0.5338292053267899
0.6747360825538635,0.9867787326470866,0.5341614906832298
0.6744424104690552,0.9867409050158071,0.5345193364517036
0.6742076277732849,0.9867502829121086,0.5349027426322113
0.6739845871925354,0.9867596475521839,0.5352861488127189
0.6738011240959167,0.9866754555299214,0.5356439945811926
0.6735557317733765,0.9866848593205985,0.5360274007617003
0.6732441186904907,0.9866942498471954,0.5364108069422079
0.6730701923370361,0.9866566434880661,0.5367686527106817
0.6728963255882263,0.9865721395370675,0.5371009380671217
0.6727157235145569,0.9863939194895374,0.5373821025994939
0.6725225448608398,0.9864034882085424,0.5377655087800015
0.6722171902656555,0.986319340329835,0.5380977941364414
0.6718753576278687,0.9861884919705979,0.5384045190808476
0.6715937256813049,0.9861981847103958,0.5387879252613552
0.671432375907898,0.9862078638552527,0.5391713314418628
0.6710495352745056,0.9861247372109321,0.5395291772103367
0.6707941293716431,0.9860410830999067,0.5398614625667766
0.6706265211105347,0.9859575460695125,0.5401937479232165
0.6703875660896301,0.985967365967366,0.5405771541037242
0.6701659560203552,0.985883997204752,0.5409094394601641
0.6698380708694458,0.9858472998137803,0.5412672852286379
0.6695616841316223,0.98571760874622,0.541574010173044
0.6693058609962463,0.9856810785681078,0.5419318559415178
0.6689472794532776,0.9856910569105691,0.5423152621220254
0.6686650514602661,0.9856545961002785,0.5426731078904992
0.6683274507522583,0.9856188532195213,0.5430565140710069
0.6680921316146851,0.9855824950164572,0.5434143598394806
0.667755126953125,0.9854998610210322,0.5437466451959205
0.6673668026924133,0.9855099300958289,0.5441300513764282
0.6671523451805115,0.9854274611398963,0.5444623367328681
0.6668859124183655,0.9853451065600296,0.5447946220893081
0.6665815114974976,0.9853552619421602,0.5451780282698158
0.666340172290802,0.9853192373389964,0.5455358740382895
0.666155993938446,0.9852371286215169,0.5458681593947294
0.665901243686676,0.9852012355354756,0.5462260051632032
0.6656493544578552,0.9851193218464941,0.5465582905196432
0.6653363108634949,0.9850842463861523,0.5469416967001508
0.6650153398513794,0.9850945392648479,0.5473251028806584
0.6646053791046143,0.9850128723795513,0.5476573882370984
0.6643258333206177,0.9850232002572702,0.548040794417606
0.664027750492096,0.9849876044440363,0.5483986401860798
0.6638679504394531,0.9849520576226086,0.5487564859545536
0.6636396646499634,0.9849165596919127,0.5491143317230274
0.6631684303283691,0.9849269253676639,0.549497737903535
0.6627706289291382,0.9848914934529805,0.5498555836720088
0.6624955534934998,0.9848561101706547,0.5502134294404826
0.6623102426528931,0.984866495976591,0.5505968356209902
0.6619593501091003,0.9847861842105263,0.550954681389464
0.6616613268852234,0.9847509473588093,0.5513125271579378
0.6613978147506714,0.9847613833378958,0.5516959333384455
0.6611119508743286,0.984589431450326,0.5519770978708177
0.6608282923698425,0.9845999635502096,0.5523605040513253
0.6604610681533813,0.9846104812639439,0.5527439102318329
0.6602172255516052,0.9846209846209846,0.5531273164123406
0.6599485874176025,0.9845860046378393,0.5534851621808143
0.659735918045044,0.9845510723373319,0.5538430079492881
0.6595077514648438,0.9845161876220315,0.554200853717762
0.6591300368309021,0.9843913063206134,0.5545331390742019
0.6588600873947144,0.9843565793053415,0.5548909848426756
0.6586461067199707,0.9842765870678327,0.5552232701991157
0.6581887006759644,0.9841967034957435,0.5555555555555556
0.6579979062080383,0.9842074302004615,0.5559389617360632
0.6575557589530945,0.9842181423532603,0.5563223679165709
0.6573431491851807,0.9841836504134845,0.5566802136850446
0.6569378972053528,0.9841492052023122,0.5570380594535184
0.656777024269104,0.984159935015118,0.5574214656340261
0.6564612984657288,0.984125552448814,0.5577793114024998
0.6562451124191284,0.9840461489927441,0.5581115967589397
0.6560094356536865,0.9840126097725738,0.5584950029394474
0.6556318402290344,0.983978397839784,0.5588528487079212
0.6552664637565613,0.9839892062064313,0.5592362548884288
0.6549719572067261,0.9839550561797753,0.5595941006569026
0.6547127962112427,0.9838311250842129,0.5599008256013087
0.6544063091278076,0.9837073608617595,0.5602075505457148
0.6541223526000977,0.9836286162816775,0.5605398359021547
0.6538889408111572,0.9836396234872254,0.5609232420826624
0.6536279916763306,0.9835610302351624,0.5612555274391023
0.6533211469650269,0.9834377797672337,0.5615622523835084
0.6530308723449707,0.9833601717659689,0.5619200981519822
0.6527245044708252,0.9833713289526619,0.5623035043324899
0.6524784564971924,0.983293129634593,0.5626357896889298
0.6521208882331848,0.9831703941788313,0.5629425146333359
0.6519087553024292,0.9830924339757316,0.5632747999897758
0.6516189575195312,0.9830591591993224,0.5636326457582497
0.6513199210166931,0.9830259288960171,0.5639904915267234
0.6510980129241943,0.9829927429767152,0.5643483372951972
0.6507832407951355,0.9829151094500801,0.5646806226516371
0.6504961252212524,0.982837579476235,0.5650129080080771
0.6500317454338074,0.9827601528481293,0.565345193364517
0.6498039960861206,0.9826835982594796,0.5657030391329908
0.6493594646453857,0.9826063806185384,0.5660353244894307
0.6491495370864868,0.9825292656970557,0.5663676098458708
0.6488794088363647,0.9825408782735853,0.5667510160263783
0.6485816240310669,0.9825081923656009,0.5671088617948521
0.6482972502708435,0.9824755498517502,0.567466707563326
0.6480633020401001,0.9824871749513533,0.5678501137438335
0.6477145552635193,0.982498784637822,0.5682335199243412
0.647447943687439,0.9824662132320466,0.568591365692815
0.647196888923645,0.9824336849538774,0.5689492114612887
0.6469429731369019,0.9823578705949808,0.5693070572297625
0.646507978439331,0.9823254583921015,0.5696649029982364
0.6463262438774109,0.9823371360613135,0.5700483091787439
0.6461232304573059,0.9822167444317281,0.57035503412315
0.6457856297492981,0.9821405005938504,0.5706873194795901
0.6454962491989136,0.9821522771232636,0.5710707256600976
0.6451064348220825,0.982120107191495,0.5714285714285714
0.644784688949585,0.9821318816401792,0.5718119776090791
0.6444778442382812,0.9821436405914097,0.5721953837895867
0.6442552804946899,0.9821553840757629,0.5725787899700944
0.643799901008606,0.9821671121237349,0.572962196150602
0.6434854865074158,0.9821796050615176,0.5733711627431434
0.6432035565376282,0.982147545287477,0.5737290085116172
0.6429475545883179,0.9820718002536184,0.5740612938680572
0.6427320837974548,0.9819961545184408,0.5743935792244971
0.6423206329345703,0.9819642779160662,0.5747514249929709
0.6419976949691772,0.9818015187221786,0.5750325895253432
0.6418231725692749,0.9817261982642069,0.5753648748817831
0.6415539979934692,0.981694560669456,0.5757227206502569
0.6411800384521484,0.9817065203188292,0.5761061268307646
0.6409779787063599,0.9815443544876817,0.5763872913631368
0.640815019607544,0.9814693984079342,0.5767195767195767
0.6405487656593323,0.9814388176483373,0.5771029829000843
0.6402965784072876,0.9813640312771503,0.5774352682565242
0.6400673389434814,0.9811591057087041,0.5776908723768627
0.6398002505302429,0.9811279826464209,0.5780487181453365
0.6393610239028931,0.9811402557988294,0.5784321243258441
0.6391457319259644,0.9811525129982669,0.5788155305063518
0.6387382745742798,0.9810348560294436,0.5791222554507579
0.6384966969490051,0.9809173517957595,0.579428980395164
0.6381932497024536,0.9807567567567568,0.5797101449275363
0.637985348701477,0.9807692307692307,0.5800935511080438
0.6377156376838684,0.9807393332181724,0.5804769572885515
0.6373469829559326,0.9807086444262224,0.5808348030570253
0.6370186805725098,0.9806348658673337,0.5811670884134652
0.6368054747581482,0.9804749795267446,0.5814482529458375
0.6363562345504761,0.9804014472777395,0.5817805383022774
0.6359697580337524,0.9802419181266411,0.5820617028346496
0.6356729865074158,0.9800825948550288,0.582342867367022
0.63545161485672,0.9799664674777525,0.5826495923114281
0.6351913809776306,0.9798504897748754,0.5829563172558342
0.6348830461502075,0.9797775964965008,0.5832886026122741
0.6345959901809692,0.9797047970479705,0.583620887968714
0.63428795337677,0.9795472086441986,0.5839276129131201
0.6339298486709595,0.9794318035737242,0.5842343378575262
0.6336425542831421,0.9793593696471394,0.5845666232139662
0.6333204507827759,0.9792870287157102,0.5848989085704062
0.6331691145896912,0.9792147806004619,0.5852311939268461
0.6328462362289429,0.9791853656451682,0.5855890396953198
0.6326303482055664,0.9791559883820263,0.5859468854637937
0.6321943998336792,0.9791266487386349,0.5863047312322675
0.6318728923797607,0.9790546881665387,0.5866370165887074
0.6317039728164673,0.9790254508249137,0.5869948623571812
0.6311799883842468,0.9789119413794573,0.5873271477136212
0.6309207677841187,0.978882833787466,0.5876849934820949
0.6306902766227722,0.9787686678296388,0.587991718426501
0.6303449273109436,0.9787396887490433,0.5883495641949749
0.6301196813583374,0.97875324013088,0.5887329703754824
0.6297556161880493,0.9787667742483438,0.58911637655599
0.6294369697570801,0.9786954122989433,0.5894486619124301
0.6291242241859436,0.9786241411485282,0.58978094726887
0.6289268732070923,0.9785953460772263,0.5901387930373437
0.6286213994026184,0.9785665875974247,0.5904966388058176
0.6283895969390869,0.9784955340134615,0.5908289241622575
0.6280550360679626,0.9783831803375778,0.5911612095186974
0.6278244853019714,0.9782700600321299,0.5914679344631035
0.6275439262390137,0.9781570831044827,0.5917746594075096
0.6272739768028259,0.9781709170748184,0.5921580655880173
0.6269053220748901,0.9781425376598168,0.5925159113564911
0.6265953183174133,0.9781141941469175,0.5928737571249648
0.6263735890388489,0.9780016014159889,0.5931804820693709
0.6260972023010254,0.9779733827493261,0.5935383278378448
0.6257065534591675,0.9779451997137927,0.5938961736063185
0.6254196166992188,0.977917052241945,0.5942540193747923
0.6250341534614563,0.9779319041614124,0.5946629859673338
0.624841034412384,0.9778197857592943,0.5949697109117399
0.6244747042655945,0.9778337531486146,0.5953531170922475
0.6243055462837219,0.9778057478498007,0.5957109628607213
0.6239610314369202,0.9777358490566038,0.5960432482171613
0.6237493753433228,0.9775822333961869,0.5963244127495335
0.6235203146934509,0.9775125628140704,0.5966566981059734
0.6232572197914124,0.9774011299435028,0.5969634230503795
0.6227411031723022,0.9773316603931409,0.5972957084068196
0.6223981380462646,0.9771786833855799,0.5975768729391918
0.6220231056213379,0.9770258980785297,0.5978580374715641
0.6216529607772827,0.9769160126899316,0.598190322828004
0.621265709400177,0.9767635893371157,0.5984714873603763
0.6210516691207886,0.9766530476111065,0.5987782123047823
0.6206507682800293,0.9766259739177534,0.5991360580732561
0.6203141808509827,0.9766405729513657,0.5995194642537638
0.6199488043785095,0.976530315009779,0.5998261891981699
0.6196315288543701,0.9764617815852948,0.6001584745546098
0.6194167137145996,0.976476455675159,0.6005418807351175
0.6190977096557617,0.9764080412028576,0.6008741660915574
0.6187950372695923,0.9763397119256154,0.6012064514479973
0.6184702515602112,0.9763129511324982,0.6015642972164711
0.6181614995002747,0.9762457507669348,0.601922142984945
0.6178980469703674,0.9762190827360484,0.6022799887534187
0.6175270676612854,0.9761096389532958,0.6025867136978248
0.6171603798866272,0.9759589522903133,0.602867878230197
0.6169589161872864,0.9758911587130924,0.603200163586637
0.6167649030685425,0.9758234491879159,0.603532448943077
0.6164006590843201,0.9757145217247646,0.6038391738874831
0.6159839034080505,0.9756470054071903,0.604171459243923
0.6157345771789551,0.975497071198746,0.6044526237762953
0.6154949069023132,0.9755122232757555,0.6048360299568029
0.6151701807975769,0.9755283648498332,0.6052449965493444
0.6149137616157532,0.9754611330698287,0.6055772819057843
0.6144996285438538,0.97527054273135,0.6058328860261227
0.6142677068710327,0.9751624311209803,0.6061396109705288
0.613923966884613,0.9750544528007233,0.6064463359149349
0.6136519908905029,0.974946607524232,0.606753060859341
0.6132792234420776,0.9748388950457662,0.6070597858037472
0.6129839420318604,0.9747313151201903,0.6073665107481533
0.6127867102622986,0.9746238675029721,0.6076732356925594
0.6124442219734192,0.9745165519501803,0.6079799606369655
0.6121054291725159,0.974450313229333,0.6083122459934054
0.6118334531784058,0.9743852039772495,0.6086700917618793
0.6116055846214294,0.9742782366892941,0.6089768167062853
0.6114283204078674,0.9741305325105235,0.6092579812386576
0.6112569570541382,0.9741055383107335,0.6096158270071314
0.6110909581184387,0.9740397567247643,0.6099481123635713
0.610824704170227,0.9739740556416742,0.6102803977200112
0.6106681227684021,0.9739492029842227,0.610638243488485
0.6104633212089539,0.9738836375488917,0.610970528844925
0.6101359128952026,0.9738588704751822,0.6113283746133987
0.6098914742469788,0.9738341336371775,0.6116862203818726
0.6096727848052979,0.9737698251321676,0.6120440661503463
0.6092712879180908,0.9736638894533631,0.6123507910947524
0.608948290348053,0.9736393176279448,0.6127086368632262
0.6086005568504333,0.9735741830728638,0.6130409222196662
0.6083447337150574,0.9735496957403651,0.61339876798814
0.6079563498497009,0.9734846949118183,0.6137310533445799
0.6077393889427185,0.9733387358184765,0.6140122178769521
0.6074413061141968,0.9731929540392792,0.6142933824093244
0.6071143746376038,0.9730473492513153,0.6145745469416967
0.6067606210708618,0.972901921132457,0.6148557114740689
0.6065033674240112,0.9729183508488278,0.6152391176545766
0.6061757206916809,0.9728550654386815,0.6155969634230504
0.6058968901634216,0.9728311331799281,0.6159548091915241
0.6056624054908752,0.972645848462842,0.6162104133118625
0.6052846908569336,0.9725414297810572,0.6165171382562686
0.6049422025680542,0.9723565441650548,0.6167727423766071
0.6046502590179443,0.9721718819217913,0.6170283464969455
0.6043362617492676,0.9721484343556307,0.6173861922654194
0.6040372252464294,0.9720847914404087,0.6177184776218593
0.6037592887878418,0.972061424666345,0.618076323390333
0.6035377979278564,0.9720782612189145,0.6184597295708407
0.6033223867416382,0.9720158991448187,0.6188175753393145
0.6030322909355164,0.971952491774336,0.6191498606957544
0.6027118563652039,0.971889160684926,0.6194821460521943
0.6024278402328491,0.9717858287912793,0.6197888709966005
0.6021502017974854,0.9716425681900108,0.6200700355289728
0.601914644241333,0.9715795372668321,0.6204023208854127
0.6017005443572998,0.9713965675881105,0.6206579250057511
0.601357638835907,0.9712537981768751,0.6209390895381234
0.6010092496871948,0.9711511567507093,0.6212458144825295
0.6007205247879028,0.9710885712003834,0.6215780998389694
0.6004588603973389,0.9711058785967993,0.6219615060194771
0.6001550555229187,0.9708451322139353,0.6221915497277816
0.5999346971511841,0.9707828443877551,0.6225238350842216
0.5996756553649902,0.9707206310002788,0.6228561204406615
0.5993137359619141,0.9706186798311968,0.6231628453850676
0.5989781022071838,0.9704372737038953,0.623418449505406
0.598638653755188,0.9704151423572451,0.6237762952738798
0.5984199643135071,0.9703135556173748,0.6240830202182859
0.5981110334396362,0.9702518071332116,0.6244153055747259
0.5977655649185181,0.9701504386139007,0.624722030519132
0.5974922776222229,0.9700095207870517,0.6250031950515043
0.597153902053833,0.9698687705665464,0.6252843595838765
0.596703052520752,0.9697293870597091,0.6255910845282826
0.5963815450668335,0.9695889760038013,0.6258722490606549
0.5962039828300476,0.9694091574656694,0.6261278531809933
0.595697283744812,0.9693482043980383,0.6264601385374332
0.5954667925834656,0.9693268508636705,0.626817984305907
0.5951457619667053,0.9692265149719522,0.6271247092503132
0.5948483347892761,0.9690473370444944,0.6273803133706516
0.5945224761962891,0.9690261994949495,0.6277381591391253
0.5942118763923645,0.9689656532197641,0.6280704444955653
0.5938668251037598,0.9687869472688578,0.6283260486159037
0.5936411619186401,0.9686884600236314,0.6286583339723436
0.5933107733726501,0.9685888604605393,0.6289650589167497
0.5929142236709595,0.9683713611329662,0.6291951026250543
0.5925919413566589,0.9683506978572832,0.6295529483935282
0.5922238230705261,0.9683300589390963,0.6299107941620019
0.5918980240821838,0.9682701747496564,0.6302430795184418
0.591665506362915,0.9682103610675039,0.6305753648748817
0.5914049744606018,0.9680721710139243,0.630856529407254
0.5911603569984436,0.9678557428459428,0.6310865731155586
0.5906222462654114,0.9678354554358473,0.6314444188840325
0.5903507471084595,0.9676977290524668,0.6317255834164047
0.5900648236274719,0.9675614337141962,0.6320323083608108
0.5896905660629272,0.9674240350396934,0.6323134728931831
0.589392364025116,0.9674040490893457,0.6326713186616568
0.5891148447990417,0.9673059646107574,0.6329780436060629
0.588817834854126,0.967207995003123,0.633284768550469
0.5884483456611633,0.9670711248098006,0.6335659330828413
0.588154673576355,0.9670513920299462,0.6339237788513151
0.5879184603691101,0.9668368341062312,0.6341538225596196
0.5877049565315247,0.9667004206262658,0.634434987091992
0.5874394774436951,0.9666420147133238,0.6347672724484319
0.587083101272583,0.9665460769440231,0.6350995578048718
0.5866444110870361,0.9663711997511858,0.6353551619252102
0.5862329602241516,0.9662353809690329,0.6356363264575825
0.5859550833702087,0.9662162162162162,0.6359941722260563
0.585547149181366,0.9660030271277215,0.6362242159343608
0.5852326154708862,0.9659840198588162,0.6365820617028346
0.5847446322441101,0.9658875062991821,0.6368887866472408
0.5844584703445435,0.9657911049124438,0.6371955115916469
0.5841489434242249,0.9657335346730166,0.6375277969480868
0.5837546586990356,0.9656373345716276,0.6378345218924929
0.5835264325141907,0.9655799203310516,0.6381668072489328
0.5831164121627808,0.9654466045684691,0.6384735321933389
0.5827730298042297,0.9653507416563659,0.6387802571377451
0.5825185179710388,0.9652935953364475,0.639112542494185
0.582307755947113,0.9651207654911644,0.6393681466145235
0.5820236206054688,0.9651023792079589,0.6397259923829972
0.581639289855957,0.9649298597194389,0.6399815965033356
0.5814425349235535,0.9648730886261218,0.6403138818597756
0.5811543464660645,0.9647393948725845,0.6405950463921478
0.5808210968971252,0.9646443273188936,0.6409017713365539
0.5806156396865845,0.9646262688403568,0.6412596171050278
0.580166757106781,0.9645313760903815,0.6415663420494339
0.5797192454338074,0.9643611505818196,0.6418475065818061
0.5793657898902893,0.9642281415521609,0.6421286711141784
0.5790880918502808,0.9642103648011048,0.6424865168826521
0.5786845684051514,0.9641542708173593,0.642818802239092
0.578276515007019,0.963983294379095,0.6430744063594305
0.5779638290405273,0.9639656889025044,0.6434322521279043
0.5777768492698669,0.9638715603352597,0.6437389770723104
0.5773519277572632,0.9637010403916769,0.6439945811926489
0.5769456624984741,0.9635689437669636,0.6442757457250211
0.5767006278038025,0.9634752044013143,0.6445824706694272
0.5762518048286438,0.9633066055746468,0.6448636352017995
0.5759677290916443,0.9632512879221523,0.6451959205582394
0.5757395029067993,0.9631578947368421,0.6455026455026455
0.575524091720581,0.9631408423861254,0.6458604912711193
0.5753406286239624,0.9630857142857143,0.6461927766275593
0.5750057101249695,0.9630306491528651,0.6465250619839992
0.5745761394500732,0.9628995433789954,0.6468062265163714
0.5742208957672119,0.9628446472713443,0.6471385118728114
0.573979377746582,0.9628278221208666,0.6474963576412852
0.5736498236656189,0.9628110161443495,0.647854203409759
0.5734953284263611,0.9627562642369021,0.6481864887661989
0.5731533169746399,0.9626271057823645,0.648493213710605
0.5726832747459412,0.9625725228470668,0.648825499067045
0.572410523891449,0.962366406427651,0.6490555427753495
0.5719702243804932,0.9621984015756979,0.6493111468956879
0.5717601180076599,0.9621441550575409,0.649643432252128
0.5713658928871155,0.9620143013885211,0.6499245967845002
0.5709984302520752,0.9618845950238222,0.6502057613168725
0.5706583261489868,0.9617928271796229,0.6505124862612786
0.5703396797180176,0.9615878531500227,0.6507425299695831
0.5699888467788696,0.9614963572534068,0.6510492549139892
0.5696673393249512,0.9614064209454106,0.6513815402704292
0.5693804621696472,0.9613151346052334,0.6516882652148352
0.5691817998886108,0.9611862682292648,0.6519694297472075
0.5689979195594788,0.9610575474540525,0.6522505942795798
0.5686452388763428,0.9610042533970715,0.6525828796360197
0.5684309601783752,0.9608757806034158,0.6528640441683919
0.5679736137390137,0.9607474527202317,0.6531452087007642
0.5676366090774536,0.960694423568315,0.6534774940572042
0.5674567818641663,0.9606038982987194,0.6537842190016103
0.5671871900558472,0.960513474964342,0.6540909439460164
0.5669489502906799,0.9604606669917846,0.6544232293024563
0.5666409730911255,0.9604468938627077,0.654806635482964
0.566369354724884,0.9603941846522782,0.655138920839404
0.5659089088439941,0.960341534659027,0.6554712061958439
0.5656845569610596,0.9601766599296354,0.6557268103161823
0.565190851688385,0.960049377174279,0.6560079748485546
0.5648052096366882,0.9599222371766113,0.6562891393809268
0.5644286870956421,0.9598326047154654,0.6565958643253329
0.5640048384666443,0.9598551049368885,0.6569792705058406
0.5636206269264221,0.9596163176949203,0.6571837538021112
0.563225507736206,0.9595270068636228,0.6574904787465174
0.5629104971885681,0.9592901878914405,0.6577205224548219
0.5626659989356995,0.9592756809121055,0.6580783682232958
0.5623542666435242,0.9592239517390333,0.6584106535797357
0.5621063709259033,0.9590978451003015,0.658691818112108
0.561729907989502,0.9589718791846451,0.6589729826444802
0.5614920258522034,0.9588460537566452,0.6592541471768525
0.5612109303474426,0.9587575239652225,0.6595608721212586
0.5608500242233276,0.9586319581120725,0.6598420366536308
0.5605819821357727,0.9584694180522565,0.6600976407739693
0.560267448425293,0.958381245595163,0.6604043657183754
0.5599496364593506,0.9581448802550604,0.6606088490146461
0.5594608187675476,0.9579844386809929,0.6608900135470184
0.5592299699783325,0.9578226254397334,0.6611456176673568
0.5588908791542053,0.9577350111028867,0.6614523426117629
0.5586563348770142,0.9576474939892732,0.661759067556169
0.5584397315979004,0.9574861367837338,0.6620146716765074
0.5581711530685425,0.9573619065213376,0.6622958362088797
0.5578619241714478,0.9572008862629247,0.6625514403292181
0.5576857924461365,0.9570769514670603,0.6628326048615903
0.5572760105133057,0.9568424935448174,0.6630370881578611
0.5570148825645447,0.9566451612903226,0.6632671318661657
0.5566954016685486,0.9565217391304348,0.663548296398538
0.5562673211097717,0.9564000589188393,0.663855021342944
0.5560880303382874,0.9562401089396784,0.6641106254632825
0.5557806491851807,0.9560435518281468,0.6643406691715871
0.5554354190826416,0.9558104481452888,0.6645451524678578
0.5549055933952332,0.9556143445032333,0.6647751961761623
0.5545522570610046,0.955528625463626,0.6650819211205684
0.5542410612106323,0.9554062981722088,0.6653630856529408
0.5538870096206665,0.9553207879388137,0.6656698105973469
0.5535348057746887,0.9551253849538055,0.6658998543056515
0.5532879829406738,0.9548935546517167,0.6661043376019221
0.553007185459137,0.9547735013000329,0.6664110625463282
0.5526646375656128,0.954651928848547,0.6666922270787005
0.552501380443573,0.9545304898123422,0.6669733916110727
0.5522392392158508,0.9543360631763673,0.6672034353193773
0.5517027974128723,0.9542514707494427,0.6675101602637834
0.5512865781784058,0.9541669710028486,0.6678168852081896
0.5510607957839966,0.9540095630908494,0.668072489328528
0.5506823062896729,0.9539617685685101,0.668404774684968
0.5504449009895325,0.9538046450577897,0.6686603788053064
0.5501484274864197,0.9537205743021646,0.6689671037497125
0.5498058199882507,0.9536730159886367,0.6692993891061524
0.5495266318321228,0.9535907982382703,0.6696316744625923
0.5491922497749329,0.9535797438882422,0.6699895202310662
0.5486849546432495,0.9534959822564811,0.6702962451754723
0.5484257340431213,0.9533032923904353,0.6705262888837769
0.5481860637664795,0.9532560926887734,0.6708585742402168
0.5478934645652771,0.9532089443879773,0.6711908595966567
0.5476345419883728,0.9531255668831404,0.6714975845410628
0.5474351644515991,0.9528609761404018,0.6716765074252997
0.5470761656761169,0.952705396296162,0.6719321115456381
0.5467655658721924,0.9525862068965517,0.6722132760780104
0.5464366674423218,0.9524688676513177,0.6725200010224165
0.5461739301681519,0.9522413980245306,0.6727244843186873
0.5458763241767883,0.9522311419686121,0.673082330087161
0.5455819964408875,0.952004047851386,0.6732868133834318
0.5453848838806152,0.951885565669701,0.673567977915804
0.5449923276901245,0.9517311094263331,0.6738235820361425
0.5445539951324463,0.9515768203795916,0.6740791861564809
0.5442076921463013,0.9513866349309388,0.6743092298647855
0.5439475178718567,0.9511606113033448,0.6745137131610561
0.5437446236610413,0.9510429050037825,0.6747948776934284
0.5435460209846497,0.9509253258443148,0.6750760422258006
0.5431790947914124,0.9508456279237135,0.6754083275822407
0.5427576303482056,0.9507282862794462,0.6756894921146129
0.5423775911331177,0.9506110711718189,0.6759706566469852
0.5420576930046082,0.9504939823962637,0.6762518211793574
0.5417321920394897,0.9502333931777379,0.6764307440635943
0.5413512587547302,0.9501525210837969,0.6767374690080004
0.5410494804382324,0.95,0.6769930731283388
0.5406463742256165,0.9498117942283564,0.6772231168366434
0.5404163002967834,0.9496954496596202,0.6775042813690156
0.5401061773300171,0.9494359892569382,0.6776832042532526
0.5397890210151672,0.9493575748899467,0.6780154896096925
0.5395182371139526,0.9491343539848333,0.6782199729059633
0.5393397212028503,0.9490543777483823,0.6785266978503693
0.5389854907989502,0.9488315586364611,0.6787311811466401
0.5387405753135681,0.9487518302917753,0.6790379060910462
0.5383502244949341,0.9486364934323244,0.6793190706234185
0.5380736589431763,0.9484499304341621,0.679549114331723
0.5377264022827148,0.948370534122513,0.6798558392761291
0.5374653339385986,0.9482912226934179,0.6801625642205352
0.5371727347373962,0.9480695255734435,0.680367047516806
0.5369366407394409,0.9477768680360258,0.680520409989009
0.5365854501724243,0.9476642829188459,0.6808271349334152
0.5361874103546143,0.9475144015361638,0.6810827390537535
0.5358014702796936,0.9474002203504283,0.6813639035861259
0.5354226231575012,0.947286160841148,0.6816450681184981
0.5350586175918579,0.9472432278907942,0.681977353474938
0.5347464680671692,0.9471293733588816,0.6822585180073103
0.5345357656478882,0.947015639961698,0.6825396825396826
0.5341950058937073,0.9467956897773997,0.6827441658359533
0.5339248180389404,0.9466468275055797,0.6829997699562917
0.5335920453071594,0.9465335316195737,0.683280934488664
0.5332221388816833,0.9463849665569594,0.6835365386090024
0.5329877138137817,0.9462384607222438,0.6838177031413747
0.5326486229896545,0.9460548642533937,0.6840477468496792
0.532302737236023,0.9459067943327563,0.6843033509700176
0.5319523215293884,0.945723568048591,0.6845333946783222
0.5316871404647827,0.9454699467052553,0.6847123175625591
0.5313602089881897,0.9452871454776351,0.6849423612708637
0.531165599822998,0.9452103092056553,0.6852490862152698
0.5307523608207703,0.9451335541616745,0.6855558111596759
0.5303950309753418,0.9449512203712183,0.6857858548679805
0.5301105380058289,0.9447690791326387,0.6860158985762851
0.5297935605049133,0.9446242611877287,0.6862970631086573
0.5293367505073547,0.944512816906361,0.6865782276410296
0.5290827751159668,0.9442609123497575,0.6867571505252664
0.5287808179855347,0.9441849028768133,0.6870638754696726
0.528593897819519,0.94403875860132,0.6873194795900109
0.5282813906669617,0.9438225902663251,0.6875239628862817
0.5280367732048035,0.9436417198569124,0.6877540065945863
0.527590274810791,0.9435661958007642,0.6880607315389924
0.5273224711418152,0.9433506165919282,0.6882652148352632
0.5270321369171143,0.9432052943030218,0.6885208189556016
0.5267536044120789,0.943060124588787,0.68877642307594
0.5264763236045837,0.9428121720881427,0.6889809063722108
0.5262154340744019,0.942667365845132,0.6892365104925492
0.5258541107177734,0.9424528301886792,0.6894409937888198
0.5255957245826721,0.9423432861882312,0.6897221583211921
0.5252805352210999,0.9421989528795811,0.6899777624415305
0.5250011682510376,0.9420896563753707,0.6902589269739028
0.5247445702552795,0.9419456066945606,0.6905145310942412
0.5244241952896118,0.941662310507057,0.6906678935664443
0.5240498185157776,0.9414838035527691,0.6908979372747489
0.523563027381897,0.9413402959094865,0.6911535413950873
0.5232301950454712,0.9411989840297832,0.6914347059274596
0.5228237509727478,0.9410557796633746,0.691690310047798
0.5224964618682861,0.9409127246185395,0.6919459141681364
0.5222068428993225,0.9409087750990065,0.6923037599366102
0.5218555927276611,0.9407312246102566,0.6925338036449148
0.5216095447540283,0.9405538589672404,0.6927638473532194
0.5213373899459839,0.9403766778814471,0.6929938910615239
0.5211645364761353,0.9401303473618526,0.6931728139457608
0.5208508968353271,0.9400575170645508,0.6934795388901669
0.5206015706062317,0.9400193932677656,0.6938118242466068
0.520391047000885,0.9398774704925409,0.6940674283669452
0.5199638605117798,0.9395994049884111,0.6942463512511822
0.5196752548217773,0.9393887006431091,0.6944508345474529
0.5194726586341858,0.9392818882399696,0.6947319990798252
0.5192208886146545,0.9391061066592982,0.6949620427881298
0.5189993381500244,0.9388959850864778,0.6951665260844004
0.5185396075248718,0.938720585190808,0.695396569792705
0.5182654857635498,0.9385798530882505,0.6956521739130435
0.5179810523986816,0.9384047980146146,0.695882217621348
0.5176725387573242,0.9381954731801426,0.6960867009176188
0.5174020528793335,0.9379519316851457,0.6962656238018556
0.5170755982398987,0.9376075435336224,0.6963934258620249
0.5168108940124512,0.9375021497609466,0.6966745903943972
0.5164031982421875,0.9373624862486248,0.6969301945147356
0.5160951018333435,0.9372573274232897,0.6972113590471078
0.5157968401908875,0.9371179339240332,0.6974669631674463
0.5154998898506165,0.9370130093021659,0.6977481276998185
0.5153246521949768,0.936976808014272,0.6980804130562585
0.5150279402732849,0.9366663237664163,0.6982082151164277
0.5146772265434265,0.9364247035437658,0.6983871380006645
0.5142852663993835,0.9364231151303395,0.6987449837691384
0.513808012008667,0.9362503423719529,0.6989750274774429
0.513454794883728,0.9360457158499863,0.6992050711857475
0.5132143497467041,0.9358391189849175,0.6994095544820182
0.512851893901825,0.9356669173446366,0.6996395981903228
0.5125944018363953,0.9354948922067716,0.6998696418986274
0.5122649073600769,0.9353571916404863,0.7001252460189659
0.5119358897209167,0.935151370353937,0.7003297293152365
0.5116536021232605,0.9350139864910963,0.7005853334355749
0.5114468932151794,0.9348426472092468,0.7008153771438795
0.5110545754432678,0.9347055616139586,0.701070981264218
0.5106890797615051,0.9344664327804081,0.7012499041484549
0.510313868522644,0.9342615918839791,0.7014543874447257
0.5100821852684021,0.9340251786321878,0.7016588707409963
0.509743332862854,0.9337187553137222,0.7017866728011656
0.5094513893127441,0.9335825968728756,0.702042276921504
0.509066104888916,0.9334805503652115,0.7023234414538763
0.508780837059021,0.9333786078098472,0.7026046059862485
0.508491039276123,0.9332088919056508,0.7028346496945531
0.5083587765693665,0.9330054274084125,0.7030391329908238
0.5080472230911255,0.9328021698592982,0.7032436162870945
0.507658064365387,0.9325652321247034,0.7034225391713315
0.5074838399887085,0.9324640135478408,0.7037037037037037
0.5072269439697266,0.932263633593988,0.7039337474120083
0.5069513320922852,0.9321965083231831,0.7042404723564144
0.5066296458244324,0.932028000405803,0.704470516064719
0.5063149333000183,0.9318258635841277,0.7046749993609897
0.5059192776679993,0.9316914969088882,0.7049306034813281
0.5055462121963501,0.9315235008103727,0.7051606471896327
0.5052827596664429,0.9313894232391752,0.7054162513099711
0.5049623847007751,0.9311880186197126,0.7056207346062419
0.5046678185462952,0.9309531034017734,0.7057996574904788
0.5043112635612488,0.9308195174551827,0.7060552616108172
0.5040735602378845,0.93065238624499,0.7062853053191217
0.503792941570282,0.9304204396270239,0.7064897886153925
0.5035725235939026,0.9302536841396944,0.7067198323236971
0.5030847191810608,0.9299862124625887,0.7068731947959002
0.5027506351470947,0.9298198440440979,0.7071032385042046
0.5024189949035645,0.9295864547989384,0.7072821613884416
0.5021191239356995,0.9294876099657511,0.7075633259208138
0.5019392371177673,0.9293553042252576,0.7078189300411523
0.5016789436340332,0.9291225010063062,0.7079978529253892
0.5014206171035767,0.9289234586113253,0.7082023362216598
0.5010358691215515,0.9288251457677099,0.7084835007540321
0.5008013248443604,0.9285953513296269,0.7086879840503029
0.5005067586898804,0.9284973052589295,0.7089691485826751
0.5002090930938721,0.9283658993576017,0.7092247527030136
0.49949097633361816,0.9282346252884326,0.709480356823352
0.49566546082496643,0.9279697840764757,0.7096337192955551
0.4884631335735321,0.9277720241873517,0.7098382025918257
0.46640631556510925,0.9274742887671965,0.709966004651995
0.43530675768852234,0.9272436004405433,0.7101449275362319
0.4099905490875244,0.9269130695843618,0.7102471691843673
0.381465345621109,0.9264828459973994,0.7102727295964011
0.3664422631263733,0.9260863769661424,0.7103238504204687
0.3542041480541229,0.9256927791100453,0.7104005316565704
0.34274640679359436,0.9252971137521222,0.710451652480638
0.338031530380249,0.9248352964663605,0.710451652480638
0.3300386071205139,0.9244071967807377,0.7104772128926718
0.3234885036945343,0.9239462837388646,0.7104772128926718
0.3181610405445099,0.9234858300940231,0.7104772128926718
0.31477290391921997,0.9230922494520821,0.7105283337167395
0.31099772453308105,0.922665870091938,0.7105538941287733
0.30682530999183655,0.9222730891719745,0.710605014952841
0.3025777339935303,0.92181438376604,0.710605014952841
0.30049869418144226,0.9213256006628003,0.710605014952841
