confidence,precision,recall
1.0,1.0,2.5560412033841985e-05
1.0,1.0,0.00040896659254147175
1.0,0.96875,0.0007923727730491016
1.0,0.9791666666666666,0.0012013393655905733
1.0,0.984375,0.001610305958132045
1.0,0.9873417721518988,0.0019937121386396747
1.0,0.9894736842105263,0.0024026787311811466
1.0,0.990990990990991,0.0028116453237226184
1.0,0.9921259842519685,0.00322061191626409
1.0,0.993006993006993,0.003629578508805562
1.0,0.9936708860759493,0.004012984689313191
0.9999998807907104,0.9942528735632183,0.004421951281854663
0.9999998807907104,0.9947368421052631,0.004830917874396135
0.9999998807907104,0.9951456310679612,0.005239884466937607
0.9999998807907104,0.9954954954954955,0.005648851059479079
0.9999998807907104,0.9957805907172996,0.0060322572399867085
0.9999998807907104,0.9960474308300395,0.00644122383252818
0.9999998807907104,0.9962825278810409,0.006850190425069652
0.9999998807907104,0.9964912280701754,0.007259157017611124
0.9999998807907104,0.9966666666666667,0.007642563198118754
0.9999998807907104,0.9968354430379747,0.008051529790660225
0.9999998807907104,0.9969879518072289,0.008460496383201697
0.9999998807907104,0.9971264367816092,0.008869462975743168
0.9999997615814209,0.9972527472527473,0.009278429568284641
0.9999997615814209,0.9973614775725593,0.00966183574879227
0.9999997615814209,0.9974683544303797,0.010070802341333743
0.9999997615814209,0.9975669099756691,0.010479768933875214
0.9999997615814209,0.9976580796252927,0.010888735526416686
0.9999997615814209,0.9977426636568849,0.011297702118958157
0.9999997615814209,0.9978165938864629,0.011681108299465788
0.9999996423721313,0.9978902953586498,0.012090074892007259
0.9999996423721313,0.9979591836734694,0.012499041484548732
0.9999996423721313,0.9980237154150198,0.012908008077090203
0.9999996423721313,0.9980842911877394,0.013316974669631675
0.9999996423721313,0.9981378026070763,0.013700380850139304
0.9999996423721313,0.9981916817359855,0.014109347442680775
0.9999995231628418,0.9982425307557118,0.014518314035222248
0.9999995231628418,0.9982905982905983,0.014927280627763719
0.9999995231628418,0.9983333333333333,0.01531068680827135
0.9999995231628418,0.9983766233766234,0.01571965340081282
0.9999995231628418,0.9984177215189873,0.01612861999335429
0.9999995231628418,0.9984567901234568,0.016537586585895766
0.9999994039535522,0.9984939759036144,0.016946553178437237
0.9999994039535522,0.9970544918998527,0.017304398946911024
0.9999994039535522,0.99568345323741,0.017687805127418653
0.9999994039535522,0.9943741209563994,0.018071211307926285
0.9999994039535522,0.9944979367262724,0.018480177900467756
0.9999994039535522,0.9946164199192463,0.018889144493009227
0.9999992847442627,0.9947229551451188,0.019272550673516856
0.9999992847442627,0.9948320413436692,0.019681517266058327
0.9999992847442627,0.9949367088607595,0.0200904838585998
0.9999992847442627,0.9950372208436724,0.020499450451141273
0.9999992847442627,0.9951278928136419,0.0208828566316489
0.9999991655349731,0.995221027479092,0.021291823224190373
0.9999991655349731,0.9953106682297772,0.021700789816731847
0.9999991655349731,0.9953970080552359,0.022109756409273318
0.9999991655349731,0.9954802259887006,0.02251872300181479
0.9999991655349731,0.9955555555555555,0.022902129182322418
0.9999990463256836,0.9956331877729258,0.023311095774863892
0.9999990463256836,0.9957081545064378,0.023720062367405363
0.9999990463256836,0.9957805907172996,0.024129028959946834
0.999998927116394,0.9937759336099585,0.02448687472842062
0.999998927116394,0.9938712972420838,0.02487028090892825
0.999998927116394,0.9939698492462311,0.025279247501469725
0.999998927116394,0.9940652818991098,0.025688214094011196
0.9999988079071045,0.994157740993184,0.026097180686552666
0.9999988079071045,0.9942473633748802,0.026506147279094137
0.9999988079071045,0.994328922495274,0.02688955345960177
0.9999988079071045,0.994413407821229,0.02729852005214324
0.9999986886978149,0.9944954128440368,0.027707486644684712
0.9999986886978149,0.9945750452079566,0.028116453237226183
0.9999986886978149,0.9937555753791257,0.028474299005699973
0.9999986886978149,0.9938434476693052,0.028883265598241444
0.9999985694885254,0.9939288811795317,0.029292232190782915
0.9999985694885254,0.9940119760479041,0.029701198783324386
0.9999985694885254,0.9940928270042194,0.03011016537586586
0.9999984502792358,0.9941666666666666,0.03049357155637349
0.9999984502792358,0.9942434210526315,0.03090253814891496
0.9999984502792358,0.9943181818181818,0.031311504741456435
0.9999983310699463,0.9943910256410257,0.031720471333997906
0.9999983310699463,0.9944620253164557,0.03212943792653938
0.9999983310699463,0.9945269741985927,0.032512844107047
0.9999983310699463,0.9945945945945946,0.03292181069958848
0.9999982118606567,0.9946605644546148,0.03333077729212995
0.9999982118606567,0.9947249434815373,0.03373974388467142
0.9999980926513672,0.9947877885331348,0.03414871047721289
0.9999980926513672,0.9948453608247423,0.034532116657720525
0.9999980926513672,0.99490538573508,0.034941083250261996
0.9999979734420776,0.9949640287769784,0.03535004984280347
0.9999979734420776,0.9950213371266002,0.03575901643534494
0.9999979734420776,0.9950738916256158,0.03614242261585257
0.9999978542327881,0.9951287404314544,0.03655138920839404
0.9999978542327881,0.9951823812801102,0.03696035580093551
0.9999977350234985,0.9952348536419333,0.037369322393476984
0.9999977350234985,0.9952861952861953,0.037778288986018455
0.9999977350234985,0.9953333333333333,0.03816169516652609
0.999997615814209,0.9953825857519789,0.03857066175906756
0.999997615814209,0.9954308093994778,0.03897962835160903
0.9999974966049194,0.9954780361757106,0.0393885949441505
0.9999974966049194,0.9955242966751918,0.03979756153669197
0.9999973773956299,0.9949335022165928,0.04015540730516576
0.9999973773956299,0.9949843260188088,0.04056437389770723
0.9999972581863403,0.994413407821229,0.04094778007821486
0.9999972581863403,0.9944683466502766,0.04135674667075633
0.9999971389770508,0.9945188794153471,0.041740152851263965
0.9999971389770508,0.9945717732207479,0.042149119443805436
0.9999971389770508,0.994026284348865,0.04253252562431306
0.9999970197677612,0.9940828402366864,0.04294149221685454
0.9999970197677612,0.9941383352872216,0.04335045880939601
0.9999969005584717,0.9941894247530505,0.043733864989903636
0.9999969005584717,0.9942429476108232,0.044142831582445106
0.9999967813491821,0.9942954934398175,0.04455179817498658
0.9999967813491821,0.9943470887507067,0.044960764767528055
0.9999966621398926,0.9943977591036415,0.045369731360069526
0.9999966621398926,0.9944444444444445,0.04575313754057715
0.999996542930603,0.9944933920704846,0.04616210413311862
0.999996542930603,0.9945414847161572,0.0465710707256601
0.9999964237213135,0.9945887445887446,0.04698003731820157
0.9999964237213135,0.9946351931330472,0.04738900391074304
0.9999963045120239,0.9946780202235231,0.04777241009125067
0.9999963045120239,0.9947229551451188,0.048181376683792146
0.9999961853027344,0.9947671376242805,0.04859034327633362
0.9999961853027344,0.9948105864037364,0.04899930986887509
0.9999960660934448,0.994335736354274,0.049357155637348875
0.9999960660934448,0.9943820224719101,0.049766122229890346
0.9999959468841553,0.9944275582573455,0.05017508882243182
0.9999959468841553,0.9944723618090452,0.05058405541497329
0.9999958276748657,0.9945164506480558,0.05099302200751476
0.9999958276748657,0.9945571499257794,0.05137642818802239
0.9999957084655762,0.9945999018163967,0.05178539478056386
0.9999957084655762,0.9946419873356064,0.05219436137310533
0.9999955892562866,0.9946834219429677,0.052603327965646804
0.9999955892562866,0.9947242206235012,0.053012294558188275
0.9999954700469971,0.9947619047619047,0.05339570073869591
0.9999953508377075,0.9948015122873346,0.05380466733123738
0.9999953508377075,0.9948405253283302,0.05421363392377885
0.999995231628418,0.99487895716946,0.05462260051632032
0.9999951124191284,0.994916820702403,0.0550315671088618
0.9999951124191284,0.9949518127581459,0.055414973289369424
0.9999949932098389,0.99498861047836,0.055823939881910895
0.9999948740005493,0.9950248756218906,0.056232906474452365
0.9999948740005493,0.994611585092052,0.05661631265496
0.9999947547912598,0.9946476360392507,0.05699971883546763
0.9999947547912598,0.9946855624446412,0.0574086854280091
0.9999946355819702,0.9947229551451188,0.05781765202055057
0.9999945163726807,0.994759825327511,0.05822661861309204
0.9999943971633911,0.99479618386817,0.058635585205633514
0.9999943971633911,0.994829814735028,0.05901899138614115
0.9999942779541016,0.9948652118100129,0.05942795797868262
0.999994158744812,0.9949001274968126,0.05983692457122409
0.9999940395355225,0.9949345715491769,0.06024589116376556
0.9999940395355225,0.9949685534591195,0.06065485775630703
0.9999939203262329,0.995,0.06103826393681466
0.9999938011169434,0.9950331125827815,0.061447230529356134
0.9999936819076538,0.9950657894736842,0.061856197121897605
0.9999935626983643,0.9950980392156863,0.062265163714439076
0.9999934434890747,0.9951278928136419,0.0626485698949467
0.9999934434890747,0.9951593384429205,0.06305753648748817
0.9999932050704956,0.995190380761523,0.06346650308002966
0.9999932050704956,0.995221027479092,0.06387546967257113
0.999993085861206,0.9944598337950139,0.06423331544104491
0.9999929666519165,0.994492525570417,0.06461672162155253
0.999992847442627,0.9945269741985927,0.065025688214094
0.9999927282333374,0.9945609945609946,0.06543465480663549
0.9999926090240479,0.9945945945945946,0.06584362139917696
0.9999926090240479,0.9946277820414429,0.06625258799171843
0.9999924898147583,0.9946585272796642,0.06663599417222606
0.9999922513961792,0.9946909366704588,0.06704496076476753
0.9999921321868896,0.9947229551451188,0.067453927357309
0.9999920129776001,0.9947545897339828,0.06786289394985047
0.9999918937683105,0.9947858472998138,0.06827186054239194
0.999991774559021,0.9948148148148148,0.06865526672289958
0.9999916553497314,0.9948453608247423,0.06906423331544105
0.9999915361404419,0.9948755490483162,0.06947319990798252
0.9999914169311523,0.99490538573508,0.06988216650052399
0.9999912977218628,0.9949330437929786,0.07026557268103162
0.9999911785125732,0.9949622166246851,0.07067453927357309
0.9999910593032837,0.9949910554561717,0.07108350586611456
0.9999909400939941,0.9950195659907506,0.07149247245865603
0.9999908208847046,0.9950477538026176,0.0719014390511975
0.9999905824661255,0.9950738916256158,0.07228484523170514
0.9999904632568359,0.9951014695591323,0.07269381182424661
0.9999904632568359,0.9951287404314544,0.07310277841678808
0.9999903440475464,0.9951557093425606,0.07351174500932955
0.9999901056289673,0.9948382656572609,0.07389515118983718
0.9999899864196777,0.9945224238274564,0.07425299695831097
0.9999898672103882,0.9942117807286347,0.0746364031388186
0.9999898672103882,0.9942431425668812,0.07504536973136007
0.9999896287918091,0.9942741663859885,0.07545433632390154
0.9999895095825195,0.9943048576214405,0.07586330291644301
0.9999892711639404,0.9943333333333333,0.07624670909695064
0.9999891519546509,0.9943633952254642,0.07665567568949211
0.9999889135360718,0.9943931398416886,0.07706464228203358
0.9999887943267822,0.9944225721784777,0.07747360887457506
0.9999886751174927,0.9944498857329416,0.07785701505508269
0.9999885559082031,0.9944787268593699,0.07826598164762416
0.999988317489624,0.9945072697899838,0.07867494824016563
0.9999881982803345,0.994535519125683,0.0790839148327071
0.9999880790710449,0.9945634793732011,0.07949288142524857
0.9999878406524658,0.9945894334818587,0.0798762876057562
0.9999877214431763,0.9946168461051298,0.08028525419829767
0.9999876022338867,0.9946439823566477,0.08069422079083916
0.9999873638153076,0.9946708463949844,0.08110318738338063
0.9999872446060181,0.9946974422956956,0.0815121539759221
0.9999871253967285,0.994722135982614,0.08189556015642972
0.999987006187439,0.9947482236638863,0.0823045267489712
0.9999867677688599,0.9947740547187212,0.08271349334151266
0.9999866485595703,0.9947996329152646,0.08312245993405414
0.9999864101409912,0.9948233861144945,0.08350586611456176
0.9999861717224121,0.9948484848484849,0.08391483270710323
0.999985933303833,0.9948733413751508,0.08432379929964472
0.9999856948852539,0.9948979591836735,0.08473276589218619
0.9999853372573853,0.9949223416965353,0.08514173248472766
0.9999852180480957,0.9949449895926257,0.08552513866523528
0.9999850988388062,0.9949689257176679,0.08593410525777676
0.999984860420227,0.9949926362297496,0.08634307185031823
0.999984622001648,0.9950161243037232,0.0867520384428597
0.9999843835830688,0.9950393930551503,0.08716100503540117
0.9999842643737793,0.9947704822777454,0.08751885080387496
0.9999840259552002,0.9947946790052054,0.08792781739641643
0.9999839067459106,0.9948186528497409,0.0883367839889579
0.9999836683273315,0.9948424068767908,0.08874575058149937
0.9999834299087524,0.9948659440958357,0.08915471717404085
0.9999833106994629,0.9948878159613747,0.08953812335454847
0.9999830722808838,0.9949109414758269,0.08994708994708994
0.9999829530715942,0.9946524064171123,0.09033049612759758
0.9999827146530151,0.9946763799383581,0.09073946272013905
0.999982476234436,0.9946986607142857,0.09112286890064668
0.9999822378158569,0.9947222222222222,0.09153183549318815
0.9999821186065674,0.994745575221239,0.09194080208572962
0.9999818801879883,0.9947687224669604,0.09234976867827109
0.9999817609786987,0.9947916666666666,0.09275873527081256
0.9999815225601196,0.9948129948129948,0.0931421414513202
0.9999814033508301,0.99483555313944,0.09355110804386167
0.9999812841415405,0.9948579161028417,0.09396007463640314
0.9999809265136719,0.9946106170843438,0.09434348081691077
0.9999806880950928,0.9946337536892943,0.09475244740945224
0.9999804496765137,0.9943880277926243,0.09511029317792603
0.9999803304672241,0.9944119212346993,0.0955192597704675
0.9999798536300659,0.994435612082671,0.09592822636300898
0.9999796152114868,0.9944591029023747,0.09633719295555045
0.9999792575836182,0.9944823962165003,0.09674615954809192
0.9999790191650391,0.9945040565297043,0.09712956572859954
0.9999788999557495,0.9945269741985927,0.09753853232114101
0.9999786615371704,0.9945497015312743,0.09794749891368248
0.9999785423278809,0.9945722408891187,0.09835646550622396
0.9999783039093018,0.9945932028836252,0.0987398716867316
0.9999780654907227,0.9946153846153846,0.09914883827927307
0.9999778270721436,0.9946373850868233,0.09955780487181454
0.9999775886535645,0.9946592065106816,0.09996677146435601
0.9999773502349854,0.9946808510638298,0.10037573805689748
0.9999773502349854,0.9944486500126167,0.10073358382537126
0.9999771118164062,0.9944709726061824,0.10114255041791273
0.9999769926071167,0.9944931163954943,0.10155151701045421
0.999976634979248,0.9945150835203191,0.10196048360299569
0.999976396560669,0.9945368760864167,0.10236945019553716
0.9999759197235107,0.9945571499257794,0.10275285637604478
0.9999756813049316,0.9945786101527846,0.10316182296858625
0.9999752044677734,0.9945999018163967,0.10357078956112772
0.9999749660491943,0.9946210268948655,0.1039797561536692
0.9999747276306152,0.9946406820950061,0.10436316233417682
0.9999743700027466,0.9946614899296288,0.1047721289267183
0.9999741315841675,0.9944404157602127,0.10515553510722593
0.9999737739562988,0.9944618348182037,0.1055645016997674
0.9999735355377197,0.994243223794675,0.10594790788027503
0.9999732971191406,0.994263862332696,0.10633131406078265
0.999972939491272,0.9942857142857143,0.10674028065332414
0.9999725818634033,0.9943074003795066,0.10714924724586561
0.9999724626541138,0.9940926275992439,0.10753265342637323
0.9999721050262451,0.9941148775894538,0.1079416200189147
0.999971866607666,0.9941355852685902,0.10832502619942233
0.9999715089797974,0.9939238139752279,0.10870843237992997
0.9999712705612183,0.9939464493597207,0.10911739897247144
0.9999709129333496,0.9939689167246578,0.10952636556501291
0.999970555305481,0.9939912179339034,0.10993533215755438
0.9999703168869019,0.9940119760479041,0.11031873833806201
0.9999699592590332,0.9940339605323543,0.11072770493060348
0.9999697208404541,0.9938271604938271,0.1111111111111111
0.9999693632125854,0.9938496583143508,0.11152007770365259
0.9999690055847168,0.9938706015891033,0.11190348388416022
0.9999687671661377,0.99389278443791,0.11231245047670169
0.9999680519104004,0.9939148073022313,0.11272141706924316
0.9999678134918213,0.9939366719065799,0.11313038366178463
0.9999672174453735,0.9937346162452451,0.11351378984229225
0.9999667406082153,0.9937555753791257,0.1138971960227999
0.9999663829803467,0.9937777777777778,0.11430616261534136
0.9999659061431885,0.9937998228520815,0.11471512920788283
0.9999654293060303,0.9938217122683142,0.1151240958004243
0.9999649524688721,0.9938434476693052,0.11553306239296578
0.999964714050293,0.9938636861713784,0.1159164685734734
0.9999643564224243,0.9938851277571522,0.11632543516601487
0.9999641180038452,0.9939064200217628,0.11673440175855634
0.9999637603759766,0.9939275645196269,0.11714336835109782
0.9999634027481079,0.9939472546476438,0.11752677453160545
0.9999629259109497,0.993968117190866,0.11793574112414693
0.9999624490737915,0.9939888364104766,0.1183447077166884
0.9999619722366333,0.9940094137783483,0.11875367430922987
0.9999616146087646,0.9940298507462687,0.11916264090177134
0.9999613761901855,0.9940488841657811,0.11954604708227896
0.9999608993530273,0.994069053166702,0.11995501367482043
0.9999605417251587,0.9940890859193583,0.1203639802673619
0.99996018409729,0.9941089837997055,0.12077294685990338
0.9999597072601318,0.9941287481652338,0.12118191345244485
0.9999593496322632,0.9941471571906354,0.12156531963295249
0.9999589920043945,0.9941666666666666,0.12197428622549396
0.9999585151672363,0.9941860465116279,0.12238325281803543
0.9999580383300781,0.9942052980132451,0.1227922194105769
0.999957799911499,0.9942244224422442,0.12320118600311837
0.9999572038650513,0.994242237302077,0.123584592183626
0.9999567270278931,0.994261119081779,0.12399355877616747
0.9999561309814453,0.9942798774259448,0.12440252536870894
0.9999555349349976,0.9942985135410304,0.12481149196125041
0.9999549388885498,0.9941128704831507,0.1251693377297242
0.9999544620513916,0.9941319303925537,0.1255783043222657
0.9999538660049438,0.9941508672851956,0.12598727091480716
0.9999531507492065,0.9941696823482107,0.12639623750734863
0.9999526739120483,0.994188376753507,0.1268052040998901
0.9999518394470215,0.9942057942057942,0.1271886102803977
0.9999513626098633,0.9940250946026687,0.12757201646090535
0.9999507665634155,0.9940440738534843,0.12798098305344682
0.9999502897262573,0.9940629329111419,0.1283899496459883
0.9999499320983887,0.9940816729137897,0.12879891623852976
0.9999493360519409,0.9939024390243902,0.12915676200700354
0.9999486207962036,0.993921568627451,0.12956572859954502
0.9999479055404663,0.9939405785770133,0.1299746951920865
0.9999474287033081,0.9937646141855028,0.13035810137259413
0.9999465942382812,0.9937839937839937,0.1307670679651356
0.9999459981918335,0.9938020530699206,0.13115047414564324
0.9999454021453857,0.9938212010040548,0.1315594407381847
0.9999449253082275,0.9938402309913378,0.13196840733072618
0.9999442100524902,0.9938591441182115,0.13237737392326765
0.9999436140060425,0.993876769996173,0.13276078010377526
0.9999430179595947,0.9937046928653186,0.1331441862842829
0.9999425411224365,0.9937238493723849,0.13355315287682437
0.9999418258666992,0.9937428896473265,0.13396211946936584
0.9999412298202515,0.9937618147448015,0.1343710860619073
0.9999407529830933,0.9937794533459001,0.13475449224241495
0.999940037727356,0.9937981582409322,0.13516345883495642
0.9999394416809082,0.9938167509836987,0.1355724254274979
0.9999387264251709,0.9938352325798617,0.13598139202003937
0.9999381303787231,0.9938536040230955,0.13639035861258084
0.9999375343322754,0.9936849925705795,0.13674820438105462
0.9999368190765381,0.9937037037037038,0.1371571709735961
0.9999363422393799,0.9937223042836041,0.13756613756613756
0.9999357461929321,0.9935567010309279,0.1379495437466452
0.9999352693557739,0.9935744446484304,0.13833294992715284
0.9999347925186157,0.9935932637744829,0.1387419165196943
0.9999339580535889,0.9936119729877715,0.13915088311223578
0.9999332427978516,0.9936305732484076,0.13955984970477725
0.9999324083328247,0.9936490655053529,0.13996881629731872
0.9999319314956665,0.9936663047412233,0.14035222247782633
0.9999312162399292,0.9935041501263082,0.14073562865833397
0.9999303817749023,0.9935228499460238,0.14114459525087544
0.9999295473098755,0.9935414424111948,0.14155356184341691
0.9999289512634277,0.9935599284436494,0.14196252843595838
0.99992835521698,0.9935771632471008,0.14234593461646602
0.9999276399612427,0.9935954456502402,0.1427549012090075
0.9999266862869263,0.9936136242682277,0.14316386780154897
0.999925971031189,0.9936316999823103,0.14357283439409044
0.9999254941940308,0.9936496736637855,0.1439818009866319
0.9999250173568726,0.9936664320900774,0.14436520716713955
0.9999245405197144,0.9936842105263158,0.14477417375968102
0.9999233484268188,0.9935269419174247,0.14515757994018863
0.999922513961792,0.9935450104675506,0.1455665465327301
0.999921441078186,0.993561858360884,0.14594995271323774
0.9999208450317383,0.993579732778067,0.1463589193057792
0.999920129776001,0.9935975082194152,0.14676788589832068
0.9999192953109741,0.9934426229508196,0.14715129207882832
0.9999185800552368,0.9934606780244364,0.1475602586713698
0.9999176263809204,0.9933058702368692,0.14791810443984357
0.9999169111251831,0.9933242040397124,0.14832707103238504
0.9999161958694458,0.9933424376920451,0.14873603762492651
0.999915361404419,0.9933605720122574,0.14914500421746799
0.9999144077301025,0.9933786078098472,0.14955397081000946
0.9999134540557861,0.9933954276037257,0.1499373769905171
0.9999126195907593,0.9934132747846648,0.15034634358305857
0.9999115467071533,0.9934310257705912,0.15075531017560004
0.999910831451416,0.9934486813371409,0.1511642767681415
0.9999096393585205,0.9934662422516335,0.15157324336068298
0.9999086856842041,0.9934826203208557,0.1519566495411906
0.9999079704284668,0.9933333333333333,0.15234005572169823
0.9999070167541504,0.9933510638297872,0.1527490223142397
0.9999059438705444,0.993368700265252,0.15315798890678117
0.9999052286148071,0.9932197784025136,0.15351583467525495
0.999903678894043,0.9932376711199077,0.15392480126779642
0.9999027252197266,0.9930909689093601,0.15430820744830406
0.9999020099639893,0.9931091058244462,0.15471717404084553
0.9999008178710938,0.993127147766323,0.155126140633387
0.9998996257781982,0.9931439764936337,0.15550954681389464
0.9998983144760132,0.9931618365353305,0.15591851340643612
0.9998971223831177,0.993179603767457,0.1563274799989776
0.9998961687088013,0.9931972789115646,0.15673644659151906
0.9998947381973267,0.9932148626817447,0.15714541318406053
0.9998936653137207,0.9932312651087832,0.15752881936456817
0.9998924732208252,0.9932486738466485,0.15793778595710964
0.9998915195465088,0.9932659932659933,0.1583467525496511
0.9998903274536133,0.9932832240524548,0.15875571914219258
0.9998894929885864,0.9932992980216975,0.1591391253227002
0.9998883008956909,0.9933163590070019,0.15954809191524166
0.9998871088027954,0.9931746031746032,0.1599314980957493
0.9998856782913208,0.9931918936035465,0.16034046468829077
0.999884843826294,0.9932090966519267,0.16074943128083224
0.9998841285705566,0.993225145738144,0.16113283746133988
0.9998831748962402,0.9932421813609933,0.16154180405388135
0.9998822212219238,0.9932591315253174,0.16195077064642283
0.9998810291290283,0.9932759968725566,0.1623597372389643
0.9998795986175537,0.9932927780377476,0.16276870383150577
0.9998782873153687,0.9931528166822284,0.16312654959997955
0.9998767375946045,0.9931698230363242,0.16353551619252102
0.9998751878738403,0.9931867451223289,0.1639444827850625
0.9998742341995239,0.9932035835650294,0.16435344937760396
0.9998729228973389,0.9932203389830508,0.16476241597014543
0.9998719692230225,0.9932359723289778,0.16514582215065307
0.9998699426651001,0.9932525686244441,0.16555478874319454
0.9998685121536255,0.9932690836775279,0.165963755335736
0.9998670816421509,0.9932855180833207,0.16637272192827748
0.9998654127120972,0.9933008526187577,0.16675612810878512
0.9998648166656494,0.9933171324422844,0.1671650947013266
0.9998629093170166,0.9933333333333333,0.16757406129386807
0.9998619556427002,0.9933494558645707,0.16798302788640954
0.9998606443405151,0.9933655006031363,0.168391994478951
0.999859094619751,0.9932300285843237,0.1687498402474248
0.9998576641082764,0.9932462854570013,0.16915880683996626
0.9998557567596436,0.9932624644407846,0.16956777343250773
0.999854326248169,0.9931292008961912,0.16995117961301537
0.9998526573181152,0.9929965727909402,0.17033458579352298
0.999850869178772,0.9930121914956884,0.17071799197403062
0.999849796295166,0.9930287748442599,0.1711269585665721
0.9998478889465332,0.993045279668541,0.17153592515911356
0.9998455047607422,0.9929140832595217,0.1719193313396212
0.9998446702957153,0.9929307805596466,0.17232829793216267
0.9998431205749512,0.992799412196914,0.17268614370063645
0.9998422861099243,0.9928163025949275,0.17309511029317792
0.9998401403427124,0.9928331139388621,0.1735040768857194
0.9998384714126587,0.992849846782431,0.17391304347826086
0.9998372793197632,0.9928654630168899,0.1742964496587685
0.9998362064361572,0.9928820453224869,0.17470541625130998
0.9998347759246826,0.9927536231884058,0.17508882243181761
0.9998329877853394,0.9927703875072296,0.17549778902435909
0.9998314380645752,0.9927870744373918,0.17590675561690056
0.9998300075531006,0.9928026486253059,0.17629016179740817
0.9998282194137573,0.992675570874623,0.1766735679779158
0.9998267292976379,0.9926923628026938,0.17708253457045728
0.9998250603675842,0.9927090779127948,0.17749150116299875
0.9998235106468201,0.9927257167308515,0.17790046775554022
0.9998223185539246,0.9927412467976089,0.17828387393604786
0.9998201727867126,0.992757739278614,0.17869284052858933
0.9998185038566589,0.9927741569849816,0.1791018071211308
0.9998169541358948,0.9927905004240882,0.17951077371367227
0.9998149275779724,0.9926646917759909,0.17986861948214605
0.9998133778572083,0.9926812104152005,0.18027758607468752
0.9998119473457336,0.9926976548237607,0.180686552667229
0.9998096823692322,0.9927140255009107,0.18109551925977047
0.9998078942298889,0.9927303229414232,0.18150448585231194
0.9998058676719666,0.9927455357142857,0.18188789203281958
0.9998037815093994,0.9927616926503341,0.18229685862536105
0.9998019337654114,0.9927777777777778,0.18270582521790252
0.999799907207489,0.9927937915742794,0.183114791810444
0.9997978806495667,0.9928097345132744,0.18352375840298546
0.9997959733009338,0.9928246170829309,0.1839071645834931
0.9997938275337219,0.9928404240671899,0.18431613117603457
0.9997914433479309,0.9928561615606539,0.18472509776857604
0.9997881054878235,0.992871830020562,0.1851340643611175
0.9997861981391907,0.9928874299001504,0.18554303095365898
0.9997857213020325,0.9929019929019929,0.1859264371341666
0.9997841715812683,0.9929174611822392,0.18633540372670807
0.999782383441925,0.9929328621908127,0.18674437031924954
0.9997801184654236,0.9929481963656089,0.187153336911791
0.9997788071632385,0.9929625118419272,0.18753674309229865
0.999776303768158,0.9928426738690074,0.18792014927280629
0.9997747540473938,0.9927233526478911,0.1883035554533139
0.9997722506523132,0.9927390076643808,0.18871252204585537
0.9997701644897461,0.9926204213068563,0.189095928226363
0.9997683167457581,0.992635243706481,0.18947933440687065
0.9997667670249939,0.9926509887760556,0.18988830099941212
0.9997649788856506,0.9926666666666667,0.1902972675919536
0.9997628331184387,0.9926822778073443,0.19070623418449506
0.9997602105140686,0.9926978226234732,0.19111520077703653
0.9997573494911194,0.9927123360275606,0.19149860695754414
0.9997548460960388,0.9925955308739918,0.19188201313805178
0.9997519850730896,0.9926111624224832,0.19229097973059325
0.9997497200965881,0.992626728110599,0.19269994632313472
0.9997467398643494,0.9926422283536986,0.1931089129156762
0.9997424483299255,0.992656700760556,0.19349231909618383
0.9997406601905823,0.9925412195760273,0.19387572527669147
0.9997383952140808,0.9925568033429094,0.19428469186923294
0.9997344613075256,0.9924420119885327,0.19466809804974056
0.9997311234474182,0.9924567564052542,0.1950515042302482
0.9997281432151794,0.9924724205061648,0.19546047082278967
0.9997251629829407,0.9924880196865691,0.19586943741533114
0.9997237324714661,0.9923743052862867,0.19625284359583878
0.9997212290763855,0.9922610602347478,0.1966362497763464
0.9997195601463318,0.9922760041194645,0.19701965595685403
0.9997166991233826,0.9922918807810894,0.1974286225493955
0.9997146725654602,0.9923076923076923,0.19783758914193697
0.9997116923332214,0.9923234390992836,0.19824655573447844
0.9997095465660095,0.9922114402451481,0.19862996191498608
0.9997069239616394,0.9922263285331974,0.1990133680954937
0.9997040629386902,0.9922421467633219,0.19942233468803516
0.9997010827064514,0.992257900748826,0.19983130128057663
0.9996975660324097,0.992273590880304,0.2002402678731181
0.9996942281723022,0.9922882427307206,0.20062367405362574
0.9996920824050903,0.9923038102447641,0.20103264064616722
0.9996896982192993,0.9923193150339965,0.2014416072387087
0.9996868371963501,0.9923347574767529,0.20185057383125016
0.9996848106384277,0.992350137948332,0.20225954042379163
0.9996820688247681,0.9923645011891351,0.20264294660429927
0.9996782541275024,0.9923797626483448,0.20305191319684074
0.9996753931045532,0.9923949632215434,0.2034608797893822
0.9996716976165771,0.9924101032723653,0.20386984638192368
0.9996695518493652,0.9923010058363343,0.20425325256243132
0.999666690826416,0.9921913733267228,0.2046110983309051
0.999663233757019,0.9922068283028204,0.20502006492344657
0.9996589422225952,0.9922222222222222,0.20542903151598804
0.9996558427810669,0.9922375554460325,0.2058379981085295
0.9996516704559326,0.9922528283325135,0.20624696470107098
0.9996497631072998,0.9922670921811709,0.20663037088157862
0.9996461868286133,0.9922822491730982,0.2070393374741201
0.9996427297592163,0.9922973468639198,0.20744830406666157
0.9996399879455566,0.9921903599755949,0.20783171024716918
0.9996362924575806,0.992204628501827,0.20821511642767682
0.9996316432952881,0.9922197909068806,0.2086240830202183
0.9996285438537598,0.9922348944430963,0.20903304961275976
0.999624490737915,0.9922499394526519,0.20944201620530123
0.9996210336685181,0.9922649262750786,0.2098509827978427
0.999616265296936,0.992278923875015,0.21023438897835034
0.9996113181114197,0.9922937989163154,0.2106433555708918
0.999607264995575,0.9921884388895565,0.21102676175139942
0.999603807926178,0.9922034304905841,0.2114357283439409
0.9995967745780945,0.9920986471926254,0.21181913452444853
0.9995933175086975,0.9921128107074569,0.21220254070495617
0.9995879530906677,0.9921278625954199,0.21261150729749764
0.9995837807655334,0.9921428571428571,0.2130204738900391
0.999579131603241,0.9921577946768061,0.21342944048258058
0.9995762705802917,0.9921726755218216,0.21383840707512206
0.9995717406272888,0.9920681898899018,0.21419625284359584
0.9995670914649963,0.9920831856315727,0.2146052194361373
0.9995630383491516,0.9920981247788654,0.21501418602867878
0.9995589852333069,0.9921130076515597,0.21542315262122025
0.9995560050010681,0.9921269095182139,0.2158065588017279
0.999552309513092,0.9921416842599109,0.21621552539426936
0.99954754114151,0.9921564036525404,0.21662449198681083
0.9995412826538086,0.9921710680065435,0.2170334585793523
0.9995371103286743,0.9921856776300443,0.21744242517189377
0.9995307922363281,0.9921993247176621,0.2178258313524014
0.9995249509811401,0.9922138291690877,0.21823479794494288
0.9995201826095581,0.9922282797819278,0.21864376453748435
0.9995145797729492,0.9921268959129327,0.21902717071799196
0.9995108842849731,0.9921414538310412,0.21943613731053344
0.9995073080062866,0.9921550530687586,0.21981954349104108
0.9995015859603882,0.992169507139567,0.22022851008358255
0.9994969367980957,0.992183908045977,0.22063747667612402
0.9994920492172241,0.992198256080771,0.2210464432686655
0.9994874000549316,0.9922116596037109,0.22142984944917313
0.9994807839393616,0.9921115811135246,0.22181325562968074
0.99947589635849,0.9921259842519685,0.2222222222222222
0.9994716048240662,0.9921403348900786,0.22263118881476368
0.9994668364524841,0.9921546333143831,0.22304015540730518
0.9994617104530334,0.9921679909194098,0.2234235615878128
0.999454915523529,0.9921821889870837,0.22383252818035426
0.9994468092918396,0.9920832390861796,0.2242159343608619
0.9994425177574158,0.9920975389478438,0.22462490095340337
0.9994375109672546,0.9921117872436331,0.22503386754594484
0.9994292855262756,0.9921250984362695,0.22541727372645248
0.9994238615036011,0.9921392476137002,0.22582624031899395
0.9994200468063354,0.9921533460374398,0.22623520691153542
0.9994146823883057,0.9921673939800828,0.2266441735040769
0.9994109869003296,0.9921813917122753,0.22705314009661837
0.9994076490402222,0.9921944692239072,0.22743654627712598
0.9994025230407715,0.9922083704363313,0.22784551286966745
0.9993981122970581,0.9922222222222222,0.22825447946220892
0.9993911981582642,0.9922360248447205,0.2286634460547504
0.9993863105773926,0.9922489203853394,0.22904685223525803
0.9993783235549927,0.9921520946170002,0.22943025841576567
0.9993714690208435,0.9920556107249255,0.22981366459627328
0.9993656277656555,0.9918493226126225,0.2301715103647471
0.9993582367897034,0.9918636613523915,0.23058047695728856
0.9993526339530945,0.9918770581778266,0.23096388313779617
0.9993457198143005,0.9917817225509533,0.2313472893183038
0.9993358254432678,0.991686720630059,0.23173069549881145
0.9993261098861694,0.991701244813278,0.23213966209135292
0.999321460723877,0.9916067146282974,0.23252306827186053
0.9993140697479248,0.9916204157144412,0.23290647445236817
0.9993054866790771,0.9916349809885932,0.23331544104490964
0.9992948770523071,0.9916494957162998,0.23372440763745111
0.9992867112159729,0.9914474396449063,0.2340822534059249
0.9992815852165222,0.9914613056636403,0.23446565958643253
0.9992740750312805,0.9914760466119983,0.234874626178974
0.9992678761482239,0.99138302455838,0.23525803235948164
0.9992602467536926,0.9912903225806452,0.23564143853998926
0.9992504715919495,0.9913052812365822,0.23605040513253073
0.999240517616272,0.9913192583860251,0.23643381131303837
0.9992353916168213,0.991334117898791,0.23684277790557984
0.9992254972457886,0.9913489266260814,0.2372517444981213
0.9992204904556274,0.9913636848278068,0.23766071109066278
0.9992121458053589,0.9913783927621075,0.23806967768320425
0.9992029070854187,0.9913921360255048,0.2384530838637119
0.9991955161094666,0.9914067472947168,0.23886205045625336
0.9991846680641174,0.9914213090446939,0.23927101704879483
0.999173104763031,0.9914358215267498,0.2396799836413363
0.9991605281829834,0.9914502849905004,0.24008895023387777
0.9991545677185059,0.9914638001896934,0.2404723564143854
0.9991480112075806,0.9914781693845345,0.24088132300692688
0.9991348385810852,0.9914924902846339,0.24129028959946835
0.9991243481636047,0.9915067631330607,0.24169925619200983
0.9991132020950317,0.9915201005025126,0.24208266237251744
0.9991037249565125,0.9915342809364549,0.2424916289650589
0.9990965127944946,0.9914440734557596,0.24287503514556655
0.9990887641906738,0.9914583333333333,0.24328400173810802
0.9990835189819336,0.9914725457570716,0.2436929683306495
0.9990755319595337,0.9914858270169246,0.24407637451115713
0.9990662932395935,0.9913962890017622,0.24445978069166474
0.9990517497062683,0.9914105350305288,0.2448687472842062
0.9990414977073669,0.9914247339601199,0.24527771387674768
0.9990326166152954,0.9914388860237235,0.24568668046928915
0.9990242719650269,0.9912461380020597,0.2460189658257291
0.9990144968032837,0.991260538762081,0.24642793241827057
0.9990034699440002,0.9912748922192568,0.24683689901081204
0.998992383480072,0.991186718589875,0.24722030519131968
0.9989816546440125,0.9912011458972785,0.24762927178386115
0.9989721775054932,0.9911124731841864,0.24798711755233493
0.9989633560180664,0.9911269760326364,0.2483960841448764
0.9989495873451233,0.9909377863761327,0.2487539299133502
0.9989385008811951,0.9908508691674291,0.24913733609385783
0.9989283680915833,0.9908647990255786,0.24952074227436546
0.9989191293716431,0.9908796108633968,0.24992970886690694
0.9989114999771118,0.990894374747066,0.2503386754594484
0.9989018440246582,0.990909090909091,0.2507476420519899
0.9988898634910583,0.990923759580476,0.2511566086445314
0.9988802075386047,0.9908367737387977,0.25151445441300513
0.9988710284233093,0.9908515130190007,0.2519234210055466
0.9988595247268677,0.9908662049583459,0.25233238759808807
0.9988527297973633,0.9908808497845476,0.25274135419062954
0.9988420605659485,0.990895447723862,0.253150320783171
0.9988289475440979,0.990909090909091,0.25353372696367865
0.9988118410110474,0.9909235986435269,0.2539426935562201
0.9987940788269043,0.9908384783907588,0.25432609973672776
0.9987855553627014,0.9908530522966793,0.25473506632926923
0.9987803101539612,0.9908666732850193,0.2551184725097769
0.9987685084342957,0.9908811576965011,0.25552743910231834
0.9987539052963257,0.9908955962394854,0.2559364056948598
0.9987414479255676,0.9909099891315087,0.2563453722874013
0.9987331032752991,0.9909243365887344,0.25675433887994276
0.9987161159515381,0.9909377462568952,0.2571377450604504
0.9987047910690308,0.9909520062942565,0.25754671165299187
0.9986910223960876,0.9909662215239592,0.25795567824553334
0.9986749291419983,0.9909803921568627,0.2583646448380748
0.9986653327941895,0.9909945184025059,0.2587736114306163
0.9986538887023926,0.9909099794741472,0.25913145719909003
0.9986434578895569,0.9908265833902605,0.25951486337959767
0.9986329674720764,0.9906460099386144,0.2598727091480715
0.9986228942871094,0.9906605700943671,0.26028167574061295
0.998609185218811,0.9905779504613891,0.2606650819211206
0.9985972046852112,0.9904946653734239,0.26102292768959434
0.9985796213150024,0.9904125508425334,0.261406333870102
0.998561441898346,0.9903306903887062,0.2617897400506096
0.9985483288764954,0.9903456265688357,0.2621987066431511
0.9985364675521851,0.9903595873903404,0.26258211282365873
0.9985186457633972,0.9903744344980268,0.2629910794162002
0.9985007047653198,0.9902931283037002,0.26337448559670784
0.9984874725341797,0.9903080318587467,0.2637834521892493
0.9984766840934753,0.990322889719268,0.2641924187817908
0.9984638690948486,0.9903367776502104,0.26457582496229837
0.998454213142395,0.9902560183416126,0.264959231142806
0.9984400868415833,0.990080122090805,0.2653170769112798
0.9984248876571655,0.9900952380952381,0.2657260435038213
0.9984090924263,0.9901103081019399,0.26613501009636276
0.9983963370323181,0.9901243946443833,0.2665184162768704
0.9983771443367004,0.9901393761259126,0.26692738286941187
0.9983661770820618,0.9901543122219066,0.26733634946195334
0.9983537197113037,0.9900746762453918,0.267719755642461
0.9983322024345398,0.9899952807928268,0.26810316182296856
0.9983103275299072,0.9898209236569274,0.26843544717940854
0.9982926249504089,0.9898362507058159,0.26884441377195
0.9982700347900391,0.9897575643676001,0.26922781995245765
0.9982518553733826,0.9896791142803528,0.2696112261329653
0.998236894607544,0.9896936194134732,0.26999463231347287
0.9982183575630188,0.9897090466835065,0.27040359890601434
0.9982031583786011,0.9897244278374592,0.2708125654985558
0.9981874823570251,0.9897397630818021,0.2712215320910973
0.9981667995452881,0.9897550526217752,0.27163049868363875
0.9981513619422913,0.9897693452380952,0.2720139048641464
0.9981332421302795,0.9897845468053492,0.27242287145668787
0.9981010556221008,0.9897997032640949,0.27283183804922934
0.9980783462524414,0.9897222222222222,0.273215244229737
0.9980559349060059,0.989737426035503,0.27362421082227845
0.9980353713035583,0.9897516388145139,0.2740076170027861
0.9980132579803467,0.9897667557850097,0.27441658359532756
0.9979967474937439,0.9897818282242474,0.274825550187869
0.9979815483093262,0.9897968563287067,0.2752345167804105
0.9979603290557861,0.9898109050853681,0.27561792296091814
0.9979444146156311,0.9898258478460128,0.2760268895534596
0.9979294538497925,0.9898407468423943,0.2764358561460011
0.9979103207588196,0.989855602266496,0.27684482273854255
0.9978824257850647,0.9897791567804344,0.2772282289190502
0.9978552460670471,0.9897931285883532,0.27761163509955783
0.9978193044662476,0.9898079898079898,0.2780206016920993
0.9977982044219971,0.9898228078146297,0.27842956828464077
0.9977836012840271,0.9898375827964795,0.27883853487718224
0.9977632761001587,0.9897617106097671,0.2792219410576898
0.9977481961250305,0.989685124864278,0.27957978682616363
0.9977177381515503,0.9897000361402241,0.2799887534187051
0.9976930022239685,0.9895344640923854,0.2803465991871789
0.9976645708084106,0.9895495495495495,0.2807555657797204
0.9976389408111572,0.9894746311622886,0.281138971960228
0.9976133108139038,0.9894888150211122,0.2815223781407356
0.9975895881652832,0.9894141921593254,0.28190578432124325
0.9975595474243164,0.9894293648660755,0.2823147509137847
0.9975379705429077,0.989355040701315,0.28269815709429236
0.9975155591964722,0.9892799714132571,0.28305600286276617
0.9974926710128784,0.9892060660124888,0.2834394090432738
0.9974684715270996,0.9892214502048815,0.2838483756358153
0.9974464178085327,0.9892367906066536,0.28425734222835675
0.9974269270896912,0.9892520874045123,0.2846663088208982
0.9973983764648438,0.9891776811851326,0.28502415458937197
0.997367799282074,0.9890158561431482,0.2853820003578458
0.9973451495170593,0.989031402034498,0.28579096695038725
0.9973177313804626,0.9890469039837471,0.2861999335429287
0.9972867965698242,0.9890623621769428,0.2866089001354702
0.9972623586654663,0.98907681465821,0.28699230631597783
0.9972378015518188,0.9889162561576355,0.2873501520844516
0.9972037076950073,0.9888439915671118,0.2877335582649592
0.9971652626991272,0.9886842105263158,0.28809140403343303
0.9971333742141724,0.9886124737210932,0.28847481021394067
0.99710613489151,0.9885399352637565,0.2888326559824144
0.9970675110816956,0.9885559535249411,0.2892416225749559
0.9970322847366333,0.9883102154758789,0.28957390793139587
0.9969947338104248,0.9883265092778116,0.28998287452393734
0.9969543218612671,0.9883417435183574,0.290366280704445
0.9969298243522644,0.9883579496090357,0.29077524729698645
0.996912956237793,0.9883741107062294,0.2911842138895279
0.9968923926353455,0.9883902269970543,0.2915931804820694
0.9968611001968384,0.9884062986675896,0.29200214707461086
0.9968282580375671,0.9883349174803422,0.2923599928430846
0.9967923760414124,0.9882647337992925,0.29274339902359225
0.996767520904541,0.9881947436449806,0.2931268052040999
0.9967384934425354,0.9882109973324155,0.29353577179664136
0.9966996312141418,0.9881412735241042,0.293919177977149
0.9966630339622498,0.9881565396498455,0.29430258415765664
0.9966237545013428,0.9881727802536853,0.2947115507501981
0.9965961575508118,0.9880178021225607,0.29506939651867187
0.9965538382530212,0.987948717948718,0.2954528026991795
0.9965150356292725,0.9878787878787879,0.2958106484676533
0.9964916110038757,0.9877248316426562,0.29616849423612707
0.9964607357978821,0.9877415510343066,0.29657746082866854
0.9964281916618347,0.9876732126158293,0.2969608670091762
0.9963892698287964,0.9876050598522795,0.2973442731896838
0.9963447451591492,0.9875360352721723,0.2977021189581576
0.996309220790863,0.9875529212531753,0.2981110855506991
0.996248185634613,0.9875697615423643,0.29852005214324057
0.9962133765220642,0.9875021111298767,0.2989034583237482
0.9961748123168945,0.9875189745319616,0.2993124249162897
0.9961447715759277,0.9874505179819759,0.29967027068476343
0.9960950016975403,0.9873832954832198,0.30005367686527107
0.99605792760849,0.9874002519949601,0.30046264345781254
0.9960170388221741,0.9874171629896821,0.300871610050354
0.9959826469421387,0.9874340286504146,0.3012805766428955
0.9959420561790466,0.9874497991967871,0.3016639828234031
0.9958992600440979,0.9874665775401069,0.3020729494159446
0.9958347082138062,0.9874833110814419,0.30248191600848606
0.995793342590332,0.9874166666666667,0.3028653221889937
0.9957590699195862,0.9874323761964211,0.30324872836950134
0.9957273006439209,0.9874490898512177,0.3036576949620428
0.9956923127174377,0.9873827508923383,0.3040411011425504
0.9956324696540833,0.9873165879134543,0.30442450732305804
0.9955984354019165,0.9872506002152496,0.3048079135035657
0.9955646991729736,0.9871837274681661,0.3051657592720395
0.9955262541770935,0.9871180842279108,0.3055491654525471
0.9954807758331299,0.9871350816427511,0.3059581320450886
0.9954242706298828,0.987152034261242,0.30636709863763006
0.9953871369361877,0.9870866918901136,0.30675050481813765
0.9953405857086182,0.9871026041238807,0.3071339109986453
0.9952993392944336,0.987119534006071,0.30754287759118676
0.9952414035797119,0.9870544858664482,0.3079262837716944
0.9952006340026855,0.9869896080517143,0.30830968995220204
0.9951279163360596,0.9869248998937649,0.3086930961327097
0.9950659275054932,0.9869409076069213,0.3090765023132173
0.9950357675552368,0.986957939354418,0.3094854689057588
0.994972825050354,0.9868935200260501,0.30986887508626637
0.9949299693107605,0.9869105691056911,0.31027784167880784
0.9948874115943909,0.9869265123832724,0.3106612478593155
0.994839608669281,0.9868623793690698,0.3110446540398231
0.9947909116744995,0.986798412569855,0.31142806022033076
0.994702160358429,0.9868154978565074,0.31183702681287223
0.9946545362472534,0.9867517570078359,0.31222043299337987
0.9946162104606628,0.9866871066645151,0.3125782787618536
0.994566798210144,0.9867042707493956,0.3129872453543951
0.9945241212844849,0.9867213906325447,0.31339621194693656
0.9944872260093689,0.986658093554091,0.3137796181274442
0.9944483041763306,0.9866752287686628,0.3141885847199857
0.9944111704826355,0.9866110799326545,0.3145464304884595
0.9943875670433044,0.9866282328449035,0.31495539708100095
0.9943206310272217,0.9866453418632547,0.3153643636735424
0.9942513704299927,0.9865825413305647,0.31574776985405006
0.994218111038208,0.9865188257817485,0.3161056156225238
0.9941603541374207,0.9864563416188655,0.31648902180303146
0.9941225647926331,0.9863940165499682,0.3168724279835391
0.9940680265426636,0.9864113159567705,0.31728139457608057
0.9940016865730286,0.9864285714285714,0.31769036116862204
0.9939631819725037,0.9862068965517241,0.3179970861130281
0.9939326643943787,0.9861451983215898,0.31838049229353577
0.9938912391662598,0.9861627263382621,0.31878945888607724
0.993826687335968,0.986180210060807,0.3191984254786187
0.9937649965286255,0.9860399085101349,0.3195562712470925
0.9937113523483276,0.9860564046005987,0.31993967742760016
0.99365234375,0.9860739575137687,0.3203486440201416
0.9935895204544067,0.9860914662894861,0.3207576106126831
0.9935130476951599,0.9860304504787317,0.3211410167931907
0.993468165397644,0.9859695877096724,0.3215244229736983
0.993402898311615,0.9859860643544978,0.32190782915420596
0.993319034576416,0.9857690202517789,0.32224011451064594
0.993248462677002,0.9857087075361187,0.3226235206911535
0.9931970834732056,0.9857265423913891,0.323032487283695
0.9931463003158569,0.9856653162979121,0.3233903330521688
0.9930216670036316,0.9855275443510738,0.3237481788206426
0.992942214012146,0.9853901150139882,0.32410602458911636
0.9928727149963379,0.9853306426575598,0.324489430769624
0.9928225874900818,0.9852713178294573,0.32487283695013164
0.9927892088890076,0.9852884243128146,0.3252562431306393
0.9927332401275635,0.98530662748434,0.32566520972318075
0.9926319122314453,0.9852475476944466,0.3260486159036884
0.9925881028175354,0.9852657563835532,0.32645758249622986
0.9924919009208679,0.985129825102088,0.3268154282647036
0.9924030303955078,0.9849930737263353,0.3271477136211436
0.9923381805419922,0.9848578016910069,0.32750555938961734
0.992235004901886,0.984722861968371,0.32786340515809115
0.9921813011169434,0.9846649286919185,0.3282468113385988
0.9921045899391174,0.9846071373870424,0.3286302175191064
0.9920470714569092,0.9845483056681711,0.3289880632875802
0.9920108914375305,0.9845671938268775,0.32939702988012165
0.9919378161430359,0.9845860358641739,0.3298059964726631
0.991866409778595,0.9845286182455606,0.33018940265317076
0.9918162226676941,0.9843179049939099,0.33049612759757685
0.9917240738868713,0.9841849148418491,0.33085397336605066
0.9916444420814514,0.9841281895504252,0.3312373795465583
0.9915105700492859,0.9841474514563107,0.33164634613909977
0.991399884223938,0.9841666666666666,0.33205531273164124
0.9913405776023865,0.9840332954975407,0.33238759808808116
0.9912651181221008,0.9840526037336558,0.33279656468062263
0.9911794066429138,0.9840718653279988,0.3332055312731641
0.9910842180252075,0.9840910804493704,0.3336144978657056
0.9910033941268921,0.984110249265758,0.33402346445824704
0.9909111857414246,0.9839025124116143,0.3343301894026532
0.9908154010772705,0.9836213373403456,0.3346369143470593
0.9906988739967346,0.9836410025514033,0.33504588093960075
0.9905893802642822,0.9836606205966122,0.3354548475321422
0.9905134439468384,0.9834543684959197,0.3357615724765483
0.9904072880744934,0.983399386824198,0.33614497865705595
0.9903073310852051,0.983269848383001,0.33650282442552976
0.9902527332305908,0.9832152182021634,0.3368862306060374
0.9901686906814575,0.9831607182773265,0.337269636786545
0.9900503158569336,0.9829562369752902,0.3375763617309511
0.989967942237854,0.9829765090692834,0.3379853283234926
0.9898692965507507,0.9828482328482329,0.33834317409196635
0.9897419214248657,0.9827944230198754,0.338726580272474
0.9896143078804016,0.9828148148148148,0.33913554686501546
0.9895221590995789,0.9827598964113947,0.33949339263348927
0.9894189834594727,0.9825585692114404,0.3398256779899292
0.9893445372581482,0.9825053517383923,0.3402090841704368
0.9892454147338867,0.9825259898252598,0.3406180507629783
0.9891397356987,0.9825465792768245,0.34102701735551977
0.9890589118003845,0.9825658378696484,0.3414104235360274
0.9889513850212097,0.9825128581925056,0.34179382971653505
0.9888910055160522,0.982313224717452,0.34212611507297497
0.9888108968734741,0.9823339686263012,0.34253508166551644
0.9887189865112305,0.9822801493739475,0.34289292743399025
0.9886503219604492,0.9823008849557522,0.3433018940265317
0.9885095953941345,0.9823215720651618,0.3437108606190732
0.9884108304977417,0.9821962787303904,0.34406870638754694
0.9882679581642151,0.9820712776036732,0.34442655215602075
0.9882079362869263,0.9820908561444379,0.3448099583365284
0.9881009459495544,0.9818935427574171,0.3451422436929683
0.9879783391952515,0.9817693201626961,0.3455000894614421
0.9878679513931274,0.9817904817179338,0.3459090560539836
0.9877899885177612,0.9815942028985507,0.3462413414104235
0.9876298308372498,0.9815418023887079,0.3465991871788973
0.9875406622886658,0.9814908538789675,0.34698259335940496
0.9874773025512695,0.9814400231096988,0.3473659995399126
0.9873359799385071,0.9814614441318618,0.34777496613245407
0.9872235059738159,0.9813373684969016,0.348107251488894
0.9871305823326111,0.9812149129120483,0.3484650972573678
0.9870246648788452,0.9810208483105679,0.3487973826138077
0.9869261980056763,0.9809708458997558,0.34918078879431536
0.986824095249176,0.980849232534787,0.34953863456278916
0.9866623282432556,0.9808698144300351,0.3499220407432968
0.9865365624427795,0.9806054533743649,0.3502287656877029
0.9864494800567627,0.9804846665236971,0.3505866114561767
0.9862909913063049,0.9802927525883613,0.3509188968126166
0.9862059950828552,0.9801725982454889,0.35127674258109043
0.986083447933197,0.9799088059276148,0.3515579071134627
0.9859954714775085,0.9797181895815542,0.3518901924699026
0.9858967661857605,0.97938584020472,0.35217135700227487
0.9857287406921387,0.9792672536211303,0.3525292027707487
0.9855880737304688,0.9790780141843972,0.3528614881271886
0.9854243397712708,0.9791002479631598,0.35324489430769623
0.9852972626686096,0.9787700799660322,0.3535260588400685
0.9851813316345215,0.9787234042553191,0.35390946502057613
0.9850471019744873,0.9786768340040952,0.35429287120108377
0.9848561882972717,0.9786288616165891,0.3546507169695575
0.9847032427787781,0.9785824996477385,0.35503412315006516
0.9846019744873047,0.9783251231527094,0.3553408480944713
0.9844918847084045,0.978208913257416,0.35569869386294506
0.9843407869338989,0.978163179328746,0.3560821000434527
0.9842492938041687,0.9781160131865049,0.3564399458119265
0.9840582013130188,0.9780704827296294,0.35682335199243415
0.9839497208595276,0.9780250542375254,0.35720675817294173
0.9837777614593506,0.9778399161132472,0.3575390435293817
0.9836429953575134,0.9776551916765589,0.3578713288858216
0.983482837677002,0.9774693080357143,0.3581780538302277
0.9833530187606812,0.9773550724637681,0.3585358995987015
0.9831656217575073,0.9771714922048997,0.3588681849551415
0.982964038848877,0.9769883203559511,0.3592004703115814
0.9828452467918396,0.976875,0.35955831608005523
0.982740044593811,0.9767603191120361,0.35989060143649515
0.9825692176818848,0.9766474949760932,0.36024844720496896
0.9823533296585083,0.9763272651761611,0.3605296117373412
0.9822210669517517,0.9762843116919034,0.36091301791784886
0.9820548295974731,0.9761016715015887,0.36121974286225494
0.9818825125694275,0.9759210707879122,0.36155202821869487
0.9816661477088928,0.975671950379049,0.361858753163101
0.9814422726631165,0.9755610629216577,0.36221659893157476
0.9812946319580078,0.9755191858066291,0.3626000051120824
0.9811451435089111,0.9754070206773373,0.3629322904685224
0.9809891581535339,0.9752967817196184,0.36329013623699613
0.9807629585266113,0.9752553293577353,0.36367354241750377
0.9805437922477722,0.97521396781924,0.3640569485980114
0.9803516268730164,0.9752410915806032,0.3644659151905529
0.9802221655845642,0.9749931675321126,0.36474707972292514
0.9800200462341309,0.9748157248157249,0.36507936507936506
0.9797476530075073,0.974706844832288,0.36543721084783887
0.9795622825622559,0.9744619994551893,0.36574393579224496
0.979333221912384,0.9742839648955711,0.3660506607366511
0.9791906476020813,0.9743119266055046,0.36645962732919257
0.9790095686912537,0.9740682913583599,0.36676635227359866
0.9787774085998535,0.9740286159896928,0.3671497584541063
0.9786511063575745,0.9740567635304478,0.36755872504664777
0.9785590171813965,0.9738800920286913,0.36786544999105386
0.9783469438552856,0.9739083412194133,0.36827441658359533
0.9781226515769958,0.9736664415935179,0.3685811415280014
0.9779685139656067,0.9735599622285175,0.36893898729647523
0.9777429103851318,0.9733189597089341,0.3692457122408813
0.9775875210762024,0.9731439725381975,0.3695524371852874
0.9774333834648132,0.9730383917165333,0.3699102829537612
0.9772279858589172,0.9729330378131507,0.370268128722235
0.9770406484603882,0.9728279100972828,0.3706259744907088
0.9768616557121277,0.9727900274780511,0.3710093806712164
0.9767157435417175,0.9726164970540975,0.3713161056156225
0.9765500426292419,0.9723782771535581,0.37162283056002865
0.9763062596321106,0.9722073757349011,0.37195511591646857
0.9760711193084717,0.9719701014415376,0.37226184086087466
0.9758820533752441,0.9718647909860657,0.37259412621731464
0.9756407737731934,0.9718281718281718,0.3729775323978223
0.9753986597061157,0.9715255139378618,0.37325869693019453
0.9751943349838257,0.9714228749916927,0.3736165426986683
0.9749945998191833,0.9713204540928102,0.3739743884671421
0.9748572707176208,0.9712163416898792,0.374306673823582
0.9746039509773254,0.9711806015635351,0.37469008000408965
0.9744033813476562,0.971078755790867,0.37504792577256346
0.9742708206176758,0.9709771254793071,0.3754057715410372
0.9740815162658691,0.9708096684718003,0.3757380568974772
0.9738348126411438,0.9705086758593389,0.3759936610178156
0.9735890626907349,0.9702761484215383,0.3763003859622217
0.973429799079895,0.970109947988676,0.3766326713186617
0.9731993675231934,0.9699440973364025,0.3769649566751016
0.9730334281921387,0.9697128966559359,0.3772716816195077
0.9727588295936584,0.9694145444998687,0.3775272857398461
0.9725114107131958,0.9694466299501705,0.3779362523323876
0.9722551703453064,0.9693476552266178,0.3782940981008614
0.9721063375473022,0.9691834598272704,0.3786263834573013
0.9718867540359497,0.9690175828485522,0.3789331084017074
0.9716693162918091,0.9687234737185766,0.3792142729340797
0.971490740776062,0.9685604331093862,0.37954655829051964
0.9713290929794312,0.9683977324558546,0.37987884364695956
0.971181333065033,0.9681051877888434,0.3801600081793319
0.9709787368774414,0.9680062426843543,0.3804922935357718
0.9707453846931458,0.9676497336624659,0.3807478976561102
0.9705918431282043,0.9674886437378326,0.38108018301255014
0.9704842567443848,0.9673278879813302,0.3814124683689901
0.9702592492103577,0.9671674653542287,0.38174475372543004
0.9700711369514465,0.9670052403441807,0.38205147866983613
0.9698922634124756,0.9667162153428553,0.38233264320220844
0.9695606827735901,0.9663632255148815,0.3825882473225468
0.969261884689331,0.9662044501773621,0.3829205326789868
0.9690417647361755,0.9659149484536083,0.3831761367993252
0.9687100648880005,0.9658213182286303,0.38353398256779897
0.9685711860656738,0.9656635802469136,0.38386626792423895
0.968367874622345,0.9656346351490236,0.3842496741047466
0.9679816961288452,0.9654132443531828,0.3845563990491527
0.9677362442016602,0.9651259696134368,0.3848120031694911
0.9675016403198242,0.964905539545309,0.3851187281138972
0.9672539830207825,0.9645576098778069,0.3853743322342356
0.9669451117515564,0.9644660318271874,0.3857321780027094
0.9667784571647644,0.9643107961437783,0.38606446335914935
0.9665341377258301,0.9640260237275162,0.38632006747948777
0.9662423729896545,0.9638715432649421,0.3866523528359277
0.9659456014633179,0.9637173774665818,0.38698463819236767
0.9655970335006714,0.9633727584891263,0.3872402423127061
0.9653209447860718,0.9631558887053742,0.3875469672571122
0.9651095867156982,0.9629371073173828,0.38782813178948444
0.9649390578269958,0.9627845051670576,0.3881604171459244
0.9646874070167542,0.9624422065995313,0.3884160212662628
0.964420735836029,0.9622904144258146,0.38874830662270277
0.9641132950782776,0.9621365360303413,0.38905503156710886
0.9638535380363464,0.9619222025764081,0.38936175651151494
0.9636430144309998,0.961771385314156,0.3896940418679549
0.9632576107978821,0.9616838921099067,0.3900518876364287
0.9630116820335388,0.9614706623016872,0.3903586125808348
0.9627671837806702,0.9612554248694887,0.3906397771132071
0.962367594242096,0.9609802073515551,0.39092094164557933
0.9621238708496094,0.9608310840499654,0.39125322700201925
0.961701512336731,0.9606822599862043,0.39158551235845923
0.9613829851150513,0.9603457996617177,0.39184111647879766
0.9610938429832458,0.9601326824383527,0.3921222810111699
0.9606888294219971,0.9599849943728899,0.39245456636760984
0.960439920425415,0.9597751405371643,0.3927612913120159
0.9599221348762512,0.9595033071259204,0.39304245584438824
0.9597234725952148,0.9592320159581099,0.3933236203767605
0.9593985676765442,0.9590209877312076,0.39360478490913275
0.9591590166091919,0.9587506999315623,0.393885949441505
0.9588744640350342,0.9585431039840885,0.3941926743859111
0.9586237072944641,0.9583980130394287,0.394524959742351
0.9583090543746948,0.9581885856079404,0.39480612427472334
0.958023726940155,0.9579201784828953,0.3950872888070956
0.9577178955078125,0.9576523031203567,0.39536845333946785
0.9574437737464905,0.9576942107867392,0.3957774199320093
0.9571064114570618,0.9575506673257538,0.39610970528844924
0.9568862318992615,0.9574047780727205,0.39641643023285533
0.956562340259552,0.9570151094665433,0.3966464739411599
0.956186056137085,0.9568726510997474,0.3969787592975999
0.9558000564575195,0.956668923493568,0.397285484242006
0.9554787874221802,0.9566500645637336,0.39766889042251363
0.9553365707397461,0.9565671458410124,0.39800117577895355
0.9550411701202393,0.9565484227322941,0.3983845819594612
0.9546844363212585,0.9563458001226242,0.3986913069038673
0.954309344291687,0.956082322675487,0.39897247143623954
0.9539365768432617,0.9558778532525549,0.3992536359686118
0.9536712765693665,0.9557376046952375,0.3995859213250518
0.9533599019050598,0.9554754779209674,0.39986708585742403
0.9531327486038208,0.9552748794923425,0.4001738108018301
0.9526653289794922,0.9550137153306919,0.4004549753342024
0.9524483680725098,0.9545676004872107,0.40063389821843925
0.9521104097366333,0.9541859333171088,0.40086394192674385
0.9517505168914795,0.9539265742766837,0.4011451064591161
0.9512596130371094,0.9536677192130192,0.40142627099148837
0.9508717656135559,0.9534700315457413,0.4017329959358945
0.9506239295005798,0.9530880659433905,0.4019374792321652
0.9500266313552856,0.953012412957917,0.402295325000639
0.9496757984161377,0.9527554291936362,0.4025764895330113
0.9493936896324158,0.9524989424064785,0.40285765406538354
0.9491296410560608,0.9523033266920244,0.40316437900978963
0.9488014578819275,0.95198455784775,0.4033944227180942
0.948422372341156,0.9518500662890201,0.40372670807453415
0.9480939507484436,0.9516556291390729,0.4040334330189403
0.947849690914154,0.9515818597377601,0.40439127878741404
0.947497546672821,0.9513250405624663,0.40464688290775247
0.9471843242645264,0.9508915170799064,0.40485136620402323
0.9468986392021179,0.9506987344808973,0.4051580911484293
0.9465987086296082,0.9504464018215592,0.4054392556808016
0.946317195892334,0.9500748278958395,0.4056692993891062
0.9459865689277649,0.9500598086124402,0.4060271451575799
0.9454933404922485,0.9497490439770554,0.40628274927791835
0.9450700283050537,0.9496179560649475,0.40661503463435833
0.9447633624076843,0.9493082061068703,0.4068706387546967
0.9444577693939209,0.9492373689227837,0.4072284845231705
0.9441320896148682,0.9488660039288053,0.40743296781944127
0.9438481330871582,0.9486173059768064,0.40771413235181353
0.9434086680412292,0.9481908383340265,0.40791861564808424
0.9430065155029297,0.9478245384935003,0.40814865935638883
0.942656934261322,0.9475182351894681,0.40840426347672726
0.9422590136528015,0.9473278824505273,0.4086854280090995
0.9419642686843872,0.9467858411270273,0.40883879048130256
0.941598117351532,0.9465405085748078,0.4091199550136748
0.9411762356758118,0.946177478435543,0.4093499987219794
0.9407367706298828,0.9458119355409952,0.4095544820182501
0.9404807686805725,0.945509229226868,0.40981008613858855
0.9399605989456177,0.9450892594120073,0.4100145694348593
0.9395310878753662,0.9450232503384542,0.41037241520333306
0.9391674399375916,0.9448985592472802,0.41070470055977304
0.9388207197189331,0.9447708578143361,0.41101142550417913
0.9384564757347107,0.9445292322141348,0.4112925900365514
0.9381616711616516,0.944346704198921,0.4115993149809575
0.9378142952919006,0.9439887508788376,0.41182935868926207
0.9375877380371094,0.943690002341372,0.4120849628096005
0.9372609257698059,0.9433300192993742,0.4122894461058712
0.9368494153022766,0.9430908559742915,0.41257061063824346
0.936575710773468,0.9427353919794524,0.41280065434654806
0.9363155364990234,0.9424972298361229,0.4130818188789203
0.9359903931617737,0.942314415569281,0.4133629834112926
0.9356787800788879,0.9421935033181977,0.41369526876773255
0.9353615045547485,0.9420146562754449,0.41400199371213864
0.9349217414855957,0.9416037187681581,0.4142064770084094
0.9345669150352478,0.9411354928596308,0.4143853998926463
0.9342924952507019,0.9407806971753379,0.414589883188917
0.93389892578125,0.9404299704467752,0.4148199268972216
0.9335454702377319,0.9399062120071788,0.4149732893694246
0.9331474900245667,0.939614783966684,0.41522889348976305
0.9326902627944946,0.9394394683617452,0.41553561843416914
0.9322856068611145,0.9393187066974595,0.4158423433785753
0.9317249655723572,0.9392593447161975,0.41620018914704904
0.9312441349029541,0.9387390502535731,0.4163535516192521
0.9309409260749817,0.9385076001842468,0.41663471615162434
0.9304851293563843,0.9381615278416935,0.41686475985992894
0.9299620389938354,0.9380424162308179,0.417171484804335
0.9295501112937927,0.9375825437840942,0.41735040768857196
0.9292346835136414,0.9372382536859618,0.4175804513968765
0.928958535194397,0.9370092279474982,0.41786161592924875
0.928381621837616,0.9369488031153361,0.41819390128568873
0.9279077649116516,0.9366632337796087,0.41844950540602716
0.9273667335510254,0.9362066994398079,0.41862842829026403
0.9269437193870544,0.9360365505425471,0.4189351532346701
0.9266396760940552,0.9358096542280041,0.4192163177670424
0.9261236190795898,0.9354084715808677,0.4193952406512793
0.9256531000137329,0.9350116762544853,0.41959972394755
0.9250931739807129,0.9347863199226085,0.4198808884799223
0.9246762990951538,0.9345613735857639,0.42016205301229453
0.9243786931037903,0.9343368361261005,0.42044321754466685
0.9238030314445496,0.9340522133938706,0.4206732612529714
0.9231850504875183,0.9336017237468813,0.4208521841372083
0.9226456880569458,0.9333220031724451,0.4211077882575467
0.922094464302063,0.9330993887253792,0.42138895278991895
0.9216581583023071,0.9328771771092513,0.42167011732229126
0.9213820099830627,0.9324820611333974,0.42184904020652814
0.9209014177322388,0.9322043465989275,0.42210464432686656
0.9204420447349548,0.9319271332694151,0.422360248447205
0.9201478362083435,0.931706767340959,0.42264141297957725
0.9196755290031433,0.9315955410426754,0.42294813792398334
0.9193369746208191,0.9311508606142423,0.4231270608082202
0.9187964797019958,0.9306507811621895,0.42328042328042326
0.9184468984603882,0.9302638966872544,0.423484906576694
0.9179311990737915,0.9299338045551442,0.4237149502849986
0.9176397919654846,0.9297685107337033,0.4239961148173709
0.9173704385757446,0.9296074368594949,0.42430283976177696
0.9169360995292664,0.9289990488446259,0.42440508140991234
0.9164663553237915,0.928615350215216,0.42460956470618305
0.9161046147346497,0.9281764870148004,0.42478848759042
0.9156174659729004,0.9280691964285714,0.4250952125348261
0.9152269959449768,0.927743086529884,0.4253252562431306
0.9147871732711792,0.9272504456327986,0.4254786187153337
0.9143548607826233,0.9267586821015138,0.42563198118753676
0.913817822933197,0.9264305177111717,0.42583646448380746
0.913217306137085,0.9261625645869215,0.4260920686041459
0.9125828742980957,0.9256730502359145,0.42624543107634894
0.9122615456581116,0.9253507847595808,0.42647547478465353
0.9116209149360657,0.9249736798359838,0.42667995808092424
0.9111568331718445,0.9245930683202304,0.42685888096516117
0.9107126593589783,0.9244938599402589,0.4271911663216011
0.9103395938873291,0.9241184923178954,0.42739564961787185
0.9096807241439819,0.9240750966316952,0.4277534953863456
0.9091478586196899,0.9237559307072714,0.4279835390946502
0.9087954163551331,0.9235433548315969,0.4282391432149886
0.9085065722465515,0.9232252024012777,0.4284691869232932
0.9080303907394409,0.9229076101909426,0.42869923063159776
0.9076536893844604,0.9225905767221947,0.42892927433990236
0.9074017405509949,0.9222191705575391,0.4291337576361731
0.9071191549301147,0.9217892425905598,0.42928712010837616
0.9067578911781311,0.9214740074577759,0.4295171638166807
0.906365156173706,0.9211593250054788,0.4297472075249853
0.9059283137321472,0.9208451937814758,0.4299772512332899
0.905606746673584,0.9205819613848931,0.43020729494159443
0.9052844047546387,0.920214219356249,0.4304117782378652
0.9047427177429199,0.9198471198471199,0.43061626153413596
0.9044294953346252,0.9196443183677923,0.4308974260665082
0.9040793776512146,0.9194418706055486,0.4311785905988805
0.9036328196525574,0.9190719965145409,0.43135751348311735
0.9032710790634155,0.9187615627380564,0.43158755719142194
0.9026541709899902,0.9184516690225073,0.4318176008997265
0.90230393409729,0.9180879956545356,0.43202208419599725
0.9018388390541077,0.9175621404537068,0.43214988625616646
0.901528000831604,0.917249606854292,0.43235436955243717
0.9010431170463562,0.916996261580972,0.4326099736727756
0.9005736708641052,0.9167433551670005,0.432865577793114
0.9002254009246826,0.9165449726864622,0.4331467423254863
0.8997489809989929,0.9164504971897968,0.43345346726989237
0.899315595626831,0.9163066954643628,0.4337601922142985
0.8988924026489258,0.9159473457056538,0.4339646755105692
0.8985088467597961,0.9156964208710651,0.43422027963090765
0.8976325988769531,0.9153920723825937,0.43445032333921224
0.8971415162086487,0.9151374912554485,0.4346803670475168
0.8966721892356873,0.9148878971987742,0.4349359711678552
0.8961355686187744,0.914477571850658,0.43511489405209214
0.8957614302635193,0.9141216252482421,0.43531937734836285
0.8951960206031799,0.9137662894835631,0.4355238606446336
0.894769012928009,0.9136212624584718,0.43580502517700587
0.8943306803703308,0.9134275618374559,0.4360861897093781
0.8938196301460266,0.9130737134909597,0.43629067300564883
0.893451988697052,0.9127204703367183,0.4364951563019196
0.8930208086967468,0.9122610274484674,0.43664851877412264
0.8925756216049194,0.911904380769436,0.4368274416583595
0.892020046710968,0.9116063336354427,0.4370574853666641
0.8913883566856384,0.9110957225803015,0.4371852874268333
0.890972375869751,0.9106924264197137,0.4373642103110702
0.8905221223831177,0.910338225909381,0.43754313319530713
0.8901107907295227,0.9099362380446334,0.437722056079544
0.88973069190979,0.9095349331068168,0.4379009789637809
0.889240562915802,0.9093995332060258,0.438207703908187
0.8888943791389465,0.9092113631545474,0.4384888684405593
0.8886389136314392,0.9089127786898268,0.43869335173683
0.8880448937416077,0.9086195036774433,0.4389233954451346
0.8876732587814331,0.9083267248215702,0.43915343915343913
0.8872305750846863,0.9078759706301833,0.43930680162564223
0.8865559101104736,0.907478756531377,0.4394857245098791
0.8862219452857971,0.9072882607319903,0.43974132863021753
0.885879635810852,0.9069975761407946,0.43997137233852207
0.8854812979698181,0.9066547330736022,0.44017585563479283
0.8851478099822998,0.9061546554445029,0.44030365769496205
0.8847256302833557,0.9058656575212867,0.44053370140326664
0.8843672275543213,0.9054671498345676,0.4406870638754697
0.8837041854858398,0.9051791992443722,0.4409171075837742
0.8833926320075989,0.9051014523147906,0.4412493929402142
0.8830084204673767,0.9048142909529048,0.4414794366485188
0.8825916051864624,0.9046273031825796,0.44173504076885717
0.8821671009063721,0.9043410041841005,0.44196508447716176
0.8818005919456482,0.904107441471572,0.4422206885975002
0.8812984824180603,0.9036654135338346,0.44237405106970323
0.8809739947319031,0.9034328046744574,0.44262965519004166
0.8805942535400391,0.9032476672053381,0.4428852593103801
0.8801541328430176,0.9029116099796864,0.4430897426066508
0.8796015977859497,0.902367941712204,0.4431919842547862
0.8792058825492859,0.9019291768498778,0.4433453467269892
0.8788610100746155,0.9016470099236245,0.4435753904352938
0.8785496354103088,0.9013601910497352,0.4437798737315646
0.8781012892723083,0.9009233322958813,0.4439332362037676
0.8775359392166138,0.9004871980926713,0.44408659867597067
0.8771511912345886,0.9002589331952356,0.4443422027963091
0.876747190952301,0.9000258732212161,0.44457224650461363
0.8763933777809143,0.8997466521896489,0.4448022902129182
0.8757768869400024,0.8994162318541096,0.445006773509189
0.8753019571304321,0.8990863573013989,0.4452112568054597
0.8747444748878479,0.8986538759090206,0.44536461927766274
0.8741860389709473,0.8982168625025768,0.44549242133783196
0.8734179139137268,0.8977342945417096,0.44562022339800117
0.8729631900787354,0.8973039720107018,0.4457735858702042
0.8724341988563538,0.8970285831791075,0.4460036295785088
0.8718289136886597,0.896599547976166,0.44615699205071185
0.8714401721954346,0.8961658882102346,0.44628479411088107
0.8708788156509399,0.8956356736242884,0.44638703575901645
0.8702820539474487,0.8950550858314117,0.44646371699511794
0.869770348072052,0.8946802519072244,0.4466426398793549
0.8695578575134277,0.8943060316161048,0.44682156276359175
0.8691982626914978,0.8938758818116757,0.44694936482376096
0.8685236573219299,0.8934007559505568,0.4470771668839302
0.8678846955299377,0.8931305501684189,0.44730721059223477
0.8673303127288818,0.8929627740948496,0.44758837512460703
0.8667433261871338,0.8925859872611465,0.4477417375968101
0.8662601709365845,0.8922152639885953,0.44792066048104695
0.8657618165016174,0.8917942717606959,0.44807402295325
0.865384042263031,0.891373964316576,0.44822738542545304
0.8649082779884338,0.8910559195489868,0.4484318687217238
0.8644623756408691,0.8907835972391392,0.4486363520179945
0.8641563057899475,0.8904158215010142,0.44881527490223144
0.8636966347694397,0.8900993109039319,0.44901975819850215
0.8631494045257568,0.8897326852976913,0.449198681082739
0.862611711025238,0.889467826790773,0.4494287247910436
0.8619765639305115,0.88904615073548,0.44955652685121283
0.8614428639411926,0.8886812465276024,0.4497354497354497
0.8610186576843262,0.8882159979813273,0.4498632517956189
0.8604511618614197,0.8877010740759417,0.4499654934437543
0.8599480390548706,0.8873381367461077,0.4501444163279912
0.8594613075256348,0.8868693988520794,0.45024665797612656
0.8589223027229309,0.8864573900794849,0.4504000204483296
0.8586322069168091,0.8861465768573439,0.45060450374460037
0.8581575155258179,0.8857358111501757,0.4507578662168034
0.8576402068138123,0.8854203262233376,0.4509367891010403
0.8569729328155518,0.8849606338699163,0.4510645911612095
0.8562499284744263,0.8845016786090094,0.4511923932213787
0.8556475639343262,0.8842437290341961,0.4514224369296833
0.8551988005638123,0.8837860823452899,0.4515502389898525
0.8547525405883789,0.8835232953409318,0.45175472228612323
0.8541126847267151,0.8830669330669331,0.45188252434629245
0.8535828590393066,0.8827610301457377,0.4520870076425632
0.8530835509300232,0.8823060043885896,0.4522148097027324
0.8527377247810364,0.881901534781742,0.45236817217493547
0.8522937297821045,0.8816411890653787,0.4525726554712062
0.8517001867294312,0.8814368874073337,0.4528282595915446
0.8512604236602783,0.881232910763112,0.45308386371188303
0.8508381247520447,0.8807312105707615,0.4531861053600184
0.8503945469856262,0.8803236374466396,0.4533139074201876
0.8496209383010864,0.8799722249776808,0.4534928303044245
0.849154531955719,0.8796213698087025,0.4536717531886614
0.8485241532325745,0.8792215509557294,0.4538251156608645
0.8480368852615356,0.8788718456209798,0.45400403854510135
0.8474087715148926,0.8785166872682324,0.4541574010173044
0.8469943404197693,0.878316288720913,0.4544130051376428
0.8464853763580322,0.8779187441378289,0.45456636760984587
0.8458490371704102,0.8774231736792779,0.45466860925798125
0.8453925848007202,0.8770269604219035,0.4548219717301843
0.8451224565505981,0.8766745468873128,0.45497533420238734
0.844372034072876,0.8763287401574803,0.4551542570866242
0.8436530828475952,0.8760326514555468,0.455358740382895
0.8429953455924988,0.8755404874213837,0.45546098203103036
0.8424105644226074,0.875,0.45553766326713185
0.8416224122047424,0.8745523230142767,0.45563990491526724
0.8411117792129517,0.8742585420853963,0.45584438821153794
0.8403328657150269,0.8739162380602498,0.4560233110957749
0.8398435711860657,0.8736234153981695,0.4562277943920456
0.8395608067512512,0.873275946395383,0.4563811568642486
0.8391181826591492,0.8728863258723487,0.4565345193364517
0.8386552333831787,0.872497314190839,0.45668788180865477
0.8379256725311279,0.8719625256172538,0.45676456304475627
0.8373957872390747,0.871526084836665,0.4568923651049255
0.8369359374046326,0.8712302070645555,0.4570712879891624
0.8362845182418823,0.8709897278613504,0.45730133169746695
0.8357906341552734,0.8705063968477891,0.45740357334560233
0.8351595401763916,0.8702668546152724,0.4576336170539069
0.8348588347434998,0.8700762543105541,0.45788922117424535
0.8345324993133545,0.869734032226752,0.4580425836464484
0.8339666128158569,0.8695926285160038,0.45832374817882066
0.8333250880241394,0.869354526070944,0.4585537918871252
0.8328017592430115,0.8688262638001162,0.45863047312322675
0.8325638771057129,0.8684439713566867,0.4587838355954298
0.8320274949073792,0.8681042401972634,0.45893719806763283
0.8317426443099976,0.867723078409585,0.4590905605398359
0.8310151696205139,0.8674390538257302,0.45929504383610664
0.8305658102035522,0.8671072307172834,0.4594739667203435
0.8299017548561096,0.8666248915453582,0.45955064795644507
0.8295358419418335,0.8661978614776996,0.4596784500166143
0.8291234374046326,0.865819616902493,0.4598318124888173
0.8283896446228027,0.8653938636145042,0.45995961454898654
0.8277008533477783,0.8652090341182124,0.46021521866932497
0.8271697759628296,0.8647779111644658,0.4603174603174603
0.8264773488044739,0.8644978647857589,0.46052194361373106
0.8260363340377808,0.8642661936040658,0.46075198732203565
0.825495719909668,0.8637953336846644,0.460854228970171
0.8247572779655457,0.8632773229929628,0.4609309102062725
0.8243891596794128,0.8629927286643705,0.4611098330905094
0.8238690495491028,0.8626673040152963,0.46128875597474633
0.8232890963554382,0.8622946121513183,0.4614421184469494
0.8226653933525085,0.8619702176403208,0.46162104133118625
0.8220205307006836,0.8615920255639815,0.46174884339135547
0.8215669989585876,0.8612209884191965,0.4619022058635585
0.8211512565612793,0.8608981380065718,0.4620811287477954
0.8207629919052124,0.8605757792053296,0.4622600516320323
0.8203863501548767,0.860206362036993,0.46241341410423537
0.819945216178894,0.8598308467167157,0.4625412161644046
0.8195256590843201,0.8594150602981673,0.4626690182245738
0.8191323280334473,0.8589999051143372,0.462796820284743
0.818463146686554,0.8586801934199298,0.4629757431689799
0.8177260160446167,0.8583609663666508,0.46315466605321676
0.8172178268432617,0.8581775147928994,0.46338470976152135
0.8169538378715515,0.8578118348233291,0.4635380722337244
0.8165143728256226,0.857352176584582,0.4636403138818598
0.8159548044204712,0.85694044301705,0.463768115942029
0.8154196739196777,0.8564821369578555,0.4638703575901644
0.8151531219482422,0.8561592152424071,0.4640237200623674
0.8145272135734558,0.8556550424128181,0.4641004012984689
0.813947319984436,0.8552928988510077,0.46425376377067196
0.8135749101638794,0.854884246188594,0.46438156583084117
0.8130937814712524,0.8545163868904876,0.4645093678910104
0.8127806186676025,0.8542028849316355,0.4646882907752473
0.8125420212745667,0.8537959528616367,0.46481609283541653
0.8119671940803528,0.8533896317147549,0.46494389489558574
0.8112800121307373,0.8530776803712906,0.4651228177798226
0.8103871941566467,0.8527124519816359,0.46525061983999183
0.8097712993621826,0.8524482726336485,0.46545510313626254
0.8091112375259399,0.8521377116661989,0.46563402602049947
0.8086758255958557,0.8516406469103487,0.46571070725660096
0.8081652522087097,0.8512844465203177,0.465864069728804
0.807508111000061,0.8509684947491248,0.46601743220100705
0.8069363236427307,0.8505200317149386,0.46611967384914244
0.8064843416213989,0.8502120520109987,0.46629859673337937
0.8059771656990051,0.8498113910492247,0.4664263987935485
0.8053760528564453,0.8494578621620363,0.4665797612657516
0.8048405051231384,0.8490048363095238,0.4666564425018531
0.8044665455818176,0.8486524163568773,0.46680980497405616
0.8040974736213684,0.8482540861812778,0.4669376070342254
0.8036066293716431,0.8478563474387528,0.4670654090943946
0.8030745983123779,0.8473593916631891,0.4671165299184623
0.802695631980896,0.8468702219339295,0.4671932111545638
0.8021280765533447,0.8464743738136025,0.467321013214733
0.8013343811035156,0.8460328475595651,0.4674232548628684
0.8008593916893005,0.8455919744810688,0.4675254965110038
0.800484299659729,0.8452831931996674,0.4676788589832068
0.8000185489654541,0.8449358323331179,0.46783222145540987
0.7995137572288513,0.8446351139404004,0.46801114433964675
0.7991030216217041,0.8442887434313635,0.4681645068118498
0.7984263300895691,0.8438968217411331,0.468292308872019
0.7980467677116394,0.8435903337169159,0.46844567134422205
0.7974678874015808,0.8432454808886436,0.46859903381642515
0.7969298362731934,0.8429470974858666,0.468777956700662
0.7964484691619873,0.8425572957332476,0.46890575876083124
0.7960284352302551,0.8422067192950248,0.46903356082100045
0.7953031659126282,0.8417721518987342,0.4691358024691358
0.7947983741760254,0.8414298808432631,0.4692891649413389
0.7943163514137268,0.8409049276424253,0.46934028576540654
0.7938849329948425,0.8405180303862346,0.46946808782557575
0.7932401299476624,0.8400786573375406,0.46954476906167725
0.7925792932510376,0.8396015171594389,0.4696214502977788
0.792233407497406,0.83921640257546,0.469749252357948
0.7918821573257446,0.8388774811772758,0.46990261483015106
0.7913483381271362,0.8385846518626602,0.47008153771438793
0.7909162640571594,0.8382393146814909,0.47020933977455714
0.7902773022651672,0.837765230853292,0.4702860210106587
0.7897560000419617,0.8374738374738375,0.47046494389489557
0.7891740798950195,0.8372283350004547,0.47066942719116633
0.7886748313903809,0.8368468877782826,0.47079722925133555
0.7880805134773254,0.8365039727582293,0.47092503131150476
0.7877034544944763,0.8361235878589901,0.471052833371674
0.7872358560562134,0.8357437548170649,0.4711806354318432
0.7868919372558594,0.8353191682145608,0.4712828770799785
0.7863186597824097,0.8349329952915611,0.4713851187281139
0.7859030365943909,0.8345548317046688,0.4715129207882831
0.7852938771247864,0.8340415913200724,0.47156404161235077
0.7848479747772217,0.8337549692808095,0.4717429644965877
0.7844041585922241,0.8333333333333334,0.47184520614472303
0.7840396761894226,0.8330852167636577,0.47202412902895996
0.7836591601371765,0.832664653112744,0.47212637067709534
0.783170759677887,0.8323798369295914,0.4723052935613322
0.7826410531997681,0.8320054017555706,0.47243309562150143
0.7822446227073669,0.8316315055553056,0.47256089768167064
0.7819840312004089,0.8312955138002337,0.47268869974183986
0.7815119028091431,0.8308777288653311,0.4727909413899752
0.7811830639839172,0.8305503187000628,0.4729443038621783
0.7807095050811768,0.8302233784874854,0.47309766633438133
0.7802726030349731,0.8298969072164949,0.4732510288065844
0.7796982526779175,0.8294736842105264,0.47332771004268587
0.7792680859565735,0.8289691598406517,0.4733788308667536
0.7784696221351624,0.8286890012076754,0.47355775375099046
0.7777537703514099,0.828364546551647,0.4737111162231935
0.7771849632263184,0.8280775415401108,0.47386447869539655
0.7768476605415344,0.8277539725049098,0.4740178411675996
0.7761821746826172,0.8272970561998216,0.47409452240370115
0.7759298086166382,0.8268407915849527,0.4741712036398027
0.7755084037780762,0.8266078745768751,0.4743756869360734
0.7749273777008057,0.8262785418613967,0.4745034889962426
0.7745847702026367,0.8259573900280212,0.47465685146844566
0.7740671634674072,0.8254589092848571,0.4747079722925134
0.7737325429916382,0.8251387963579836,0.4748613347647164
0.7732658982276917,0.8247747547822999,0.47498913682488564
0.7727180123329163,0.824580856914752,0.47519362012115635
0.7722563147544861,0.8241733888839642,0.4752958617692917
0.771833062171936,0.823722207458588,0.4753725430053932
0.7712734937667847,0.823271665043817,0.4754492242414948
0.770953357219696,0.8229466141801938,0.475577026301664
0.7706270217895508,0.8225414364640884,0.47567926794979937
0.7701958417892456,0.8221809990724791,0.4758070700099686
0.769681990146637,0.8218210707507614,0.4759348720701378
0.7691508531570435,0.8214175450976933,0.4760371137182731
0.7685961127281189,0.821138928067701,0.47619047619047616
0.7680196166038513,0.8207364341085271,0.47629271783861155
0.7676960229873657,0.8203785211267606,0.47642051989878076
0.7672175765037537,0.8200211118930331,0.47654832195894997
0.7663623094558716,0.8197081575246132,0.476701684431153
0.765920102596283,0.8193877102824263,0.47682948649132223
0.765404462814331,0.8192073036913489,0.4770595301996268
0.7647942304611206,0.8186762577306023,0.47708509061166066
0.7639439702033997,0.8183212798597413,0.47721289267182987
0.7633981108665466,0.8179667995269589,0.4773406947319991
0.7628830671310425,0.8175610610172459,0.47741737596810063
0.762392520904541,0.8170763712711049,0.4774684967921683
0.7618649005889893,0.8168109100445843,0.47764741967640517
0.7611514925956726,0.8164147811653708,0.47774966132454055
0.7605776190757751,0.8160548256143874,0.47785190297267593
0.7602251172065735,0.8157033805888768,0.47797970503284515
0.759630024433136,0.8153088357089926,0.4780819466809805
0.759282648563385,0.8150019601864356,0.4782353091531836
0.7588673830032349,0.8146084534018195,0.4783375508013189
0.7582805156707764,0.8142509135200975,0.4784397924494543
0.7578157186508179,0.8139019300991132,0.4785675945096235
0.7573593854904175,0.8134231103388357,0.47861871533369116
0.7568841576576233,0.8129449557214794,0.4786698361577589
0.7562217116355896,0.812597605413847,0.4787976382179281
0.7555894255638123,0.8122425976503229,0.4788998798660634
0.7552003860473633,0.8118962006671576,0.47902768192623263
0.7548649907112122,0.8115069916446599,0.479129923574368
0.7542568445205688,0.8110750594851828,0.47920660481046956
0.7535704374313354,0.8108084738434933,0.4793599672826726
0.7531891465187073,0.8104208070508944,0.479462208930808
0.7526705265045166,0.8101200241775321,0.47961557140301103
0.7520923614501953,0.8097333678488221,0.47971781305114636
0.7515605688095093,0.8093472449771493,0.47982005469928174
0.7508446574211121,0.8089534232409841,0.4798967359353833
0.7503002882003784,0.8086544671689989,0.48005009840758633
0.7498801946640015,0.808269867905856,0.4801523400557217
0.7493674159049988,0.8077998022100873,0.4802034608797894
0.74875408411026,0.8075452240794053,0.48038238376402626
0.7480791211128235,0.8072397801442803,0.48051018582419547
0.7475383877754211,0.8069430140748369,0.4806635482963985
0.7470999360084534,0.8065608919382504,0.4807657899445339
0.7465431094169617,0.8061792937949949,0.4808680315926693
0.7460842132568359,0.8057982185680027,0.48097027324080466
0.7455984354019165,0.8055805195360979,0.48114919612504153
0.745161771774292,0.8052431253474747,0.48127699818521075
0.7446919083595276,0.8048634557032351,0.48137923983334613
0.7441160678863525,0.8045697202647876,0.4815326023055492
0.7432671189308167,0.804310712761417,0.4816859647777522
0.7426217794418335,0.8039324405015781,0.4817882064258876
0.7420740723609924,0.8035120620577956,0.4818648876619891
0.7416239380836487,0.8031774427123264,0.4819926897221583
0.7412121295928955,0.8028432791350983,0.4821204917823275
0.7408485412597656,0.8025862435662937,0.48227385425453057
0.7401819229125977,0.8022104144527099,0.48237609590266595
0.7397588491439819,0.8019625334522748,0.4825550187869028
0.7393340468406677,0.8015027380396486,0.48260613961097054
0.738925576210022,0.8011284096211768,0.4827083812591059
0.7384579181671143,0.8008309309818552,0.4828361833192751
0.7380500435829163,0.8005422809693272,0.4829895457914782
0.7375920414924622,0.8001270110076206,0.4830662270275797
0.7369389533996582,0.7997546116094094,0.48316846867571506
0.7362967133522034,0.7995941146626078,0.48339851238401965
0.7357298135757446,0.7992140955761187,0.48347519362012115
0.7352446913719177,0.798800827597855,0.4835518748562227
0.7349786758422852,0.7984303135153382,0.483654116504358
0.7345929741859436,0.7979759645793801,0.48370523732842574
0.7340741157531738,0.797597977243995,0.48378191856452724
0.7336506843566895,0.7971026699233555,0.4838074789765611
0.7331226468086243,0.7967342816261257,0.48390972062469645
0.7325207591056824,0.7964084447808899,0.48403752268486566
0.7321861386299133,0.7959569639404892,0.4840886435089334
0.7317902445793152,0.7956235037170818,0.4841908851570687
0.7312958836555481,0.7954249737670515,0.48439536845333947
0.7307014465332031,0.7951008766410805,0.4845231705135087
0.7303004860877991,0.794819130653477,0.4846765329857117
0.7298966646194458,0.794412097348469,0.4847532142218133
0.7292711734771729,0.7939969859343603,0.48480433504588094
0.7288608551025391,0.7937165327978581,0.484957697518084
0.7283413410186768,0.7933946488294314,0.4850854995782532
0.7279087901115417,0.7929478609625669,0.48513662040232086
0.727343738079071,0.7925765103753497,0.4852133016384224
0.7269062399864197,0.792172570617933,0.48528998287452396
0.7262852787971497,0.7917691698286287,0.48536666411062546
0.7257720828056335,0.7913246385266053,0.4854177849346931
0.7252172231674194,0.7910472621278367,0.4855711474068962
0.7248304486274719,0.7908447773616313,0.4857500702911331
0.724444568157196,0.7905264908924561,0.4858778723513023
0.7240859270095825,0.7902086277117446,0.4860056744114715
0.723504900932312,0.7897665919096271,0.4860567952355392
0.7228907942771912,0.7893666472980825,0.48613347647164074
0.7224181294441223,0.7889999585217139,0.48621015770774223
0.7219687104225159,0.78860103626943,0.4862868389438438
0.721547544002533,0.7882026428068432,0.4863635201799453
0.7211460471153259,0.7878047770832471,0.4864402014160468
0.720445990562439,0.7874901749886237,0.48656800347621604
0.719991147518158,0.7872085331569373,0.48669580553638525
0.7194438576698303,0.7868120971740208,0.48677248677248675
0.7189865112304688,0.7865813377374071,0.4869514096567237
0.7186346650123596,0.7862271001815481,0.48705365130485906
0.7181734442710876,0.7859057358459445,0.4871558929529944
0.7176873087882996,0.7854699798079696,0.4872070137770621
0.7172679305076599,0.7851583412263724,0.4873348158372313
0.7168492674827576,0.7846824972221079,0.48736037624926515
0.7163347601890564,0.7843717869627802,0.48748817830943436
0.7160215377807617,0.7840115084258118,0.48756485954553586
0.7154314517974854,0.7836605602563049,0.48766710119367124
0.7147843837738037,0.7834742631967819,0.487871584489942
0.714398205280304,0.7831651489047502,0.4879993865501112
0.7140692472457886,0.7827744527342789,0.4880760677862127
0.7134369611740112,0.78253922733418,0.48822943025841575
0.7129188776016235,0.7820675537359263,0.4882549906704496
0.712608814239502,0.7816783274006792,0.48833167190655113
0.7121515274047852,0.7812487222472094,0.4883827927306188
0.7117323279380798,0.7810239856168022,0.48856171561485573
0.7111669778823853,0.7806272459980399,0.4886128364389234
0.7106819748878479,0.7801991511589944,0.48866395726299106
0.7102468609809875,0.7798123980424143,0.4887406384990926
0.7098249793052673,0.7795076622106293,0.4888684405592618
0.7094361782073975,0.7791535986314203,0.48894512179536337
0.7090634703636169,0.7787682663735905,0.48902180303146486
0.7085067629814148,0.778342757189928,0.4890729238555325
0.7078906893730164,0.7779178015366478,0.48912404467960025
0.7074263691902161,0.7775746496039001,0.4892262863277356
0.7071270942687988,0.7771822980105563,0.4892774071518033
0.706484317779541,0.7769212042522113,0.48943076962400633
0.7059568762779236,0.7765388046387154,0.4895074508601079
0.705568790435791,0.7761163789610179,0.48955857168417555
0.7049973011016846,0.7757754920223536,0.48966081333231093
0.7047492861747742,0.7754259581528997,0.4897374945684124
0.7042258977890015,0.775005055611729,0.48978861539248014
0.7037612795829773,0.7746655349419991,0.48989085704061547
0.7032609581947327,0.7742860605081391,0.489967538276717
0.7028561234474182,0.7738575811399968,0.48999309868875085
0.7022966742515564,0.7734387606906568,0.49004421951281857
0.7019159197807312,0.7729801644895985,0.4900697799248524
0.7015154361724854,0.772522159548751,0.49009534033688623
0.7010540962219238,0.772225801256241,0.49022314239705544
0.7004702687263489,0.7718804072270734,0.49029982363315694
0.6999083161354065,0.7715044034262275,0.4903765048692585
0.6995015144348145,0.7711690712534662,0.49047874651739387
0.6990236639976501,0.7708341700469898,0.49058098816552925
0.6985742449760437,0.7704996989765202,0.4906832298136646
0.6982495188713074,0.7700762133975131,0.49070879022569847
0.6977474093437195,0.7696624709372244,0.49075991104976613
0.6974412202835083,0.7692893197660444,0.4908365922858676
0.6971487998962402,0.7688766114180479,0.49088771310993534
0.6963988542556763,0.768664479475074,0.4910666359941722
0.6959728598594666,0.7684033747850774,0.49119443805434143
0.695490837097168,0.7681118881118881,0.49132224011451064
0.6950677037239075,0.7677409049159378,0.4913989213506122
0.6945958733558655,0.7673304864908009,0.49145004217467986
0.6941913962364197,0.7671506062539886,0.49162896505891673
0.6936550140380859,0.7668207908163265,0.4917312067070521
0.6933214068412781,0.7664117272147865,0.4917823275311198
0.6926739811897278,0.7660031847133758,0.4918334483551875
0.6921613812446594,0.7657542966263526,0.49198681082739054
0.6916953921318054,0.7656156812850383,0.49219129412366125
0.6911909580230713,0.7652084078356578,0.49224241494772897
0.6908169388771057,0.7648016519080332,0.49229353577179663
0.6904429793357849,0.7645144648597166,0.49242133783196584
0.6900777220726013,0.7641879833432481,0.4925235794801012
0.6896944046020508,0.7638921918351169,0.4926258211282366
0.6892022490501404,0.7635665055850431,0.49272806277637193
0.6889409422874451,0.7632016467421423,0.4928047440124735
0.6884122490882874,0.7627185695070813,0.4928047440124735
0.688027560710907,0.7623942436941568,0.49290698566060887
0.6877148151397705,0.7620609269429847,0.49298366689671036
0.6871973276138306,0.7617769002961501,0.4931114689568796
0.6867028474807739,0.761453770569433,0.49321371060501495
0.6863057613372803,0.7611704854675237,0.49334151266518417
0.6857268810272217,0.760838719848652,0.49341819390128566
0.685204267501831,0.7606349456436111,0.4935971167855226
0.6847269535064697,0.7603133364824437,0.493699358433658
0.6841536164283752,0.7600314712824547,0.49382716049382713
0.6837770342826843,0.7596320176128322,0.49387828131789485
0.6833208799362183,0.7593021885191151,0.49395496255399635
0.6828617453575134,0.7590214787764558,0.49408276461416556
0.6823509335517883,0.7587018796844955,0.49418500626230094
0.6819303631782532,0.7583434644495862,0.4942616874984025
0.681394100189209,0.7579854987262394,0.494338368734504
0.6807445883750916,0.7576576576576577,0.49441504997060554
0.680059015750885,0.7573788460032882,0.49454285203077475
0.6796795725822449,0.7569439011032001,0.4945684124428086
0.6791870594024658,0.7565876925482837,0.49464509367891013
0.6788552403450012,0.7562224045637479,0.4946962145029778
0.6783525347709656,0.7559842242961459,0.49484957697518084
0.6779035925865173,0.7557463414634147,0.4950029394473839
0.6775209903717041,0.7554307554307554,0.49510518109551926
0.6768671274185181,0.7551545387223759,0.4952329831556885
0.6765494346618652,0.7548301651604862,0.49530966439178997
0.6761977076530457,0.7545935845530988,0.4954630268639931
0.6758103370666504,0.7543572984749455,0.4956163893361961
0.6753454804420471,0.7539269051321928,0.49564194974822995
0.6748104691505432,0.7535359030152315,0.4956930705722976
0.6743903756141663,0.7531746339947963,0.49574419139636533
0.6739395260810852,0.7528233787402492,0.4958208726324668
0.6736398935317993,0.7524725594383896,0.4958975538685684
0.6732378602027893,0.7522384588549944,0.4960509163407714
0.6724988222122192,0.7518496997869456,0.4961020371648391
0.6721415519714355,0.7516453735965931,0.4962553996370421
0.6716777086257935,0.7511800665480152,0.4962553996370421
0.6713266372680664,0.750754002010672,0.496280960049076
0.6709033250808716,0.7505603215086174,0.4964598829333129
0.6703662872314453,0.7502413779786042,0.4965365641694144
0.6700291633605957,0.7498938592766993,0.49661324540551594
0.6695066690444946,0.7495853423336548,0.4967154870536513
0.6692501306533813,0.7492772059673876,0.4968177287017867
0.6689258217811584,0.7489309242208267,0.4968944099378882
0.6686100959777832,0.748613891883567,0.49697109117398974
0.6681943535804749,0.7482299522856704,0.4970222119980574
0.6678594350814819,0.7477695739117058,0.4970222119980574
0.6672306060791016,0.7475019215987702,0.4971500140582266
0.6669021248817444,0.7470425564602857,0.4971500140582266
0.6664367914199829,0.7467275728378949,0.49722669529432817
0.6658570766448975,0.7463459546553113,0.49727781611839583
0.6653158068656921,0.7459648046620404,0.4973289369424635
0.6648766994476318,0.7455841219970114,0.4973800577665312
0.6643767952919006,0.7453953666475206,0.4975589806507681
0.6640626788139343,0.7451588212782243,0.4976867827109373
0.6636191010475159,0.7448940564522298,0.4978145847711065
0.6629339456558228,0.7445149453405703,0.4978657055951742
0.6624991297721863,0.7442890977156391,0.4980190680673772
0.6620628833770752,0.7439773985415951,0.4980957493034788
0.6615094542503357,0.7436758365446984,0.49819799095161416
0.6611033082008362,0.7433365109628217,0.49827467218771565
0.6605163812637329,0.7429975991768606,0.4983513534238172
0.6600109338760376,0.7427352705945082,0.4984791554839864
0.6596790552139282,0.7424253958587089,0.4985558367200879
0.6594732403755188,0.7421637248934875,0.4986836387802571
0.659186065196991,0.7419023722627737,0.49881144084042633
0.6588131189346313,0.7415273556231003,0.49886256166449405
0.6583191156387329,0.7413806196840826,0.49906704496076476
0.6580216884613037,0.7409965466206216,0.4990926053727986
0.6576218008995056,0.7407365267190048,0.4992204074329678
0.6573213934898376,0.7405147253913504,0.49937376990517085
0.656862199306488,0.7401795522557673,0.4994504511412724
0.6564546227455139,0.7398349360187779,0.49950157196534006
0.6558133959770203,0.73946273174423,0.4995526927894078
0.655356228351593,0.7391287907434017,0.4996293740255093
0.6548017859458923,0.7388330436097045,0.49973161567364466
0.6542537212371826,0.7384243522924692,0.4997571760856785
0.6538498997688293,0.7380440116257124,0.4997827364977123
0.6533918380737305,0.7377117205477385,0.49985941773381387
0.6530799269676208,0.7374552309142318,0.4999872197939831
0.6526625752449036,0.7372744056365623,0.50016614267822
0.6524521708488464,0.736867869111722,0.5001917030902538
0.6520620584487915,0.7366400722565106,0.500319505150423
0.6515698432922363,0.7363096133594103,0.5003961863865245
0.6511938571929932,0.7360171402796571,0.5004984280346599
0.6506547331809998,0.7356498873027799,0.5005495488587276
0.6500239372253418,0.7352830755368674,0.5006006696827953
0.6496224403381348,0.7350943679411654,0.5007540321549984
0.6492138504981995,0.7348408144898189,0.5008818342151675
0.6485185027122498,0.7345126110257467,0.5009585154512691
0.648087203502655,0.734297164687816,0.5011118779234721
0.6476922035217285,0.7339971550497866,0.5011885591595736
0.647329568862915,0.7338196782641228,0.5013674820438105
0.6468639969825745,0.733418081208405,0.5013930424558444
0.6462642550468445,0.73301696435244,0.5014186028678782
0.6457476615905762,0.7326910150123236,0.5014952841039798
0.6452795267105103,0.7323927891613481,0.5015719653400813
0.6447190046310425,0.7320675892424185,0.5016486465761828
0.6443198919296265,0.731780055917987,0.5017508882243181
0.6439270973205566,0.7315301218285459,0.5018786902844874
0.6435267329216003,0.7311687828126745,0.5019298111085551
0.6431146860122681,0.7308722834176838,0.5020064923446566
0.6428653597831726,0.7305117524546266,0.5020576131687243
0.6423645615577698,0.7301888195063931,0.5021342944048258
0.6420387625694275,0.7297919762258543,0.5021598548168597
0.6414682865142822,0.7295069795069795,0.502262096464995
0.6412103772163391,0.7292122741271196,0.5023387777010966
0.640751838684082,0.7288537842548299,0.5023898985251642
0.6405743956565857,0.7285327798984546,0.5024665797612657
0.6402396559715271,0.728249194414608,0.5025688214094011
0.6398904323577881,0.7279188568890205,0.5026199422334688
0.6394835114479065,0.7276359600443951,0.5027221838816042
0.6390822529792786,0.7273164238704429,0.5027988651177057
0.6387045979499817,0.7269233611706452,0.5028244255297395
0.6380485892295837,0.726567693330379,0.5028755463538073
0.6378735899925232,0.7263130697966265,0.5029777880019426
0.6373021006584167,0.726068833228817,0.5031055900621118
0.6369993090629578,0.7257880184331797,0.5032078317102472
0.6365172266960144,0.7254338454736377,0.5032589525343149
0.6362126469612122,0.7251537356850905,0.5033611941824502
0.6357828378677368,0.7250110407772707,0.5035401170666871
0.6354397535324097,0.7246579373252906,0.5035912378907548
0.6349530816078186,0.7243052492280547,0.5036423587148224
0.6344841718673706,0.7239162380602499,0.5036679191268564
0.6340300440788269,0.7236644024233523,0.5037701607749917
0.6335765719413757,0.7233129059484056,0.5038212815990594
0.6331289410591125,0.7231451938240364,0.5040002044832963
0.6326064467430115,0.7227577612432651,0.5040257648953301
0.6321234107017517,0.7224440455694348,0.5041024461314316
0.6317888498306274,0.7221937467965146,0.504204687779567
0.6314499974250793,0.7218075375045737,0.5042302481916009
0.6309314966201782,0.7214949169896877,0.5043069294277024
0.6303479671478271,0.7211826620861048,0.5043836106638039
0.6300501227378845,0.7208707721528235,0.5044602918999054
0.6295373439788818,0.7206220567298215,0.5045625335480408
0.629126250743866,0.7203838155350433,0.50469033560821
0.6286945343017578,0.7201093892433911,0.5047925772563454
0.6281818151473999,0.719908166612004,0.5049459397285484
0.6277130842208862,0.7196707579123721,0.5050737417887177
0.627337634563446,0.7192778101339545,0.5050737417887177
0.6269385814666748,0.7188955180442375,0.5050993022007515
0.626272976398468,0.7186227457824317,0.5052015438488868
0.6257729530334473,0.7183502906976744,0.5053037854970223
0.625230073928833,0.7180315961503541,0.5053549063210899
0.6247735023498535,0.717723494609996,0.5054315875571914
0.6242504715919495,0.7174520259730838,0.5055338292053267
0.6239761710166931,0.7171446180618497,0.5056105104414284
0.6234347820281982,0.7168375665784992,0.5056871916775298
0.6231813430786133,0.7165930325197364,0.5057894333256652
0.6228458881378174,0.716322837495476,0.5058916749738006
0.6225674152374268,0.7159806120234392,0.5059427957978683
0.6221781969070435,0.7156749331212494,0.5060194770339698
0.6217646598815918,0.7153696076306092,0.5060961582700713
0.6213811039924622,0.7151626764886433,0.5062239603302405
0.6208851933479309,0.7148940777364755,0.5063262019783759
0.6205188632011414,0.7145536519386835,0.5063773228024436
0.6201308369636536,0.7141775711041419,0.5064028832144775
0.6195940375328064,0.7139357256088774,0.5065051248626128
0.6190579533576965,0.713560420567478,0.5065306852746466
0.6183658838272095,0.71329350798906,0.506632926922782
0.6178758144378662,0.7129549705078406,0.5066840477468497
0.6175578236579895,0.7127965492451473,0.5068629706310865
0.617153525352478,0.7125202083707562,0.5069396518671881
0.6169251799583435,0.7122544971455244,0.5070418935153235
0.6165135502815247,0.7119173215631392,0.5070930143393911
0.6161364912986755,0.711544668794606,0.507118574751425
0.6158440709114075,0.7111724434567547,0.5071441351634588
0.6153375506401062,0.7108619330801749,0.5071952559875266
0.6150058507919312,0.7105263157894737,0.5072463768115942
0.614739716053009,0.7102268660989051,0.5073230580476957
0.614306628704071,0.7098919962806666,0.5073741788717634
0.6139046549797058,0.7096289942097362,0.5074764205198988
0.6135740280151367,0.7094273568392098,0.507604222580068
0.6132813096046448,0.7091649112785177,0.5077064642282033
0.6127782464027405,0.7088314005352364,0.5077575850522711
0.6122781038284302,0.7086052565885668,0.5078853871124402
0.6118571758270264,0.7082620473339036,0.5079109475244741
0.611325740814209,0.7080364776289542,0.5080387495846433
0.6109071969985962,0.7077043577328397,0.508089870408711
0.6103516817092896,0.707443780244805,0.5081921120568463
0.6099404692649841,0.707076813655761,0.5082176724688802
0.6096616983413696,0.7068775546472366,0.5083454745290494
0.6093196272850037,0.706546836702071,0.5083965953531171
0.6088382005691528,0.7062164944793553,0.5084477161771848
0.6082920432090759,0.7058510449561792,0.5084732765892186
0.6077436804771423,0.7055214723926381,0.5085243974132863
0.6071972846984863,0.7052172680229674,0.508575518237354
0.6067467927932739,0.7048529932695714,0.5086010786493879
0.606349527835846,0.7046307441761666,0.508728880709557
0.6059737205505371,0.7042672139268276,0.5087544411215909
0.605591356754303,0.7039748214159417,0.5088311223576925
0.6049509644508362,0.7037429752942423,0.5089333640058278
0.6046346426010132,0.7034511992652513,0.5090100452419293
0.6042459607124329,0.7031597528684908,0.5090867264780308
0.603785514831543,0.7029744892558484,0.5092400889502339
0.6035522818565369,0.7027084214980956,0.5093167701863354
0.6032077670097351,0.7023826307627238,0.5093678910104031
0.6028149127960205,0.7021276595744681,0.5094701326585385
0.6024096012115479,0.7018729756372342,0.5095723743066738
0.6022067070007324,0.7016537649542576,0.5097001763668431
0.6019051671028137,0.7013539651837524,0.5097512971909107
0.6017060279846191,0.7011001370777828,0.509853538839046
0.6012548208236694,0.7008465943021744,0.5099557804871815
0.6009382009506226,0.7004880103921638,0.5099813408992153
0.6006876230239868,0.7001298291168111,0.5100069013112492
0.600369393825531,0.6999018026232727,0.5101091429593845
0.599787175655365,0.6996144409393621,0.5101858241954861
0.5960087180137634,0.6992923702094864,0.5102369450195537
0.5921368598937988,0.6989706603179049,0.5102880658436214
0.5866780877113342,0.6986037722644084,0.5102880658436214
0.5802967548370361,0.6982827964886511,0.5103391866676891
0.5731179118156433,0.6979621797336503,0.5103903074917567
0.5674748420715332,0.6976419213973799,0.5104414283158244
0.5645767450332642,0.6973569358611781,0.510518109551926
0.5580542683601379,0.6970616973757677,0.5105692303759937
0.5531490445137024,0.6967424665178571,0.5106203512000613
0.5470053553581238,0.6963887339654211,0.5106459116120952
0.541136622428894,0.6960702341137124,0.5106970324361628
0.5365828275680542,0.6956824512534819,0.5106970324361628
0.5302873253822327,0.6954585000870019,0.5107992740842983
0.5236290693283081,0.6951062571736635,0.5108248344963321
0.5190673470497131,0.694789168144054,0.5108759553203998
0.5134978890419006,0.6944376889135948,0.5109015157324336
0.5076107978820801,0.6940518768012778,0.5109015157324336
0.503150463104248,0.6936905670854445,0.5109015157324336
0.49752479791641235,0.6933402705515088,0.5109270761444674
0.4921528697013855,0.6929903626152673,0.5109526365565012
0.4882814586162567,0.6927101378975816,0.5110293177926029
0.4849175214767456,0.6923849430342487,0.5110548782046367
0.4825799763202667,0.69207074377877,0.5111059990287043
0.47940462827682495,0.6917223010135252,0.5111315594407382
0.4760008454322815,0.6913742437337943,0.511157119852772
0.47097525000572205,0.6909920182440137,0.511157119852772
0.46822643280029297,0.6906686006354469,0.5111826802648058
0.46499451994895935,0.6903216899074969,0.5112082406768397
0.46293312311172485,0.6900096591693115,0.5112593615009074
0.46049976348876953,0.6896634946903876,0.5112849219129413
0.45733630657196045,0.6893521709166093,0.511336042737009
0.4538266360759735,0.689064921646289,0.5113871635610766
0.4500558376312256,0.6887198375271075,0.5114127239731104
0.44745883345603943,0.6884783431382667,0.5115149656212458
0.4431897699832916,0.6880995770725166,0.5115149656212458
0.4405202567577362,0.6877212275335922,0.5115149656212458
0.4389075040817261,0.6873669025211239,0.5115149656212458
0.4366256594657898,0.6870236869207003,0.5115405260332797
0.4340789318084717,0.6866465381184382,0.5115405260332797
0.43077805638313293,0.6863383855702627,0.5115916468573474
0.4281350374221802,0.6860540836960619,0.511642767681415
0.4257991909980774,0.6857465830849861,0.5116938885054827
0.4234677851200104,0.6853709473107604,0.5116938885054827
0.42091894149780273,0.685098374679213,0.5117705697415842
0.41821610927581787,0.6847577032249239,0.511796130153618
0.4165303111076355,0.6844407984686902,0.511821690565652
0.4140923023223877,0.6840666848865811,0.511821690565652
0.4129895865917206,0.683761267413275,0.5118728113897196
0.4110715091228485,0.6834561834561834,0.5119239322137873
0.40897342562675476,0.6831173260572988,0.5119494926258211
0.40777894854545593,0.68276802454406,0.5119494926258211
0.4057914912700653,0.6824639705631835,0.5120006134498888
0.4041273891925812,0.6820921442435387,0.5120006134498888
0.4028509855270386,0.6817207228669638,0.5120006134498888
0.4008484482765198,0.6813728825090142,0.5120006134498888
0.3990870416164398,0.681002243829469,0.5120006134498888
0.3980691730976105,0.680632008154944,0.5120006134498888
0.39687734842300415,0.6802621748284996,0.5120006134498888
0.3955388069152832,0.6799945692756771,0.5120772946859904
0.3934975266456604,0.6796485395393018,0.5120772946859904
0.3922385275363922,0.6793476418133116,0.512128415510058
0.3903309404850006,0.6790131824189231,0.5121539759220919
0.38960495591163635,0.678645215918713,0.5121539759220919
0.3885195255279541,0.6782776480146238,0.5121539759220919
0.38735130429267883,0.6780010826904859,0.5122050967461595
0.38535797595977783,0.6776680643852293,0.5122306571581934
0.38462069630622864,0.6773016087603082,0.5122306571581934
0.38310396671295166,0.6769693284691258,0.5122562175702272
0.3819458782672882,0.6766036461850101,0.5122562175702272
0.38111749291419983,0.6762611776615488,0.5122562175702272
0.3797359764575958,0.6759637111733162,0.5123073383942949
0.37850555777549744,0.6756328580577746,0.5123328988063287
0.3768996596336365,0.6753023616211299,0.5123584592183626
0.375556081533432,0.6749949491548253,0.5123840196303965
0.3745705485343933,0.6746651410109713,0.5124095800424303
0.3738034665584564,0.6743020517995291,0.5124095800424303
0.37270021438598633,0.6739393531903449,0.5124095800424303
0.37192636728286743,0.6736106444459378,0.5124351404544641
0.3703467547893524,0.6733048997548443,0.512460700866498
0.36928725242614746,0.6729433088309335,0.512460700866498
0.3683018684387207,0.6726156529907075,0.5124862612785318
0.36720332503318787,0.672254819782062,0.5124862612785318
0.3664611577987671,0.671894373512952,0.5124862612785318
0.3654431700706482,0.6715568060021436,0.5124862612785318
0.36455777287483215,0.6711971076593466,0.5124862612785318
0.3633780777454376,0.6708712526766595,0.5125118216905656
0.3619077205657959,0.670545746388443,0.5125373821025995
0.3605358302593231,0.6702205882352941,0.5125629425146333
0.3597850799560547,0.6699181560046767,0.5125885029266671
0.35895901918411255,0.6695936696604454,0.512614063338701
0.3580818474292755,0.6692695298161311,0.5126396237507349
0.35742855072021484,0.6689123836840877,0.5126396237507349
0.3562845289707184,0.6685779051936795,0.5126396237507349
0.3550110459327698,0.6682214966349037,0.5126396237507349
0.35442060232162476,0.6678654678654679,0.5126396237507349
0.3535180985927582,0.6675098182786394,0.5126396237507349
0.35240018367767334,0.6671878118554987,0.5126651841627687
0.3516030013561249,0.6669215679755295,0.5127163049868364
0.3501793444156647,0.6666666666666666,0.5127929862229379
0.34888070821762085,0.6663123982862267,0.5127929862229379
0.3481180965900421,0.6659585062240664,0.5127929862229379
0.34753119945526123,0.6656049898808931,0.5127929862229379
0.34660106897354126,0.6652739090064995,0.5127929862229379
0.3458757698535919,0.6649211189182023,0.5127929862229379
0.3453962206840515,0.6645687027958129,0.5127929862229379
0.3448365032672882,0.6642828764402066,0.5128441070470056
0.3441658318042755,0.6639531420629405,0.5128441070470056
0.3436582088470459,0.6636348602612866,0.5128696674590394
0.3427371680736542,0.6632838583848468,0.5128696674590394
0.3418680429458618,0.6629332276076255,0.5128696674590394
0.3413001298904419,0.6625829673414126,0.5128696674590394
0.34044817090034485,0.6622879397980065,0.5128952278710733
0.34002724289894104,0.6619713663653757,0.5129207882831072
0.33940479159355164,0.66162215628091,0.5129207882831072
0.3387840986251831,0.6612733144401239,0.5129207882831072
0.338153600692749,0.6609248402608524,0.5129207882831072
0.3374329209327698,0.6605984791124864,0.5129207882831072
0.3368552327156067,0.6602507156253085,0.5129207882831072
0.33643826842308044,0.6599362030977671,0.512946348695141
0.3357807397842407,0.6596220213640098,0.5129719091071748
0.3354959785938263,0.6593081699024342,0.5129974695192087
0.33490490913391113,0.6590162857893355,0.5130230299312425
0.334042489528656,0.658703071672355,0.5130485903432763
0.33328160643577576,0.6583573865127264,0.5130485903432763
0.33271777629852295,0.6580120639916076,0.5130485903432763
0.33194777369499207,0.6576886529702808,0.5130485903432763
0.3312282860279083,0.657344031439332,0.5130485903432763
0.33056342601776123,0.6569997708749304,0.5130485903432763
0.33004823327064514,0.6566558707102431,0.5130485903432763
0.3292466402053833,0.6563123303796227,0.5130485903432763
0.32860758900642395,0.6559905876201059,0.5130485903432763
0.32796189188957214,0.6556477428627425,0.5130485903432763
0.32729095220565796,0.6553052562846882,0.5130485903432763
0.326903373003006,0.6549957580108334,0.5130741507553102
0.32620593905448914,0.6546539690822516,0.5130741507553102
0.325788289308548,0.6543338657626234,0.5130741507553102
0.3251688480377197,0.6539927670804417,0.5130741507553102
0.3248203992843628,0.6536845875801882,0.513099711167344
0.32419702410697937,0.6533441822620016,0.513099711167344
0.32367613911628723,0.653004131290459,0.513099711167344
0.3231988251209259,0.6527506827936013,0.5131508319914116
0.32271093130111694,0.6524112829845314,0.5131508319914116
0.32220059633255005,0.652072235936079,0.5131508319914116
0.32153815031051636,0.6517335410985586,0.5131508319914116
0.32095852494239807,0.6514163340796262,0.5131508319914116
0.3204735517501831,0.6511431814496513,0.5132019528154794
0.3198777735233307,0.6508378982853068,0.5132275132275133
0.3193710148334503,0.6505005345514627,0.5132275132275133
0.31878194212913513,0.6501635203833824,0.5132275132275133
0.31850647926330566,0.6498478865946016,0.5132275132275133
0.318088173866272,0.6495115481658795,0.5132275132275133
0.31746599078178406,0.6491755577109602,0.5132275132275133
0.3170703053474426,0.6488722290441414,0.5132530736395471
0.3165978789329529,0.6485692138750727,0.5132786340515809
0.31595510244369507,0.6482551570520063,0.5132786340515809
0.31546834111213684,0.6479204981770077,0.5132786340515809
0.3150673508644104,0.6475861846560675,0.5132786340515809
0.31447938084602356,0.6472844480257857,0.5133041944636147
0.31417521834373474,0.6469716494845361,0.5133041944636147
0.31386592984199524,0.6466383307573416,0.5133041944636147
0.31348729133605957,0.6463053553038105,0.5133041944636147
0.31300967931747437,0.6460370560988162,0.5133553152876824
0.3123800456523895,0.645704732510288,0.5133553152876824
0.31206199526786804,0.6453934895080176,0.5133553152876824
0.3116747736930847,0.6450618275252931,0.5133553152876824
0.311416357755661,0.6447305062437803,0.5133553152876824
0.3109665811061859,0.6444316103571085,0.5133808756997162
0.3103533685207367,0.6441330211974473,0.5134064361117501
0.30975595116615295,0.643823322007821,0.5134064361117501
0.30936771631240845,0.6434933042865381,0.5134064361117501
0.30880141258239746,0.6431636247198207,0.5134064361117501
0.30826061964035034,0.6428342827881969,0.5134064361117501
0.30785876512527466,0.6425052779732583,0.5134064361117501
0.3074057698249817,0.6421971416695975,0.5134064361117501
0.30701449513435364,0.6418687885469594,0.5134064361117501
0.30677250027656555,0.6415407710243061,0.5134064361117501
0.30637457966804504,0.6412130885873902,0.5134064361117501
0.3059098720550537,0.6409061901723038,0.5134064361117501
0.30538085103034973,0.6405791555045286,0.5134064361117501
0.3049144744873047,0.6402843299757746,0.513431996523784
0.30441224575042725,0.6399579457117369,0.513431996523784
0.3038347661495209,0.6396637371035537,0.5134575569358178
0.30351653695106506,0.6393901779178204,0.5134831173478517
0.3030940592288971,0.639096548433275,0.5135086777598855
0.302687406539917,0.6387714222123303,0.5135086777598855
0.3022440969944,0.6384784059490896,0.5135342381719193
0.30193716287612915,0.6381539243401201,0.5135342381719193
0.30159974098205566,0.6378500222236333,0.5135342381719193
0.30125290155410767,0.6375579107698166,0.5135597985839532
0.3009592592716217,0.6372343799555978,0.5135597985839532
0.3004395365715027,0.6369111773283459,0.5135597985839532
0.3000261187553406,0.6365883023889487,0.5135597985839532
