image_path,face_idx,category,box_x1,box_y1,box_x2,box_y2,face_area,face_brightness,image_brightness,image_blur,confidence
0--Parade/0_Parade_marchingband_1_465.jpg,46,detected,466.0,257.0,474.0,266.0,72.0,113.18055555555556,96.65062108222713,871.9960510287644,0.7438605427742004
0--Parade/0_Parade_marchingband_1_465.jpg,36,detected,669.0,260.0,676.0,268.0,56.0,160.16071428571428,96.65062108222713,871.9960510287644,0.7022253274917603
0--Parade/0_Parade_marchingband_1_465.jpg,3,detected,44.0,303.0,54.0,311.0,80.0,175.25,96.65062108222713,871.9960510287644,0.5983636379241943
0--Parade/0_Parade_marchingband_1_465.jpg,38,detected,627.0,235.0,635.0,244.0,72.0,144.5,96.65062108222713,871.9960510287644,0.5586261749267578
0--Parade/0_Parade_marchingband_1_465.jpg,37,detected,618.0,264.0,624.0,272.0,48.0,191.02083333333334,96.65062108222713,871.9960510287644,0.5477790236473083
0--Parade/0_Parade_marchingband_1_465.jpg,10,detected,120.0,599.0,132.0,616.0,204.0,136.4264705882353,96.65062108222713,871.9960510287644,0.537700891494751
0--Parade/0_Parade_marchingband_1_465.jpg,19,detected,877.0,168.0,884.0,177.0,63.0,144.34920634920636,96.65062108222713,871.9960510287644,0.5341026782989502
0--Parade/0_Parade_marchingband_1_465.jpg,47,detected,709.0,267.0,716.0,276.0,63.0,54.44444444444444,96.65062108222713,871.9960510287644,0.5115240812301636
0--Parade/0_Parade_marchingband_1_465.jpg,0,undetected,345.0,211.0,349.0,215.0,16.0,64.375,96.65062108222713,871.9960510287644,-1.0
0--Parade/0_Parade_marchingband_1_465.jpg,1,undetected,250.0,126.0,253.0,130.0,12.0,145.75,96.65062108222713,871.9960510287644,-1.0
0--Parade/0_Parade_marchingband_1_465.jpg,2,undetected,427.0,116.0,430.0,120.0,12.0,106.75,96.65062108222713,871.9960510287644,-1.0
0--Parade/0_Parade_marchingband_1_465.jpg,4,undetected,7.0,264.0,13.0,272.0,48.0,178.8125,96.65062108222713,871.9960510287644,-1.0
0--Parade/0_Parade_marchingband_1_465.jpg,5,undetected,129.0,165.0,133.0,170.0,20.0,126.35,96.65062108222713,871.9960510287644,-1.0
0--Parade/0_Parade_marchingband_1_465.jpg,6,undetected,158.0,162.0,162.0,166.0,16.0,125.0625,96.65062108222713,871.9960510287644,-1.0
0--Parade/0_Parade_marchingband_1_465.jpg,7,undetected,174.0,156.0,179.0,162.0,30.0,147.46666666666667,96.65062108222713,871.9960510287644,-1.0
0--Parade/0_Parade_marchingband_1_465.jpg,8,undetected,242.0,179.0,247.0,185.0,30.0,174.53333333333333,96.65062108222713,871.9960510287644,-1.0
0--Parade/0_Parade_marchingband_1_465.jpg,9,undetected,0.0,317.0,3.0,325.0,24.0,168.83333333333334,96.65062108222713,871.9960510287644,-1.0
0--Parade/0_Parade_marchingband_1_465.jpg,11,undetected,1008.0,256.0,1014.0,266.0,60.0,159.26666666666668,96.65062108222713,871.9960510287644,-1.0
0--Parade/0_Parade_marchingband_1_465.jpg,12,undetected,853.0,131.0,857.0,136.0,20.0,133.95,96.65062108222713,871.9960510287644,-1.0
0--Parade/0_Parade_marchingband_1_465.jpg,13,undetected,878.0,131.0,883.0,136.0,25.0,122.68,96.65062108222713,871.9960510287644,-1.0
0--Parade/0_Parade_marchingband_1_465.jpg,14,undetected,900.0,138.0,904.0,144.0,24.0,108.41666666666667,96.65062108222713,871.9960510287644,-1.0
0--Parade/0_Parade_marchingband_1_465.jpg,15,undetected,922.0,142.0,927.0,147.0,25.0,120.68,96.65062108222713,871.9960510287644,-1.0
0--Parade/0_Parade_marchingband_1_465.jpg,16,undetected,959.0,134.0,964.0,141.0,35.0,107.97142857142858,96.65062108222713,871.9960510287644,-1.0
0--Parade/0_Parade_marchingband_1_465.jpg,17,undetected,984.0,141.0,989.0,146.0,25.0,79.52,96.65062108222713,871.9960510287644,-1.0
0--Parade/0_Parade_marchingband_1_465.jpg,18,undetected,1010.0,141.0,1014.0,147.0,24.0,96.29166666666667,96.65062108222713,871.9960510287644,-1.0
0--Parade/0_Parade_marchingband_1_465.jpg,20,undetected,963.0,190.0,968.0,197.0,35.0,152.54285714285714,96.65062108222713,871.9960510287644,-1.0
0--Parade/0_Parade_marchingband_1_465.jpg,21,undetected,982.0,194.0,987.0,201.0,35.0,146.57142857142858,96.65062108222713,871.9960510287644,-1.0
0--Parade/0_Parade_marchingband_1_465.jpg,22,undetected,798.0,133.0,802.0,137.0,16.0,136.0625,96.65062108222713,871.9960510287644,-1.0
0--Parade/0_Parade_marchingband_1_465.jpg,23,undetected,815.0,170.0,819.0,175.0,20.0,100.75,96.65062108222713,871.9960510287644,-1.0
0--Parade/0_Parade_marchingband_1_465.jpg,24,undetected,794.0,166.0,798.0,172.0,24.0,116.375,96.65062108222713,871.9960510287644,-1.0
0--Parade/0_Parade_marchingband_1_465.jpg,25,undetected,1003.0,164.0,1008.0,171.0,35.0,86.14285714285714,96.65062108222713,871.9960510287644,-1.0
0--Parade/0_Parade_marchingband_1_465.jpg,26,undetected,921.0,227.0,928.0,235.0,56.0,160.41071428571428,96.65062108222713,871.9960510287644,-1.0
0--Parade/0_Parade_marchingband_1_465.jpg,27,undetected,881.0,215.0,886.0,221.0,30.0,154.56666666666666,96.65062108222713,871.9960510287644,-1.0
0--Parade/0_Parade_marchingband_1_465.jpg,28,undetected,836.0,209.0,842.0,217.0,48.0,175.27083333333334,96.65062108222713,871.9960510287644,-1.0
0--Parade/0_Parade_marchingband_1_465.jpg,29,undetected,801.0,204.0,807.0,212.0,48.0,160.29166666666666,96.65062108222713,871.9960510287644,-1.0
0--Parade/0_Parade_marchingband_1_465.jpg,30,undetected,932.0,270.0,938.0,277.0,42.0,194.64285714285714,96.65062108222713,871.9960510287644,-1.0
0--Parade/0_Parade_marchingband_1_465.jpg,31,undetected,1002.0,295.0,1010.0,303.0,64.0,92.859375,96.65062108222713,871.9960510287644,-1.0
0--Parade/0_Parade_marchingband_1_465.jpg,32,undetected,984.0,249.0,989.0,257.0,40.0,151.725,96.65062108222713,871.9960510287644,-1.0
0--Parade/0_Parade_marchingband_1_465.jpg,33,undetected,918.0,173.0,923.0,179.0,30.0,84.06666666666666,96.65062108222713,871.9960510287644,-1.0
0--Parade/0_Parade_marchingband_1_465.jpg,34,undetected,700.0,237.0,706.0,244.0,42.0,103.9047619047619,96.65062108222713,871.9960510287644,-1.0
0--Parade/0_Parade_marchingband_1_465.jpg,35,undetected,664.0,239.0,670.0,247.0,48.0,102.35416666666667,96.65062108222713,871.9960510287644,-1.0
0--Parade/0_Parade_marchingband_1_465.jpg,39,undetected,607.0,198.0,613.0,205.0,42.0,141.14285714285714,96.65062108222713,871.9960510287644,-1.0
0--Parade/0_Parade_marchingband_1_465.jpg,40,undetected,628.0,154.0,632.0,159.0,20.0,144.1,96.65062108222713,871.9960510287644,-1.0
0--Parade/0_Parade_marchingband_1_465.jpg,41,undetected,528.0,157.0,532.0,163.0,24.0,56.291666666666664,96.65062108222713,871.9960510287644,-1.0
0--Parade/0_Parade_marchingband_1_465.jpg,42,undetected,554.0,165.0,558.0,170.0,20.0,93.7,96.65062108222713,871.9960510287644,-1.0
0--Parade/0_Parade_marchingband_1_465.jpg,43,undetected,769.0,160.0,775.0,167.0,42.0,139.52380952380952,96.65062108222713,871.9960510287644,-1.0
0--Parade/0_Parade_marchingband_1_465.jpg,44,undetected,431.0,167.0,435.0,172.0,20.0,139.5,96.65062108222713,871.9960510287644,-1.0
0--Parade/0_Parade_marchingband_1_465.jpg,45,undetected,467.0,168.0,471.0,173.0,20.0,157.85,96.65062108222713,871.9960510287644,-1.0
0--Parade/0_Parade_marchingband_1_465.jpg,48,undetected,761.0,268.0,768.0,276.0,56.0,41.964285714285715,96.65062108222713,871.9960510287644,-1.0
0--Parade/0_Parade_marchingband_1_465.jpg,49,undetected,735.0,241.0,741.0,249.0,48.0,128.1875,96.65062108222713,871.9960510287644,-1.0
0--Parade/0_Parade_marchingband_1_465.jpg,50,undetected,75.0,247.0,85.0,257.0,100.0,195.07,96.65062108222713,871.9960510287644,-1.0
0--Parade/0_Parade_marchingband_1_465.jpg,2,false_positive,770.521728515625,161.7606201171875,775.865234375,168.6256103515625,36.6831169128418,167.68571428571428,96.65062108222713,871.9960510287644,0.6700704097747803
0--Parade/0_Parade_marchingband_1_465.jpg,3,false_positive,750.830322265625,160.70584106445312,756.1015625,167.5424346923828,36.03732681274414,48.404761904761905,96.65062108222713,871.9960510287644,0.6500662565231323
0--Parade/0_Parade_marchingband_1_465.jpg,4,false_positive,82.1088638305664,305.4486389160156,89.49359893798828,314.2314758300781,64.85892486572266,200.9206349206349,96.65062108222713,871.9960510287644,0.6295803785324097
0--Parade/0_Parade_marchingband_1_465.jpg,6,false_positive,211.47901916503906,150.6800537109375,216.162109375,156.6432342529297,27.92611312866211,135.56666666666666,96.65062108222713,871.9960510287644,0.5892795920372009
0--Parade/0_Parade_marchingband_1_465.jpg,7,false_positive,878.889404296875,132.1172332763672,883.64404296875,138.2044677734375,28.94260025024414,137.96666666666667,96.65062108222713,871.9960510287644,0.5664989352226257
0--Parade/0_Parade_marchingband_1_465.jpg,10,false_positive,924.2522583007812,141.66712951660156,929.2999877929688,148.04710388183594,32.204383850097656,141.68571428571428,96.65062108222713,871.9960510287644,0.5383748412132263
0--Parade/0_Parade_marchingband_1_465.jpg,11,false_positive,391.0318298339844,168.00502014160156,396.1874694824219,174.5014190673828,33.49309158325195,116.3,96.65062108222713,871.9960510287644,0.5382675528526306
0--Parade/0_Parade_marchingband_1_465.jpg,14,false_positive,854.0093994140625,131.76055908203125,858.57373046875,137.39028930664062,25.695953369140625,142.08333333333334,96.65062108222713,871.9960510287644,0.5312812328338623
0--Parade/0_Parade_marchingband_1_465.jpg,15,false_positive,597.6362915039062,235.6501007080078,604.2109985351562,243.77322387695312,53.40715408325195,132.98214285714286,96.65062108222713,871.9960510287644,0.5117788910865784
0--Parade/0_Parade_Parade_0_628.jpg,8,detected,309.0,238.0,330.0,268.0,630.0,124.33174603174604,117.36782519674232,909.1781774513382,0.8698548674583435
0--Parade/0_Parade_Parade_0_628.jpg,11,detected,578.0,234.0,597.0,265.0,589.0,120.76740237691001,117.36782519674232,909.1781774513382,0.8553211092948914
0--Parade/0_Parade_Parade_0_628.jpg,9,detected,451.0,197.0,475.0,239.0,1008.0,124.16666666666667,117.36782519674232,909.1781774513382,0.8531482219696045
0--Parade/0_Parade_Parade_0_628.jpg,12,detected,624.0,219.0,644.0,252.0,660.0,103.48939393939393,117.36782519674232,909.1781774513382,0.8487350940704346
0--Parade/0_Parade_Parade_0_628.jpg,19,detected,904.0,278.0,919.0,298.0,300.0,47.696666666666665,117.36782519674232,909.1781774513382,0.8048359751701355
0--Parade/0_Parade_Parade_0_628.jpg,13,detected,693.0,263.0,710.0,289.0,442.0,107.38461538461539,117.36782519674232,909.1781774513382,0.788101077079773
0--Parade/0_Parade_Parade_0_628.jpg,21,detected,979.0,261.0,1002.0,278.0,391.0,41.30434782608695,117.36782519674232,909.1781774513382,0.7390629053115845
0--Parade/0_Parade_Parade_0_628.jpg,16,detected,786.0,290.0,797.0,303.0,143.0,39.06993006993007,117.36782519674232,909.1781774513382,0.7204302549362183
0--Parade/0_Parade_Parade_0_628.jpg,17,detected,787.0,340.0,799.0,353.0,156.0,47.83974358974359,117.36782519674232,909.1781774513382,0.6889981627464294
0--Parade/0_Parade_Parade_0_628.jpg,15,detected,757.0,293.0,766.0,304.0,99.0,50.64646464646464,117.36782519674232,909.1781774513382,0.6280495524406433
0--Parade/0_Parade_Parade_0_628.jpg,14,detected,708.0,296.0,717.0,311.0,135.0,132.21481481481482,117.36782519674232,909.1781774513382,0.575958251953125
0--Parade/0_Parade_Parade_0_628.jpg,0,detected,26.0,299.0,36.0,315.0,160.0,125.23125,117.36782519674232,909.1781774513382,0.5273224711418152
0--Parade/0_Parade_Parade_0_628.jpg,1,detected,25.0,329.0,32.0,340.0,77.0,117.81818181818181,117.36782519674232,909.1781774513382,0.5214518904685974
0--Parade/0_Parade_Parade_0_628.jpg,2,undetected,84.0,341.0,90.0,349.0,48.0,142.6875,117.36782519674232,909.1781774513382,-1.0
0--Parade/0_Parade_Parade_0_628.jpg,3,undetected,80.0,329.0,85.0,335.0,30.0,129.83333333333334,117.36782519674232,909.1781774513382,-1.0
0--Parade/0_Parade_Parade_0_628.jpg,4,undetected,110.0,335.0,114.0,344.0,36.0,159.86111111111111,117.36782519674232,909.1781774513382,-1.0
0--Parade/0_Parade_Parade_0_628.jpg,5,undetected,138.0,337.0,142.0,345.0,32.0,87.4375,117.36782519674232,909.1781774513382,-1.0
0--Parade/0_Parade_Parade_0_628.jpg,6,undetected,151.0,351.0,154.0,356.0,15.0,88.13333333333334,117.36782519674232,909.1781774513382,-1.0
0--Parade/0_Parade_Parade_0_628.jpg,7,undetected,157.0,342.0,161.0,350.0,32.0,77.71875,117.36782519674232,909.1781774513382,-1.0
0--Parade/0_Parade_Parade_0_628.jpg,10,undetected,360.0,290.0,372.0,308.0,216.0,163.42592592592592,117.36782519674232,909.1781774513382,-1.0
0--Parade/0_Parade_Parade_0_628.jpg,18,undetected,885.0,315.0,894.0,328.0,117.0,56.05982905982906,117.36782519674232,909.1781774513382,-1.0
0--Parade/0_Parade_Parade_0_628.jpg,20,undetected,939.0,296.0,951.0,310.0,168.0,88.125,117.36782519674232,909.1781774513382,-1.0
0--Parade/0_Parade_Parade_0_628.jpg,22,undetected,733.0,325.0,740.0,334.0,63.0,35.53968253968254,117.36782519674232,909.1781774513382,-1.0
0--Parade/0_Parade_marchingband_1_765.jpg,99,detected,370.0,369.0,386.0,390.0,336.0,177.52083333333334,146.19928145278348,2520.6066573088983,0.895205020904541
0--Parade/0_Parade_marchingband_1_765.jpg,102,detected,494.0,366.0,510.0,390.0,384.0,171.13020833333334,146.19928145278348,2520.6066573088983,0.8885290622711182
0--Parade/0_Parade_marchingband_1_765.jpg,40,detected,612.0,382.0,628.0,402.0,320.0,174.63125,146.19928145278348,2520.6066573088983,0.8857703804969788
0--Parade/0_Parade_marchingband_1_765.jpg,38,detected,688.0,293.0,703.0,314.0,315.0,157.98730158730157,146.19928145278348,2520.6066573088983,0.8814902305603027
0--Parade/0_Parade_marchingband_1_765.jpg,74,detected,196.0,374.0,212.0,393.0,304.0,159.66447368421052,146.19928145278348,2520.6066573088983,0.8794572353363037
0--Parade/0_Parade_marchingband_1_765.jpg,50,detected,727.0,381.0,745.0,404.0,414.0,164.79227053140096,146.19928145278348,2520.6066573088983,0.8793994784355164
0--Parade/0_Parade_marchingband_1_765.jpg,70,detected,307.0,370.0,324.0,394.0,408.0,172.8406862745098,146.19928145278348,2520.6066573088983,0.8784290552139282
0--Parade/0_Parade_marchingband_1_765.jpg,39,detected,555.0,376.0,572.0,400.0,408.0,175.54656862745097,146.19928145278348,2520.6066573088983,0.8774160146713257
0--Parade/0_Parade_marchingband_1_765.jpg,78,detected,90.0,322.0,108.0,349.0,486.0,140.07407407407408,146.19928145278348,2520.6066573088983,0.8772562742233276
0--Parade/0_Parade_marchingband_1_765.jpg,97,detected,370.0,290.0,381.0,308.0,198.0,170.56060606060606,146.19928145278348,2520.6066573088983,0.8749966621398926
0--Parade/0_Parade_marchingband_1_765.jpg,100,detected,452.0,341.0,468.0,361.0,320.0,185.709375,146.19928145278348,2520.6066573088983,0.8743202686309814
0--Parade/0_Parade_marchingband_1_765.jpg,46,detected,727.0,311.0,743.0,330.0,304.0,150.8815789473684,146.19928145278348,2520.6066573088983,0.8733230829238892
0--Parade/0_Parade_marchingband_1_765.jpg,52,detected,845.0,371.0,864.0,395.0,456.0,154.14254385964912,146.19928145278348,2520.6066573088983,0.8716301918029785
0--Parade/0_Parade_marchingband_1_765.jpg,68,detected,317.0,305.0,332.0,323.0,270.0,161.3037037037037,146.19928145278348,2520.6066573088983,0.8712198138237
0--Parade/0_Parade_marchingband_1_765.jpg,122,detected,539.0,346.0,553.0,366.0,280.0,157.47142857142856,146.19928145278348,2520.6066573088983,0.8704398274421692
0--Parade/0_Parade_marchingband_1_765.jpg,35,detected,615.0,295.0,629.0,312.0,238.0,144.30252100840337,146.19928145278348,2520.6066573088983,0.8682600259780884
0--Parade/0_Parade_marchingband_1_765.jpg,66,detected,905.0,384.0,922.0,405.0,357.0,155.1204481792717,146.19928145278348,2520.6066573088983,0.8668577671051025
0--Parade/0_Parade_marchingband_1_765.jpg,101,detected,428.0,373.0,447.0,396.0,437.0,149.63615560640733,146.19928145278348,2520.6066573088983,0.8661239743232727
0--Parade/0_Parade_marchingband_1_765.jpg,98,detected,405.0,309.0,420.0,328.0,285.0,167.7122807017544,146.19928145278348,2520.6066573088983,0.8636159896850586
0--Parade/0_Parade_marchingband_1_765.jpg,23,detected,202.0,220.0,216.0,236.0,224.0,147.20089285714286,146.19928145278348,2520.6066573088983,0.8631937503814697
0--Parade/0_Parade_marchingband_1_765.jpg,48,detected,805.0,322.0,820.0,341.0,285.0,156.459649122807,146.19928145278348,2520.6066573088983,0.8629857301712036
0--Parade/0_Parade_marchingband_1_765.jpg,37,detected,650.0,316.0,664.0,335.0,266.0,168.1015037593985,146.19928145278348,2520.6066573088983,0.8621605038642883
0--Parade/0_Parade_marchingband_1_765.jpg,65,detected,912.0,290.0,926.0,309.0,266.0,114.60902255639098,146.19928145278348,2520.6066573088983,0.8599727749824524
0--Parade/0_Parade_marchingband_1_765.jpg,44,detected,785.0,273.0,799.0,290.0,238.0,141.24789915966386,146.19928145278348,2520.6066573088983,0.8597414493560791
0--Parade/0_Parade_marchingband_1_765.jpg,73,detected,248.0,370.0,267.0,390.0,380.0,179.17368421052632,146.19928145278348,2520.6066573088983,0.8592047691345215
0--Parade/0_Parade_marchingband_1_765.jpg,120,detected,502.0,313.0,515.0,334.0,273.0,173.71062271062272,146.19928145278348,2520.6066573088983,0.8591736555099487
0--Parade/0_Parade_marchingband_1_765.jpg,69,detected,352.0,343.0,366.0,362.0,266.0,193.1015037593985,146.19928145278348,2520.6066573088983,0.8573933839797974
0--Parade/0_Parade_marchingband_1_765.jpg,51,detected,784.0,380.0,802.0,402.0,396.0,125.83838383838383,146.19928145278348,2520.6066573088983,0.8556293249130249
0--Parade/0_Parade_marchingband_1_765.jpg,77,detected,114.0,299.0,130.0,320.0,336.0,146.55357142857142,146.19928145278348,2520.6066573088983,0.8554611802101135
0--Parade/0_Parade_marchingband_1_765.jpg,11,detected,414.0,214.0,424.0,227.0,130.0,154.6769230769231,146.19928145278348,2520.6066573088983,0.8528698682785034
0--Parade/0_Parade_marchingband_1_765.jpg,43,detected,715.0,270.0,727.0,289.0,228.0,153.73245614035088,146.19928145278348,2520.6066573088983,0.8520348072052002
0--Parade/0_Parade_marchingband_1_765.jpg,75,detected,152.0,382.0,170.0,402.0,360.0,134.7722222222222,146.19928145278348,2520.6066573088983,0.8509880304336548
0--Parade/0_Parade_marchingband_1_765.jpg,42,detected,692.0,352.0,708.0,371.0,304.0,144.39473684210526,146.19928145278348,2520.6066573088983,0.8509505987167358
0--Parade/0_Parade_marchingband_1_765.jpg,117,detected,641.0,235.0,652.0,248.0,143.0,164.4965034965035,146.19928145278348,2520.6066573088983,0.8501584529876709
0--Parade/0_Parade_marchingband_1_765.jpg,94,detected,501.0,264.0,513.0,280.0,192.0,159.890625,146.19928145278348,2520.6066573088983,0.8449498414993286
0--Parade/0_Parade_marchingband_1_765.jpg,47,detected,833.0,299.0,847.0,315.0,224.0,139.83035714285714,146.19928145278348,2520.6066573088983,0.8442895412445068
0--Parade/0_Parade_marchingband_1_765.jpg,95,detected,538.0,252.0,550.0,269.0,204.0,170.35294117647058,146.19928145278348,2520.6066573088983,0.8436611890792847
0--Parade/0_Parade_marchingband_1_765.jpg,34,detected,647.0,265.0,659.0,283.0,216.0,148.0462962962963,146.19928145278348,2520.6066573088983,0.8432556986808777
0--Parade/0_Parade_marchingband_1_765.jpg,17,detected,398.0,244.0,411.0,259.0,195.0,129.47692307692307,146.19928145278348,2520.6066573088983,0.8429862260818481
0--Parade/0_Parade_marchingband_1_765.jpg,72,detected,226.0,317.0,239.0,336.0,247.0,153.49392712550608,146.19928145278348,2520.6066573088983,0.8425406217575073
0--Parade/0_Parade_marchingband_1_765.jpg,116,detected,606.0,242.0,619.0,259.0,221.0,163.53846153846155,146.19928145278348,2520.6066573088983,0.8423933982849121
0--Parade/0_Parade_marchingband_1_765.jpg,32,detected,746.0,251.0,758.0,267.0,192.0,159.88541666666666,146.19928145278348,2520.6066573088983,0.842204749584198
0--Parade/0_Parade_marchingband_1_765.jpg,91,detected,505.0,233.0,515.0,247.0,140.0,161.17142857142858,146.19928145278348,2520.6066573088983,0.8413137197494507
0--Parade/0_Parade_marchingband_1_765.jpg,67,detected,623.0,347.0,638.0,365.0,270.0,143.71481481481482,146.19928145278348,2520.6066573088983,0.8411076068878174
0--Parade/0_Parade_marchingband_1_765.jpg,19,detected,312.0,249.0,325.0,264.0,195.0,139.30769230769232,146.19928145278348,2520.6066573088983,0.8408207893371582
0--Parade/0_Parade_marchingband_1_765.jpg,41,detected,662.0,379.0,681.0,400.0,399.0,126.67167919799499,146.19928145278348,2520.6066573088983,0.8403100967407227
0--Parade/0_Parade_marchingband_1_765.jpg,60,detected,833.0,202.0,847.0,218.0,224.0,113.51785714285714,146.19928145278348,2520.6066573088983,0.8393100500106812
0--Parade/0_Parade_marchingband_1_765.jpg,49,detected,766.0,350.0,781.0,368.0,270.0,119.15185185185184,146.19928145278348,2520.6066573088983,0.8368031978607178
0--Parade/0_Parade_marchingband_1_765.jpg,45,detected,769.0,293.0,783.0,311.0,252.0,158.3968253968254,146.19928145278348,2520.6066573088983,0.8357471823692322
0--Parade/0_Parade_marchingband_1_765.jpg,119,detected,458.0,290.0,472.0,306.0,224.0,131.23214285714286,146.19928145278348,2520.6066573088983,0.8357013463973999
0--Parade/0_Parade_marchingband_1_765.jpg,62,detected,848.0,225.0,861.0,240.0,195.0,117.66666666666667,146.19928145278348,2520.6066573088983,0.8340820074081421
0--Parade/0_Parade_marchingband_1_765.jpg,25,detected,252.0,267.0,266.0,285.0,252.0,144.80555555555554,146.19928145278348,2520.6066573088983,0.8333331346511841
0--Parade/0_Parade_marchingband_1_765.jpg,118,detected,665.0,210.0,675.0,225.0,150.0,172.16,146.19928145278348,2520.6066573088983,0.8328545093536377
0--Parade/0_Parade_marchingband_1_765.jpg,114,detected,569.0,234.0,580.0,247.0,143.0,138.93706293706293,146.19928145278348,2520.6066573088983,0.8309459090232849
0--Parade/0_Parade_marchingband_1_765.jpg,129,detected,690.0,200.0,701.0,214.0,154.0,145.65584415584416,146.19928145278348,2520.6066573088983,0.8309212327003479
0--Parade/0_Parade_marchingband_1_765.jpg,18,detected,339.0,265.0,353.0,280.0,210.0,124.23809523809524,146.19928145278348,2520.6066573088983,0.8296303153038025
0--Parade/0_Parade_marchingband_1_765.jpg,90,detected,541.0,208.0,551.0,222.0,140.0,129.25,146.19928145278348,2520.6066573088983,0.8294601440429688
0--Parade/0_Parade_marchingband_1_765.jpg,29,detected,674.0,247.0,686.0,263.0,192.0,153.421875,146.19928145278348,2520.6066573088983,0.8286982178688049
0--Parade/0_Parade_marchingband_1_765.jpg,26,detected,288.0,289.0,300.0,308.0,228.0,158.73684210526315,146.19928145278348,2520.6066573088983,0.8282495737075806
0--Parade/0_Parade_marchingband_1_765.jpg,71,detected,257.0,346.0,272.0,361.0,225.0,155.16444444444446,146.19928145278348,2520.6066573088983,0.8267230987548828
0--Parade/0_Parade_marchingband_1_765.jpg,33,detected,577.0,268.0,589.0,284.0,192.0,168.80208333333334,146.19928145278348,2520.6066573088983,0.8238385915756226
0--Parade/0_Parade_marchingband_1_765.jpg,15,detected,333.0,217.0,343.0,232.0,150.0,138.56,146.19928145278348,2520.6066573088983,0.823000431060791
0--Parade/0_Parade_marchingband_1_765.jpg,58,detected,804.0,156.0,813.0,170.0,126.0,154.73015873015873,146.19928145278348,2520.6066573088983,0.8212878704071045
0--Parade/0_Parade_marchingband_1_765.jpg,28,detected,705.0,230.0,715.0,246.0,160.0,167.18125,146.19928145278348,2520.6066573088983,0.8208101987838745
0--Parade/0_Parade_marchingband_1_765.jpg,92,detected,442.0,233.0,455.0,251.0,234.0,141.35042735042734,146.19928145278348,2520.6066573088983,0.8203291893005371
0--Parade/0_Parade_marchingband_1_765.jpg,93,detected,466.0,250.0,478.0,266.0,192.0,162.015625,146.19928145278348,2520.6066573088983,0.8200517892837524
0--Parade/0_Parade_marchingband_1_765.jpg,53,detected,855.0,354.0,872.0,376.0,374.0,113.44117647058823,146.19928145278348,2520.6066573088983,0.8191893696784973
0--Parade/0_Parade_marchingband_1_765.jpg,27,detected,723.0,214.0,734.0,226.0,132.0,133.83333333333334,146.19928145278348,2520.6066573088983,0.8188589215278625
0--Parade/0_Parade_marchingband_1_765.jpg,111,detected,630.0,199.0,641.0,213.0,154.0,142.04545454545453,146.19928145278348,2520.6066573088983,0.8177499175071716
0--Parade/0_Parade_marchingband_1_765.jpg,113,detected,567.0,200.0,577.0,214.0,140.0,148.1,146.19928145278348,2520.6066573088983,0.8168660402297974
0--Parade/0_Parade_marchingband_1_765.jpg,76,detected,139.0,275.0,154.0,292.0,255.0,141.65882352941176,146.19928145278348,2520.6066573088983,0.8159036636352539
0--Parade/0_Parade_marchingband_1_765.jpg,89,detected,542.0,187.0,552.0,200.0,130.0,144.5,146.19928145278348,2520.6066573088983,0.8155133724212646
0--Parade/0_Parade_marchingband_1_765.jpg,16,detected,362.0,230.0,375.0,246.0,208.0,129.09134615384616,146.19928145278348,2520.6066573088983,0.8150277733802795
0--Parade/0_Parade_marchingband_1_765.jpg,13,detected,329.0,171.0,337.0,184.0,104.0,114.90384615384616,146.19928145278348,2520.6066573088983,0.8149683475494385
0--Parade/0_Parade_marchingband_1_765.jpg,30,detected,764.0,230.0,776.0,244.0,168.0,154.94642857142858,146.19928145278348,2520.6066573088983,0.8144450187683105
0--Parade/0_Parade_marchingband_1_765.jpg,109,detected,628.0,178.0,637.0,190.0,108.0,128.4537037037037,146.19928145278348,2520.6066573088983,0.8124781847000122
0--Parade/0_Parade_marchingband_1_765.jpg,85,detected,457.0,174.0,465.0,186.0,96.0,95.52083333333333,146.19928145278348,2520.6066573088983,0.8121433258056641
0--Parade/0_Parade_marchingband_1_765.jpg,36,detected,584.0,314.0,599.0,332.0,270.0,162.1888888888889,146.19928145278348,2520.6066573088983,0.8121293783187866
0--Parade/0_Parade_marchingband_1_765.jpg,22,detected,233.0,198.0,245.0,214.0,192.0,144.49479166666666,146.19928145278348,2520.6066573088983,0.8115999698638916
0--Parade/0_Parade_marchingband_1_765.jpg,24,detected,172.0,256.0,186.0,274.0,252.0,145.87698412698413,146.19928145278348,2520.6066573088983,0.8105687499046326
0--Parade/0_Parade_marchingband_1_765.jpg,63,detected,872.0,246.0,886.0,261.0,210.0,84.41428571428571,146.19928145278348,2520.6066573088983,0.8098316788673401
0--Parade/0_Parade_marchingband_1_765.jpg,108,detected,659.0,165.0,667.0,175.0,80.0,147.9125,146.19928145278348,2520.6066573088983,0.8089264631271362
0--Parade/0_Parade_marchingband_1_765.jpg,96,detected,423.0,268.0,435.0,284.0,192.0,130.07291666666666,146.19928145278348,2520.6066573088983,0.8066642880439758
0--Parade/0_Parade_marchingband_1_765.jpg,12,detected,351.0,183.0,361.0,197.0,140.0,129.12857142857143,146.19928145278348,2520.6066573088983,0.8065063953399658
0--Parade/0_Parade_marchingband_1_765.jpg,130,detected,758.0,189.0,767.0,203.0,126.0,116.5079365079365,146.19928145278348,2520.6066573088983,0.8057128190994263
0--Parade/0_Parade_marchingband_1_765.jpg,125,detected,739.0,161.0,748.0,174.0,117.0,106.08547008547009,146.19928145278348,2520.6066573088983,0.8051694631576538
0--Parade/0_Parade_marchingband_1_765.jpg,124,detected,717.0,154.0,727.0,167.0,130.0,119.8,146.19928145278348,2520.6066573088983,0.8048254251480103
0--Parade/0_Parade_marchingband_1_765.jpg,61,detected,802.0,252.0,815.0,267.0,195.0,111.93333333333334,146.19928145278348,2520.6066573088983,0.8040744066238403
0--Parade/0_Parade_marchingband_1_765.jpg,59,detected,824.0,178.0,835.0,194.0,176.0,134.8068181818182,146.19928145278348,2520.6066573088983,0.8035930395126343
0--Parade/0_Parade_marchingband_1_765.jpg,31,detected,780.0,221.0,791.0,236.0,165.0,139.53333333333333,146.19928145278348,2520.6066573088983,0.8032117486000061
0--Parade/0_Parade_marchingband_1_765.jpg,4,detected,260.0,173.0,270.0,186.0,130.0,114.66923076923077,146.19928145278348,2520.6066573088983,0.7996190190315247
0--Parade/0_Parade_marchingband_1_765.jpg,10,detected,384.0,205.0,393.0,217.0,108.0,117.63888888888889,146.19928145278348,2520.6066573088983,0.7990797758102417
0--Parade/0_Parade_marchingband_1_765.jpg,55,detected,773.0,126.0,782.0,139.0,117.0,99.01709401709402,146.19928145278348,2520.6066573088983,0.796106219291687
0--Parade/0_Parade_marchingband_1_765.jpg,106,detected,599.0,166.0,608.0,176.0,90.0,128.4111111111111,146.19928145278348,2520.6066573088983,0.7944005131721497
0--Parade/0_Parade_marchingband_1_765.jpg,83,detected,512.0,172.0,521.0,183.0,99.0,143.12121212121212,146.19928145278348,2520.6066573088983,0.7923794388771057
0--Parade/0_Parade_marchingband_1_765.jpg,104,detected,550.0,167.0,558.0,177.0,80.0,130.675,146.19928145278348,2520.6066573088983,0.7917248010635376
0--Parade/0_Parade_marchingband_1_765.jpg,88,detected,505.0,202.0,516.0,215.0,143.0,111.27972027972028,146.19928145278348,2520.6066573088983,0.7916082143783569
0--Parade/0_Parade_marchingband_1_765.jpg,131,detected,745.0,204.0,755.0,215.0,110.0,112.75454545454545,146.19928145278348,2520.6066573088983,0.7831598520278931
0--Parade/0_Parade_marchingband_1_765.jpg,87,detected,476.0,215.0,486.0,226.0,110.0,118.44545454545455,146.19928145278348,2520.6066573088983,0.7826892137527466
0--Parade/0_Parade_marchingband_1_765.jpg,54,detected,731.0,181.0,740.0,192.0,99.0,109.33333333333333,146.19928145278348,2520.6066573088983,0.7798001766204834
0--Parade/0_Parade_marchingband_1_765.jpg,112,detected,599.0,189.0,609.0,201.0,120.0,135.175,146.19928145278348,2520.6066573088983,0.7771300077438354
0--Parade/0_Parade_marchingband_1_765.jpg,115,detected,606.0,210.0,616.0,223.0,130.0,143.24615384615385,146.19928145278348,2520.6066573088983,0.7761591672897339
0--Parade/0_Parade_marchingband_1_765.jpg,64,detected,893.0,266.0,905.0,283.0,204.0,113.93627450980392,146.19928145278348,2520.6066573088983,0.7760108709335327
0--Parade/0_Parade_marchingband_1_765.jpg,57,detected,789.0,149.0,800.0,161.0,132.0,88.24242424242425,146.19928145278348,2520.6066573088983,0.7751337289810181
0--Parade/0_Parade_marchingband_1_765.jpg,121,detected,541.0,296.0,555.0,313.0,238.0,129.63025210084032,146.19928145278348,2520.6066573088983,0.7729302048683167
0--Parade/0_Parade_marchingband_1_765.jpg,14,detected,309.0,203.0,319.0,215.0,120.0,122.74166666666666,146.19928145278348,2520.6066573088983,0.7724969387054443
0--Parade/0_Parade_marchingband_1_765.jpg,3,detected,273.0,163.0,283.0,174.0,110.0,119.07272727272728,146.19928145278348,2520.6066573088983,0.7697069048881531
0--Parade/0_Parade_marchingband_1_765.jpg,81,detected,490.0,163.0,498.0,174.0,88.0,111.80681818181819,146.19928145278348,2520.6066573088983,0.7695606350898743
0--Parade/0_Parade_marchingband_1_765.jpg,2,detected,284.0,150.0,293.0,163.0,117.0,153.10256410256412,146.19928145278348,2520.6066573088983,0.768693208694458
0--Parade/0_Parade_marchingband_1_765.jpg,6,detected,370.0,161.0,379.0,173.0,108.0,100.18518518518519,146.19928145278348,2520.6066573088983,0.7686136960983276
0--Parade/0_Parade_marchingband_1_765.jpg,20,detected,284.0,234.0,296.0,248.0,168.0,110.20238095238095,146.19928145278348,2520.6066573088983,0.7672029733657837
0--Parade/0_Parade_marchingband_1_765.jpg,105,detected,569.0,173.0,580.0,183.0,110.0,134.5090909090909,146.19928145278348,2520.6066573088983,0.7657803893089294
0--Parade/0_Parade_marchingband_1_765.jpg,5,detected,345.0,151.0,352.0,161.0,70.0,111.65714285714286,146.19928145278348,2520.6066573088983,0.7633275985717773
0--Parade/0_Parade_marchingband_1_765.jpg,84,detected,486.0,190.0,496.0,203.0,130.0,140.2923076923077,146.19928145278348,2520.6066573088983,0.7628985643386841
0--Parade/0_Parade_marchingband_1_765.jpg,86,detected,449.0,203.0,459.0,214.0,110.0,117.49090909090908,146.19928145278348,2520.6066573088983,0.7615439891815186
0--Parade/0_Parade_marchingband_1_765.jpg,8,detected,398.0,173.0,405.0,184.0,77.0,134.88311688311688,146.19928145278348,2520.6066573088983,0.7527771592140198
0--Parade/0_Parade_marchingband_1_765.jpg,9,detected,422.0,192.0,431.0,202.0,90.0,125.33333333333333,146.19928145278348,2520.6066573088983,0.7444319128990173
0--Parade/0_Parade_marchingband_1_765.jpg,110,detected,654.0,189.0,663.0,201.0,108.0,116.04629629629629,146.19928145278348,2520.6066573088983,0.7368532419204712
0--Parade/0_Parade_marchingband_1_765.jpg,128,detected,713.0,192.0,723.0,204.0,120.0,143.21666666666667,146.19928145278348,2520.6066573088983,0.719926655292511
0--Parade/0_Parade_marchingband_1_765.jpg,0,detected,311.0,131.0,319.0,140.0,72.0,132.34722222222223,146.19928145278348,2520.6066573088983,0.7129747867584229
0--Parade/0_Parade_marchingband_1_765.jpg,123,detected,678.0,155.0,686.0,165.0,80.0,112.775,146.19928145278348,2520.6066573088983,0.7113975286483765
0--Parade/0_Parade_marchingband_1_765.jpg,56,detected,780.0,138.0,790.0,151.0,130.0,107.8923076923077,146.19928145278348,2520.6066573088983,0.7085290551185608
0--Parade/0_Parade_marchingband_1_765.jpg,1,detected,299.0,143.0,309.0,154.0,110.0,126.48181818181818,146.19928145278348,2520.6066573088983,0.6968342065811157
0--Parade/0_Parade_marchingband_1_765.jpg,79,detected,436.0,164.0,444.0,177.0,104.0,101.33653846153847,146.19928145278348,2520.6066573088983,0.6967179775238037
0--Parade/0_Parade_marchingband_1_765.jpg,127,detected,683.0,182.0,691.0,193.0,88.0,159.875,146.19928145278348,2520.6066573088983,0.6961618661880493
0--Parade/0_Parade_marchingband_1_765.jpg,107,detected,629.0,154.0,638.0,164.0,90.0,116.35555555555555,146.19928145278348,2520.6066573088983,0.6914569139480591
0--Parade/0_Parade_marchingband_1_765.jpg,21,detected,246.0,183.0,257.0,196.0,143.0,116.35664335664336,146.19928145278348,2520.6066573088983,0.6875888109207153
0--Parade/0_Parade_marchingband_1_765.jpg,80,detected,463.0,147.0,472.0,159.0,108.0,116.82407407407408,146.19928145278348,2520.6066573088983,0.685582160949707
0--Parade/0_Parade_marchingband_1_765.jpg,7,detected,408.0,150.0,417.0,162.0,108.0,124.35185185185185,146.19928145278348,2520.6066573088983,0.6805410385131836
0--Parade/0_Parade_marchingband_1_765.jpg,126,detected,705.0,167.0,714.0,178.0,99.0,104.01010101010101,146.19928145278348,2520.6066573088983,0.6718448996543884
0--Parade/0_Parade_marchingband_1_765.jpg,82,detected,522.0,146.0,530.0,157.0,88.0,110.93181818181819,146.19928145278348,2520.6066573088983,0.6609429717063904
0--Parade/0_Parade_marchingband_1_765.jpg,103,detected,571.0,151.0,580.0,161.0,90.0,123.42222222222222,146.19928145278348,2520.6066573088983,0.6160644888877869
0--Parade/0_Parade_Parade_0_194.jpg,2,detected,368.0,252.0,457.0,385.0,11837.0,161.9136605558841,145.06044344943263,196.132691284776,0.8914940357208252
0--Parade/0_Parade_Parade_0_194.jpg,0,detected,111.0,425.0,233.0,552.0,15494.0,172.35749322318316,145.06044344943263,196.132691284776,0.8904643654823303
0--Parade/0_Parade_Parade_0_194.jpg,4,detected,707.0,252.0,799.0,385.0,12236.0,160.68143184047074,145.06044344943263,196.132691284776,0.8525623679161072
0--Parade/0_Parade_Parade_0_194.jpg,1,detected,209.0,347.0,279.0,450.0,7210.0,168.19694868238557,145.06044344943263,196.132691284776,0.842754602432251
0--Parade/0_Parade_Parade_0_194.jpg,3,detected,555.0,282.0,644.0,382.0,8900.0,135.7743820224719,145.06044344943263,196.132691284776,0.7992282509803772
0--Parade/0_Parade_marchingband_1_379.jpg,21,detected,537.0,316.0,556.0,347.0,589.0,94.2546689303905,133.53759765625,536.1152770716634,0.7559609413146973
0--Parade/0_Parade_marchingband_1_379.jpg,25,detected,188.0,322.0,207.0,350.0,532.0,105.84962406015038,133.53759765625,536.1152770716634,0.7497673630714417
0--Parade/0_Parade_marchingband_1_379.jpg,20,detected,506.0,306.0,514.0,321.0,120.0,123.21666666666667,133.53759765625,536.1152770716634,0.7148866653442383
0--Parade/0_Parade_marchingband_1_379.jpg,3,detected,695.0,289.0,718.0,321.0,736.0,85.40217391304348,133.53759765625,536.1152770716634,0.6887096166610718
0--Parade/0_Parade_marchingband_1_379.jpg,5,detected,846.0,320.0,861.0,336.0,240.0,86.325,133.53759765625,536.1152770716634,0.6818030476570129
0--Parade/0_Parade_marchingband_1_379.jpg,10,detected,658.0,324.0,674.0,347.0,368.0,96.8586956521739,133.53759765625,536.1152770716634,0.6628750562667847
0--Parade/0_Parade_marchingband_1_379.jpg,0,detected,281.0,303.0,301.0,339.0,720.0,103.25555555555556,133.53759765625,536.1152770716634,0.6291466951370239
0--Parade/0_Parade_marchingband_1_379.jpg,19,detected,581.0,299.0,587.0,308.0,54.0,96.29629629629629,133.53759765625,536.1152770716634,0.6218799352645874
0--Parade/0_Parade_marchingband_1_379.jpg,22,detected,429.0,295.0,458.0,337.0,1218.0,109.38259441707717,133.53759765625,536.1152770716634,0.610824704170227
0--Parade/0_Parade_marchingband_1_379.jpg,7,detected,985.0,329.0,998.0,342.0,169.0,86.98224852071006,133.53759765625,536.1152770716634,0.6090829372406006
0--Parade/0_Parade_marchingband_1_379.jpg,17,detected,598.0,323.0,609.0,338.0,165.0,82.95757575757575,133.53759765625,536.1152770716634,0.6055094599723816
0--Parade/0_Parade_marchingband_1_379.jpg,2,detected,896.0,312.0,910.0,332.0,280.0,90.97857142857143,133.53759765625,536.1152770716634,0.6021984219551086
0--Parade/0_Parade_marchingband_1_379.jpg,24,detected,86.0,320.0,102.0,344.0,384.0,103.54427083333333,133.53759765625,536.1152770716634,0.600790798664093
0--Parade/0_Parade_marchingband_1_379.jpg,6,detected,953.0,316.0,967.0,332.0,224.0,80.15625,133.53759765625,536.1152770716634,0.5778139233589172
0--Parade/0_Parade_marchingband_1_379.jpg,9,detected,765.0,323.0,776.0,335.0,132.0,110.91666666666667,133.53759765625,536.1152770716634,0.5073366165161133
0--Parade/0_Parade_marchingband_1_379.jpg,1,undetected,260.0,324.0,276.0,345.0,336.0,100.62797619047619,133.53759765625,536.1152770716634,-1.0
0--Parade/0_Parade_marchingband_1_379.jpg,4,undetected,809.0,320.0,826.0,345.0,425.0,95.61411764705882,133.53759765625,536.1152770716634,-1.0
0--Parade/0_Parade_marchingband_1_379.jpg,8,undetected,783.0,319.0,794.0,336.0,187.0,90.54010695187166,133.53759765625,536.1152770716634,-1.0
0--Parade/0_Parade_marchingband_1_379.jpg,11,undetected,864.0,329.0,872.0,337.0,64.0,85.703125,133.53759765625,536.1152770716634,-1.0
0--Parade/0_Parade_marchingband_1_379.jpg,12,undetected,877.0,328.0,884.0,337.0,63.0,96.34920634920636,133.53759765625,536.1152770716634,-1.0
0--Parade/0_Parade_marchingband_1_379.jpg,13,undetected,928.0,325.0,935.0,333.0,56.0,100.55357142857143,133.53759765625,536.1152770716634,-1.0
0--Parade/0_Parade_marchingband_1_379.jpg,14,undetected,1010.0,322.0,1017.0,330.0,56.0,73.39285714285714,133.53759765625,536.1152770716634,-1.0
0--Parade/0_Parade_marchingband_1_379.jpg,15,undetected,746.0,303.0,751.0,312.0,45.0,83.62222222222222,133.53759765625,536.1152770716634,-1.0
0--Parade/0_Parade_marchingband_1_379.jpg,16,undetected,883.0,317.0,888.0,323.0,30.0,62.666666666666664,133.53759765625,536.1152770716634,-1.0
0--Parade/0_Parade_marchingband_1_379.jpg,18,undetected,621.0,316.0,626.0,327.0,55.0,67.43636363636364,133.53759765625,536.1152770716634,-1.0
0--Parade/0_Parade_marchingband_1_379.jpg,23,undetected,383.0,309.0,398.0,334.0,375.0,129.83733333333333,133.53759765625,536.1152770716634,-1.0
0--Parade/0_Parade_marchingband_1_379.jpg,2,false_positive,813.554931640625,318.17822265625,831.2662963867188,338.6896057128906,363.2845764160156,113.68611111111112,133.53759765625,536.1152770716634,0.7222477197647095
0--Parade/0_Parade_marchingband_1_379.jpg,16,false_positive,851.0474243164062,323.8885803222656,862.3403930664062,337.69842529296875,155.9541473388672,92.46103896103897,133.53759765625,536.1152770716634,0.3818374574184418
0--Parade/0_Parade_Parade_0_814.jpg,17,detected,472.0,373.0,484.0,388.0,180.0,104.77777777777777,123.28321885294656,707.6722446359214,0.7900723218917847
0--Parade/0_Parade_Parade_0_814.jpg,30,detected,893.0,556.0,911.0,574.0,324.0,117.17283950617283,123.28321885294656,707.6722446359214,0.7792296409606934
0--Parade/0_Parade_Parade_0_814.jpg,18,detected,495.0,378.0,507.0,395.0,204.0,82.81372549019608,123.28321885294656,707.6722446359214,0.7432805895805359
0--Parade/0_Parade_Parade_0_814.jpg,27,detected,753.0,378.0,766.0,393.0,195.0,98.26666666666667,123.28321885294656,707.6722446359214,0.7418569326400757
0--Parade/0_Parade_Parade_0_814.jpg,29,detected,764.0,514.0,786.0,538.0,528.0,105.13825757575758,123.28321885294656,707.6722446359214,0.730553925037384
0--Parade/0_Parade_Parade_0_814.jpg,0,detected,74.0,417.0,82.0,426.0,72.0,76.65277777777777,123.28321885294656,707.6722446359214,0.7237541675567627
0--Parade/0_Parade_Parade_0_814.jpg,28,detected,776.0,386.0,788.0,400.0,168.0,104.6547619047619,123.28321885294656,707.6722446359214,0.719348669052124
0--Parade/0_Parade_Parade_0_814.jpg,8,detected,166.0,401.0,174.0,412.0,88.0,85.39772727272727,123.28321885294656,707.6722446359214,0.7058751583099365
0--Parade/0_Parade_Parade_0_814.jpg,3,detected,112.0,408.0,119.0,419.0,77.0,81.14285714285714,123.28321885294656,707.6722446359214,0.6764947175979614
0--Parade/0_Parade_Parade_0_814.jpg,5,detected,133.0,417.0,142.0,425.0,72.0,58.833333333333336,123.28321885294656,707.6722446359214,0.6588513255119324
0--Parade/0_Parade_Parade_0_814.jpg,24,detected,684.0,395.0,693.0,409.0,126.0,158.03968253968253,123.28321885294656,707.6722446359214,0.65229332447052
0--Parade/0_Parade_Parade_0_814.jpg,7,detected,165.0,421.0,173.0,432.0,88.0,73.2840909090909,123.28321885294656,707.6722446359214,0.6408871412277222
0--Parade/0_Parade_Parade_0_814.jpg,31,detected,924.0,527.0,943.0,548.0,399.0,70.93233082706767,123.28321885294656,707.6722446359214,0.614187479019165
0--Parade/0_Parade_Parade_0_814.jpg,6,detected,151.0,407.0,158.0,416.0,63.0,88.60317460317461,123.28321885294656,707.6722446359214,0.6100334525108337
0--Parade/0_Parade_Parade_0_814.jpg,12,detected,321.0,407.0,329.0,417.0,80.0,83.0,123.28321885294656,707.6722446359214,0.6055627465248108
0--Parade/0_Parade_Parade_0_814.jpg,25,detected,705.0,437.0,713.0,448.0,88.0,61.42045454545455,123.28321885294656,707.6722446359214,0.5927034020423889
0--Parade/0_Parade_Parade_0_814.jpg,32,detected,975.0,425.0,984.0,436.0,99.0,58.85858585858586,123.28321885294656,707.6722446359214,0.5820251703262329
0--Parade/0_Parade_Parade_0_814.jpg,2,detected,102.0,395.0,110.0,405.0,80.0,92.8375,123.28321885294656,707.6722446359214,0.5786845684051514
0--Parade/0_Parade_Parade_0_814.jpg,15,detected,337.0,402.0,347.0,415.0,130.0,99.76923076923077,123.28321885294656,707.6722446359214,0.57358717918396
0--Parade/0_Parade_Parade_0_814.jpg,26,detected,723.0,385.0,735.0,400.0,180.0,120.37222222222222,123.28321885294656,707.6722446359214,0.5597930550575256
0--Parade/0_Parade_Parade_0_814.jpg,1,detected,96.0,423.0,105.0,433.0,90.0,86.16666666666667,123.28321885294656,707.6722446359214,0.5410494804382324
0--Parade/0_Parade_Parade_0_814.jpg,22,detected,604.0,534.0,621.0,557.0,391.0,144.60613810741688,123.28321885294656,707.6722446359214,0.5362259149551392
0--Parade/0_Parade_Parade_0_814.jpg,4,detected,125.0,404.0,133.0,415.0,88.0,83.81818181818181,123.28321885294656,707.6722446359214,0.5207168459892273
0--Parade/0_Parade_Parade_0_814.jpg,11,detected,288.0,429.0,295.0,438.0,63.0,111.95238095238095,123.28321885294656,707.6722446359214,0.5126031041145325
0--Parade/0_Parade_Parade_0_814.jpg,10,detected,290.0,394.0,296.0,402.0,48.0,76.27083333333333,123.28321885294656,707.6722446359214,0.5079460740089417
0--Parade/0_Parade_Parade_0_814.jpg,9,undetected,258.0,407.0,263.0,416.0,45.0,79.06666666666666,123.28321885294656,707.6722446359214,-1.0
0--Parade/0_Parade_Parade_0_814.jpg,13,undetected,310.0,399.0,319.0,409.0,90.0,75.31111111111112,123.28321885294656,707.6722446359214,-1.0
0--Parade/0_Parade_Parade_0_814.jpg,14,undetected,306.0,419.0,312.0,427.0,48.0,124.625,123.28321885294656,707.6722446359214,-1.0
0--Parade/0_Parade_Parade_0_814.jpg,16,undetected,407.0,455.0,423.0,469.0,224.0,113.75,123.28321885294656,707.6722446359214,-1.0
0--Parade/0_Parade_Parade_0_814.jpg,19,undetected,244.0,367.0,255.0,385.0,198.0,69.93434343434343,123.28321885294656,707.6722446359214,-1.0
0--Parade/0_Parade_Parade_0_814.jpg,20,undetected,407.0,403.0,412.0,408.0,25.0,62.0,123.28321885294656,707.6722446359214,-1.0
0--Parade/0_Parade_Parade_0_814.jpg,21,undetected,526.0,411.0,532.0,420.0,54.0,95.55555555555556,123.28321885294656,707.6722446359214,-1.0
0--Parade/0_Parade_Parade_0_814.jpg,23,undetected,647.0,404.0,656.0,415.0,99.0,74.56565656565657,123.28321885294656,707.6722446359214,-1.0
0--Parade/0_Parade_Parade_0_814.jpg,22,false_positive,316.1811828613281,448.3984069824219,322.1433410644531,455.8154296875,44.22146224975586,88.33333333333333,123.28321885294656,707.6722446359214,0.5243423581123352
0--Parade/0_Parade_Parade_0_814.jpg,25,false_positive,53.466007232666016,393.5577697753906,60.49604797363281,402.0155944824219,59.4588508605957,57.19047619047619,123.28321885294656,707.6722446359214,0.508759617805481
0--Parade/0_Parade_Parade_0_470.jpg,6,detected,462.0,146.0,521.0,215.0,4071.0,118.32547285679195,121.25232187906902,487.94956706536567,0.9204981327056885
0--Parade/0_Parade_Parade_0_470.jpg,19,detected,899.0,173.0,960.0,245.0,4392.0,161.50341530054644,121.25232187906902,487.94956706536567,0.9199150800704956
0--Parade/0_Parade_Parade_0_470.jpg,20,detected,931.0,266.0,992.0,343.0,4697.0,152.25335320417287,121.25232187906902,487.94956706536567,0.915977954864502
0--Parade/0_Parade_Parade_0_470.jpg,15,detected,702.0,220.0,767.0,315.0,6175.0,113.65959514170041,121.25232187906902,487.94956706536567,0.9125491380691528
0--Parade/0_Parade_Parade_0_470.jpg,10,detected,469.0,330.0,544.0,426.0,7200.0,139.86805555555554,121.25232187906902,487.94956706536567,0.9114392399787903
0--Parade/0_Parade_Parade_0_470.jpg,8,detected,621.0,139.0,677.0,215.0,4256.0,74.20676691729324,121.25232187906902,487.94956706536567,0.9089275598526001
0--Parade/0_Parade_Parade_0_470.jpg,12,detected,118.0,471.0,207.0,581.0,9790.0,149.3203268641471,121.25232187906902,487.94956706536567,0.9025681614875793
0--Parade/0_Parade_Parade_0_470.jpg,11,detected,312.0,365.0,396.0,478.0,9492.0,127.99926253687316,121.25232187906902,487.94956706536567,0.9011387825012207
0--Parade/0_Parade_Parade_0_470.jpg,16,detected,775.0,225.0,839.0,313.0,5632.0,142.9939630681818,121.25232187906902,487.94956706536567,0.89769047498703
0--Parade/0_Parade_Parade_0_470.jpg,1,detected,36.0,166.0,121.0,270.0,8840.0,117.44343891402715,121.25232187906902,487.94956706536567,0.8921016454696655
0--Parade/0_Parade_Parade_0_470.jpg,9,detected,596.0,243.0,675.0,343.0,7900.0,147.8292405063291,121.25232187906902,487.94956706536567,0.8908838629722595
0--Parade/0_Parade_Parade_0_470.jpg,13,detected,295.0,240.0,361.0,323.0,5478.0,129.05878057685285,121.25232187906902,487.94956706536567,0.890410304069519
0--Parade/0_Parade_Parade_0_470.jpg,2,detected,145.0,171.0,224.0,270.0,7821.0,118.05395729446363,121.25232187906902,487.94956706536567,0.8891762495040894
0--Parade/0_Parade_Parade_0_470.jpg,18,detected,847.0,175.0,899.0,244.0,3588.0,127.3221850613155,121.25232187906902,487.94956706536567,0.8889456987380981
0--Parade/0_Parade_Parade_0_470.jpg,5,detected,418.0,200.0,482.0,290.0,5760.0,119.03802083333333,121.25232187906902,487.94956706536567,0.8876149654388428
0--Parade/0_Parade_Parade_0_470.jpg,17,detected,839.0,226.0,892.0,301.0,3975.0,121.09408805031447,121.25232187906902,487.94956706536567,0.878716230392456
0--Parade/0_Parade_Parade_0_470.jpg,7,detected,532.0,182.0,598.0,275.0,6138.0,78.88318670576736,121.25232187906902,487.94956706536567,0.8737565279006958
0--Parade/0_Parade_Parade_0_470.jpg,4,detected,325.0,160.0,383.0,239.0,4582.0,91.35814054997817,121.25232187906902,487.94956706536567,0.8707720041275024
0--Parade/0_Parade_Parade_0_470.jpg,3,detected,223.0,171.0,284.0,258.0,5307.0,116.46843791219145,121.25232187906902,487.94956706536567,0.8579266667366028
0--Parade/0_Parade_Parade_0_470.jpg,21,detected,760.0,170.0,780.0,196.0,520.0,103.01153846153846,121.25232187906902,487.94956706536567,0.8093844652175903
0--Parade/0_Parade_Parade_0_470.jpg,0,detected,3.0,152.0,37.0,203.0,1734.0,49.28546712802768,121.25232187906902,487.94956706536567,0.7947808504104614
0--Parade/0_Parade_Parade_0_470.jpg,14,detected,260.0,173.0,301.0,225.0,2132.0,109.76829268292683,121.25232187906902,487.94956706536567,0.6082872748374939
0--Parade/0_Parade_Parade_0_470.jpg,22,undetected,993.0,192.0,1002.0,203.0,99.0,35.15151515151515,121.25232187906902,487.94956706536567,-1.0
0--Parade/0_Parade_Parade_0_470.jpg,23,undetected,1008.0,205.0,1011.0,211.0,18.0,76.72222222222223,121.25232187906902,487.94956706536567,-1.0
0--Parade/0_Parade_Parade_0_470.jpg,24,undetected,814.0,177.0,825.0,208.0,341.0,66.29032258064517,121.25232187906902,487.94956706536567,-1.0
0--Parade/0_Parade_Parade_0_470.jpg,22,false_positive,674.8651733398438,203.0331573486328,690.1648559570312,227.75901794433594,378.2978210449219,65.70052083333333,121.25232187906902,487.94956706536567,0.5440412163734436
0--Parade/0_Parade_marchingband_1_1045.jpg,1,detected,90.0,273.0,123.0,306.0,1089.0,139.42240587695133,141.35361627684048,256.57734974093836,0.855948805809021
0--Parade/0_Parade_marchingband_1_1045.jpg,19,detected,946.0,270.0,985.0,314.0,1716.0,145.22435897435898,141.35361627684048,256.57734974093836,0.8379557728767395
0--Parade/0_Parade_marchingband_1_1045.jpg,2,detected,180.0,314.0,200.0,341.0,540.0,131.07592592592593,141.35361627684048,256.57734974093836,0.8335199952125549
0--Parade/0_Parade_marchingband_1_1045.jpg,14,detected,662.0,272.0,689.0,309.0,999.0,139.23523523523522,141.35361627684048,256.57734974093836,0.8164621591567993
0--Parade/0_Parade_marchingband_1_1045.jpg,0,detected,1.0,314.0,13.0,338.0,288.0,151.71527777777777,141.35361627684048,256.57734974093836,0.8067836761474609
0--Parade/0_Parade_marchingband_1_1045.jpg,15,detected,694.0,256.0,715.0,289.0,693.0,147.14574314574315,141.35361627684048,256.57734974093836,0.7994892597198486
0--Parade/0_Parade_marchingband_1_1045.jpg,8,detected,357.0,296.0,378.0,321.0,525.0,149.35619047619048,141.35361627684048,256.57734974093836,0.7977884411811829
0--Parade/0_Parade_marchingband_1_1045.jpg,9,detected,384.0,299.0,399.0,319.0,300.0,159.53666666666666,141.35361627684048,256.57734974093836,0.7792140245437622
0--Parade/0_Parade_marchingband_1_1045.jpg,10,detected,440.0,307.0,455.0,326.0,285.0,140.2175438596491,141.35361627684048,256.57734974093836,0.7756441831588745
0--Parade/0_Parade_marchingband_1_1045.jpg,3,detected,151.0,317.0,163.0,335.0,216.0,124.43981481481481,141.35361627684048,256.57734974093836,0.7628235220909119
0--Parade/0_Parade_marchingband_1_1045.jpg,11,detected,507.0,308.0,521.0,329.0,294.0,147.64625850340136,141.35361627684048,256.57734974093836,0.7098384499549866
0--Parade/0_Parade_marchingband_1_1045.jpg,5,detected,204.0,320.0,215.0,341.0,231.0,157.03463203463204,141.35361627684048,256.57734974093836,0.7060924768447876
0--Parade/0_Parade_marchingband_1_1045.jpg,13,detected,590.0,257.0,615.0,298.0,1025.0,117.07609756097561,141.35361627684048,256.57734974093836,0.7017692923545837
0--Parade/0_Parade_marchingband_1_1045.jpg,6,detected,287.0,302.0,301.0,327.0,350.0,144.06571428571428,141.35361627684048,256.57734974093836,0.6868206858634949
0--Parade/0_Parade_marchingband_1_1045.jpg,4,detected,213.0,306.0,225.0,325.0,228.0,138.3859649122807,141.35361627684048,256.57734974093836,0.6741835474967957
0--Parade/0_Parade_marchingband_1_1045.jpg,17,detected,778.0,299.0,791.0,313.0,182.0,168.4065934065934,141.35361627684048,256.57734974093836,0.6356794834136963
0--Parade/0_Parade_marchingband_1_1045.jpg,16,detected,755.0,305.0,771.0,329.0,384.0,130.33072916666666,141.35361627684048,256.57734974093836,0.6108033061027527
0--Parade/0_Parade_marchingband_1_1045.jpg,20,detected,229.0,259.0,238.0,270.0,99.0,87.44444444444444,141.35361627684048,256.57734974093836,0.5758334398269653
0--Parade/0_Parade_marchingband_1_1045.jpg,18,detected,791.0,303.0,804.0,317.0,182.0,151.57692307692307,141.35361627684048,256.57734974093836,0.5690593719482422
0--Parade/0_Parade_marchingband_1_1045.jpg,7,undetected,305.0,305.0,318.0,321.0,208.0,126.41826923076923,141.35361627684048,256.57734974093836,-1.0
0--Parade/0_Parade_marchingband_1_1045.jpg,12,undetected,487.0,312.0,496.0,326.0,126.0,143.15079365079364,141.35361627684048,256.57734974093836,-1.0
0--Parade/0_Parade_marchingband_1_1045.jpg,19,false_positive,469.5097351074219,291.7062072753906,480.36572265625,305.7560729980469,152.52516174316406,120.5,141.35361627684048,256.57734974093836,0.5523050427436829
0--Parade/0_Parade_marchingband_1_1045.jpg,20,false_positive,418.76348876953125,309.40521240234375,428.7596130371094,322.685302734375,132.7494354248047,135.93846153846152,141.35361627684048,256.57734974093836,0.5347366333007812
0--Parade/0_Parade_marchingband_1_1045.jpg,21,false_positive,483.2424621582031,310.0591125488281,494.6531066894531,323.7994079589844,156.78562927246094,154.16083916083917,141.35361627684048,256.57734974093836,0.525877833366394
0--Parade/0_Parade_marchingband_1_1045.jpg,22,false_positive,463.51220703125,315.4871826171875,475.412353515625,330.37353515625,177.1497802734375,131.37222222222223,141.35361627684048,256.57734974093836,0.5052821040153503
0--Parade/0_Parade_marchingband_1_556.jpg,7,detected,565.0,298.0,605.0,358.0,2400.0,105.2125,88.32707408720718,179.19825975030605,0.8803339004516602
0--Parade/0_Parade_marchingband_1_556.jpg,9,detected,746.0,237.0,778.0,274.0,1184.0,112.16638513513513,88.32707408720718,179.19825975030605,0.8451894521713257
0--Parade/0_Parade_marchingband_1_556.jpg,10,detected,967.0,255.0,998.0,296.0,1271.0,105.45082612116444,88.32707408720718,179.19825975030605,0.8434481024742126
0--Parade/0_Parade_marchingband_1_556.jpg,5,detected,495.0,281.0,525.0,320.0,1170.0,100.42393162393162,88.32707408720718,179.19825975030605,0.8426145315170288
0--Parade/0_Parade_marchingband_1_556.jpg,3,detected,347.0,255.0,376.0,292.0,1073.0,89.8704566635601,88.32707408720718,179.19825975030605,0.8414574861526489
0--Parade/0_Parade_marchingband_1_556.jpg,6,detected,555.0,254.0,579.0,279.0,600.0,93.41833333333334,88.32707408720718,179.19825975030605,0.8391270041465759
0--Parade/0_Parade_marchingband_1_556.jpg,11,detected,639.0,254.0,668.0,294.0,1160.0,103.89827586206897,88.32707408720718,179.19825975030605,0.830227255821228
0--Parade/0_Parade_marchingband_1_556.jpg,4,detected,448.0,275.0,471.0,309.0,782.0,57.626598465473144,88.32707408720718,179.19825975030605,0.8215619325637817
0--Parade/0_Parade_marchingband_1_556.jpg,2,detected,280.0,265.0,301.0,292.0,567.0,72.01234567901234,88.32707408720718,179.19825975030605,0.8212919235229492
0--Parade/0_Parade_marchingband_1_556.jpg,1,detected,147.0,287.0,182.0,330.0,1505.0,105.49302325581395,88.32707408720718,179.19825975030605,0.8035682439804077
0--Parade/0_Parade_marchingband_1_556.jpg,0,detected,82.0,262.0,105.0,290.0,644.0,54.02639751552795,88.32707408720718,179.19825975030605,0.7879846692085266
0--Parade/0_Parade_marchingband_1_556.jpg,8,detected,719.0,236.0,742.0,263.0,621.0,63.27697262479871,88.32707408720718,179.19825975030605,0.7502949833869934
0--Parade/0_Parade_marchingband_1_556.jpg,12,undetected,573.0,419.0,625.0,454.0,1820.0,150.54175824175823,88.32707408720718,179.19825975030605,-1.0
0--Parade/0_Parade_Parade_0_829.jpg,0,detected,501.0,160.0,786.0,603.0,126255.0,158.20087917310207,112.09075449290293,148.65570758680715,0.8149621486663818
0--Parade/0_Parade_marchingband_1_593.jpg,19,detected,507.0,377.0,514.0,389.0,84.0,193.41666666666666,164.08206255008014,1991.0602724898356,0.830125093460083
0--Parade/0_Parade_marchingband_1_593.jpg,65,detected,909.0,348.0,918.0,361.0,117.0,130.28205128205127,164.08206255008014,1991.0602724898356,0.8159705400466919
0--Parade/0_Parade_marchingband_1_593.jpg,71,detected,154.0,336.0,163.0,347.0,99.0,190.74747474747474,164.08206255008014,1991.0602724898356,0.8108460903167725
0--Parade/0_Parade_marchingband_1_593.jpg,18,detected,469.0,380.0,477.0,392.0,96.0,190.13541666666666,164.08206255008014,1991.0602724898356,0.7925036549568176
0--Parade/0_Parade_marchingband_1_593.jpg,62,detected,760.0,344.0,769.0,358.0,126.0,143.38095238095238,164.08206255008014,1991.0602724898356,0.7920098304748535
0--Parade/0_Parade_marchingband_1_593.jpg,42,detected,623.0,378.0,632.0,389.0,99.0,193.59595959595958,164.08206255008014,1991.0602724898356,0.7864360809326172
0--Parade/0_Parade_marchingband_1_593.jpg,64,detected,862.0,335.0,872.0,348.0,130.0,188.2076923076923,164.08206255008014,1991.0602724898356,0.7864166498184204
0--Parade/0_Parade_marchingband_1_593.jpg,12,detected,436.0,290.0,445.0,298.0,72.0,198.75,164.08206255008014,1991.0602724898356,0.7805712819099426
0--Parade/0_Parade_marchingband_1_593.jpg,61,detected,799.0,340.0,808.0,352.0,108.0,181.53703703703704,164.08206255008014,1991.0602724898356,0.7800549268722534
0--Parade/0_Parade_marchingband_1_593.jpg,17,detected,476.0,344.0,484.0,352.0,64.0,199.703125,164.08206255008014,1991.0602724898356,0.7750629782676697
0--Parade/0_Parade_marchingband_1_593.jpg,47,detected,676.0,333.0,684.0,346.0,104.0,188.60576923076923,164.08206255008014,1991.0602724898356,0.7711890935897827
0--Parade/0_Parade_marchingband_1_593.jpg,70,detected,78.0,344.0,87.0,356.0,108.0,176.7962962962963,164.08206255008014,1991.0602724898356,0.7685165405273438
0--Parade/0_Parade_marchingband_1_593.jpg,41,detected,584.0,379.0,594.0,389.0,100.0,153.5,164.08206255008014,1991.0602724898356,0.7623382806777954
0--Parade/0_Parade_marchingband_1_593.jpg,20,detected,542.0,374.0,550.0,386.0,96.0,200.5,164.08206255008014,1991.0602724898356,0.7620270252227783
0--Parade/0_Parade_marchingband_1_593.jpg,52,detected,698.0,347.0,706.0,359.0,96.0,204.39583333333334,164.08206255008014,1991.0602724898356,0.7617690563201904
0--Parade/0_Parade_marchingband_1_593.jpg,27,detected,541.0,324.0,548.0,333.0,63.0,207.3968253968254,164.08206255008014,1991.0602724898356,0.7606759071350098
0--Parade/0_Parade_marchingband_1_593.jpg,53,detected,725.0,353.0,735.0,365.0,120.0,145.40833333333333,164.08206255008014,1991.0602724898356,0.7589948177337646
0--Parade/0_Parade_marchingband_1_593.jpg,6,detected,430.0,376.0,438.0,387.0,88.0,197.51136363636363,164.08206255008014,1991.0602724898356,0.7571729421615601
0--Parade/0_Parade_marchingband_1_593.jpg,57,detected,801.0,301.0,808.0,311.0,70.0,153.4,164.08206255008014,1991.0602724898356,0.7569721937179565
0--Parade/0_Parade_marchingband_1_593.jpg,59,detected,779.0,325.0,787.0,336.0,88.0,183.9090909090909,164.08206255008014,1991.0602724898356,0.7512431144714355
0--Parade/0_Parade_marchingband_1_593.jpg,54,detected,752.0,328.0,760.0,341.0,104.0,166.33653846153845,164.08206255008014,1991.0602724898356,0.7472562789916992
0--Parade/0_Parade_marchingband_1_593.jpg,48,detected,700.0,328.0,708.0,338.0,80.0,211.2625,164.08206255008014,1991.0602724898356,0.7394240498542786
0--Parade/0_Parade_marchingband_1_593.jpg,40,detected,599.0,348.0,608.0,357.0,81.0,175.33333333333334,164.08206255008014,1991.0602724898356,0.7331998944282532
0--Parade/0_Parade_marchingband_1_593.jpg,76,detected,211.0,333.0,218.0,344.0,77.0,209.71428571428572,164.08206255008014,1991.0602724898356,0.7322408556938171
0--Parade/0_Parade_marchingband_1_593.jpg,38,detected,624.0,342.0,632.0,351.0,72.0,212.72222222222223,164.08206255008014,1991.0602724898356,0.7291526198387146
0--Parade/0_Parade_marchingband_1_593.jpg,43,detected,659.0,378.0,667.0,387.0,72.0,161.19444444444446,164.08206255008014,1991.0602724898356,0.72910475730896
0--Parade/0_Parade_marchingband_1_593.jpg,8,detected,372.0,324.0,380.0,335.0,88.0,198.11363636363637,164.08206255008014,1991.0602724898356,0.7256290912628174
0--Parade/0_Parade_marchingband_1_593.jpg,4,detected,360.0,384.0,369.0,394.0,90.0,187.4,164.08206255008014,1991.0602724898356,0.7155705094337463
0--Parade/0_Parade_marchingband_1_593.jpg,24,detected,533.0,294.0,540.0,303.0,63.0,191.79365079365078,164.08206255008014,1991.0602724898356,0.7131214141845703
0--Parade/0_Parade_marchingband_1_593.jpg,5,detected,393.0,375.0,400.0,387.0,84.0,164.36904761904762,164.08206255008014,1991.0602724898356,0.7087740898132324
0--Parade/0_Parade_marchingband_1_593.jpg,58,detected,791.0,320.0,799.0,329.0,72.0,155.55555555555554,164.08206255008014,1991.0602724898356,0.6925973892211914
0--Parade/0_Parade_marchingband_1_593.jpg,46,detected,695.0,313.0,703.0,322.0,72.0,179.56944444444446,164.08206255008014,1991.0602724898356,0.6924288868904114
0--Parade/0_Parade_marchingband_1_593.jpg,56,detected,772.0,304.0,779.0,313.0,63.0,179.4920634920635,164.08206255008014,1991.0602724898356,0.6920983791351318
0--Parade/0_Parade_marchingband_1_593.jpg,36,detected,647.0,304.0,656.0,317.0,117.0,195.35042735042734,164.08206255008014,1991.0602724898356,0.6890907287597656
0--Parade/0_Parade_marchingband_1_593.jpg,81,detected,227.0,358.0,237.0,369.0,110.0,181.66363636363636,164.08206255008014,1991.0602724898356,0.6869741678237915
0--Parade/0_Parade_marchingband_1_593.jpg,73,detected,183.0,332.0,192.0,344.0,108.0,195.90740740740742,164.08206255008014,1991.0602724898356,0.6837085485458374
0--Parade/0_Parade_marchingband_1_593.jpg,80,detected,254.0,323.0,263.0,333.0,90.0,198.64444444444445,164.08206255008014,1991.0602724898356,0.6803418397903442
0--Parade/0_Parade_marchingband_1_593.jpg,51,detected,725.0,333.0,732.0,344.0,77.0,205.06493506493507,164.08206255008014,1991.0602724898356,0.6752887964248657
0--Parade/0_Parade_marchingband_1_593.jpg,49,detected,711.0,326.0,717.0,332.0,36.0,200.5,164.08206255008014,1991.0602724898356,0.6673601269721985
0--Parade/0_Parade_marchingband_1_593.jpg,37,detected,653.0,340.0,661.0,350.0,80.0,218.65,164.08206255008014,1991.0602724898356,0.6670700311660767
0--Parade/0_Parade_marchingband_1_593.jpg,66,detected,137.0,307.0,146.0,318.0,99.0,209.8181818181818,164.08206255008014,1991.0602724898356,0.6670653820037842
0--Parade/0_Parade_marchingband_1_593.jpg,84,detected,306.0,306.0,315.0,315.0,81.0,196.8395061728395,164.08206255008014,1991.0602724898356,0.6665007472038269
0--Parade/0_Parade_marchingband_1_593.jpg,60,detected,800.0,327.0,809.0,338.0,99.0,135.7070707070707,164.08206255008014,1991.0602724898356,0.6663264036178589
0--Parade/0_Parade_marchingband_1_593.jpg,15,detected,437.0,323.0,444.0,331.0,56.0,226.30357142857142,164.08206255008014,1991.0602724898356,0.6598920226097107
0--Parade/0_Parade_marchingband_1_593.jpg,28,detected,531.0,345.0,539.0,352.0,56.0,208.16071428571428,164.08206255008014,1991.0602724898356,0.6587623953819275
0--Parade/0_Parade_marchingband_1_593.jpg,74,detected,176.0,305.0,184.0,314.0,72.0,204.18055555555554,164.08206255008014,1991.0602724898356,0.6582486629486084
0--Parade/0_Parade_marchingband_1_593.jpg,23,detected,504.0,291.0,511.0,300.0,63.0,203.15873015873015,164.08206255008014,1991.0602724898356,0.6534309387207031
0--Parade/0_Parade_marchingband_1_593.jpg,72,detected,155.0,352.0,164.0,363.0,99.0,117.92929292929293,164.08206255008014,1991.0602724898356,0.6475421786308289
0--Parade/0_Parade_marchingband_1_593.jpg,3,detected,352.0,361.0,360.0,369.0,64.0,200.5,164.08206255008014,1991.0602724898356,0.6450766921043396
0--Parade/0_Parade_marchingband_1_593.jpg,85,detected,270.0,358.0,278.0,371.0,104.0,198.59615384615384,164.08206255008014,1991.0602724898356,0.6422088742256165
0--Parade/0_Parade_marchingband_1_593.jpg,25,detected,562.0,293.0,569.0,302.0,63.0,192.015873015873,164.08206255008014,1991.0602724898356,0.640815019607544
0--Parade/0_Parade_marchingband_1_593.jpg,55,detected,762.0,315.0,769.0,326.0,77.0,187.67532467532467,164.08206255008014,1991.0602724898356,0.6392158269882202
0--Parade/0_Parade_marchingband_1_593.jpg,50,detected,734.0,323.0,742.0,331.0,64.0,189.109375,164.08206255008014,1991.0602724898356,0.6373554468154907
0--Parade/0_Parade_marchingband_1_593.jpg,35,detected,630.0,312.0,637.0,322.0,70.0,217.7,164.08206255008014,1991.0602724898356,0.6369374990463257
0--Parade/0_Parade_marchingband_1_593.jpg,29,detected,565.0,345.0,573.0,355.0,80.0,131.0625,164.08206255008014,1991.0602724898356,0.6256124377250671
0--Parade/0_Parade_marchingband_1_593.jpg,79,detected,237.0,309.0,248.0,318.0,99.0,206.27272727272728,164.08206255008014,1991.0602724898356,0.6254196166992188
0--Parade/0_Parade_marchingband_1_593.jpg,69,detected,105.0,331.0,115.0,342.0,110.0,139.0818181818182,164.08206255008014,1991.0602724898356,0.6195979118347168
0--Parade/0_Parade_marchingband_1_593.jpg,2,detected,311.0,356.0,319.0,366.0,80.0,210.225,164.08206255008014,1991.0602724898356,0.6194167137145996
0--Parade/0_Parade_marchingband_1_593.jpg,22,detected,487.0,310.0,495.0,319.0,72.0,191.80555555555554,164.08206255008014,1991.0602724898356,0.6150916814804077
0--Parade/0_Parade_marchingband_1_593.jpg,75,detected,208.0,309.0,215.0,318.0,63.0,189.57142857142858,164.08206255008014,1991.0602724898356,0.6105801463127136
0--Parade/0_Parade_marchingband_1_593.jpg,34,detected,613.0,304.0,622.0,315.0,99.0,191.66666666666666,164.08206255008014,1991.0602724898356,0.6077393889427185
0--Parade/0_Parade_marchingband_1_593.jpg,21,detected,503.0,346.0,511.0,354.0,64.0,220.25,164.08206255008014,1991.0602724898356,0.6023634076118469
0--Parade/0_Parade_marchingband_1_593.jpg,31,detected,593.0,289.0,601.0,300.0,88.0,188.60227272727272,164.08206255008014,1991.0602724898356,0.6016963720321655
0--Parade/0_Parade_marchingband_1_593.jpg,16,detected,447.0,348.0,455.0,358.0,80.0,187.575,164.08206255008014,1991.0602724898356,0.585906445980072
0--Parade/0_Parade_marchingband_1_593.jpg,77,detected,225.0,324.0,231.0,333.0,54.0,182.4814814814815,164.08206255008014,1991.0602724898356,0.5827053785324097
0--Parade/0_Parade_marchingband_1_593.jpg,44,detected,722.0,294.0,728.0,303.0,54.0,207.2962962962963,164.08206255008014,1991.0602724898356,0.5799517035484314
0--Parade/0_Parade_marchingband_1_593.jpg,11,detected,403.0,323.0,411.0,331.0,64.0,220.6875,164.08206255008014,1991.0602724898356,0.5665065050125122
0--Parade/0_Parade_marchingband_1_593.jpg,14,detected,471.0,314.0,478.0,325.0,77.0,227.33766233766235,164.08206255008014,1991.0602724898356,0.562821090221405
0--Parade/0_Parade_marchingband_1_593.jpg,63,detected,692.0,398.0,701.0,407.0,81.0,194.06172839506172,164.08206255008014,1991.0602724898356,0.5481772422790527
0--Parade/0_Parade_marchingband_1_593.jpg,32,detected,580.0,307.0,588.0,317.0,80.0,174.4875,164.08206255008014,1991.0602724898356,0.5432462692260742
0--Parade/0_Parade_marchingband_1_593.jpg,39,detected,599.0,321.0,608.0,330.0,81.0,209.8641975308642,164.08206255008014,1991.0602724898356,0.5365403890609741
0--Parade/0_Parade_marchingband_1_593.jpg,9,detected,360.0,300.0,367.0,309.0,63.0,153.25396825396825,164.08206255008014,1991.0602724898356,0.5320455431938171
0--Parade/0_Parade_marchingband_1_593.jpg,83,detected,289.0,322.0,296.0,330.0,56.0,189.19642857142858,164.08206255008014,1991.0602724898356,0.5154374241828918
0--Parade/0_Parade_marchingband_1_593.jpg,82,detected,272.0,305.0,280.0,315.0,80.0,210.0,164.08206255008014,1991.0602724898356,0.5124563574790955
0--Parade/0_Parade_marchingband_1_593.jpg,0,undetected,318.0,324.0,325.0,332.0,56.0,198.19642857142858,164.08206255008014,1991.0602724898356,-1.0
0--Parade/0_Parade_marchingband_1_593.jpg,1,undetected,345.0,318.0,354.0,326.0,72.0,212.76388888888889,164.08206255008014,1991.0602724898356,-1.0
0--Parade/0_Parade_marchingband_1_593.jpg,7,undetected,360.0,346.0,367.0,353.0,49.0,134.46938775510205,164.08206255008014,1991.0602724898356,-1.0
0--Parade/0_Parade_marchingband_1_593.jpg,10,undetected,397.0,294.0,406.0,303.0,81.0,123.64197530864197,164.08206255008014,1991.0602724898356,-1.0
0--Parade/0_Parade_marchingband_1_593.jpg,13,undetected,456.0,306.0,462.0,314.0,48.0,217.14583333333334,164.08206255008014,1991.0602724898356,-1.0
0--Parade/0_Parade_marchingband_1_593.jpg,26,undetected,520.0,309.0,528.0,318.0,72.0,220.94444444444446,164.08206255008014,1991.0602724898356,-1.0
0--Parade/0_Parade_marchingband_1_593.jpg,30,undetected,501.0,321.0,509.0,329.0,64.0,217.21875,164.08206255008014,1991.0602724898356,-1.0
0--Parade/0_Parade_marchingband_1_593.jpg,33,undetected,570.0,327.0,576.0,334.0,42.0,221.6904761904762,164.08206255008014,1991.0602724898356,-1.0
0--Parade/0_Parade_marchingband_1_593.jpg,45,undetected,680.0,319.0,686.0,327.0,48.0,169.72916666666666,164.08206255008014,1991.0602724898356,-1.0
0--Parade/0_Parade_marchingband_1_593.jpg,67,undetected,108.0,309.0,118.0,319.0,100.0,102.01,164.08206255008014,1991.0602724898356,-1.0
0--Parade/0_Parade_marchingband_1_593.jpg,68,undetected,122.0,319.0,129.0,328.0,63.0,215.66666666666666,164.08206255008014,1991.0602724898356,-1.0
0--Parade/0_Parade_marchingband_1_593.jpg,78,undetected,188.0,355.0,194.0,366.0,66.0,108.03030303030303,164.08206255008014,1991.0602724898356,-1.0
0--Parade/0_Parade_marchingband_1_593.jpg,63,false_positive,127.77651977539062,329.6493225097656,135.53001403808594,340.2159729003906,81.928466796875,175.8409090909091,164.08206255008014,1991.0602724898356,0.600367546081543
0--Parade/0_Parade_marchingband_1_593.jpg,68,false_positive,319.6821594238281,322.2970275878906,327.47283935546875,331.4280090332031,71.13655090332031,195.625,164.08206255008014,1991.0602724898356,0.5648052096366882
0--Parade/0_Parade_marchingband_1_593.jpg,71,false_positive,571.2542114257812,325.83477783203125,578.9039916992188,334.886962890625,69.24722290039062,224.25396825396825,164.08206255008014,1991.0602724898356,0.5461918711662292
0--Parade/0_Parade_marchingband_1_593.jpg,74,false_positive,456.29034423828125,302.65240478515625,464.57720947265625,312.9665832519531,85.47220611572266,207.5625,164.08206255008014,1991.0602724898356,0.5333406329154968
0--Parade/0_Parade_marchingband_1_593.jpg,78,false_positive,791.57421875,317.6982421875,801.435791015625,329.96044921875,120.92464447021484,123.85833333333333,164.08206255008014,1991.0602724898356,0.30986902117729187
0--Parade/0_Parade_Parade_0_29.jpg,3,detected,239.0,232.0,262.0,264.0,736.0,133.4538043478261,115.39712070654154,686.9229880491429,0.904249906539917
0--Parade/0_Parade_Parade_0_29.jpg,1,detected,799.0,164.0,842.0,215.0,2193.0,122.94801641586868,115.39712070654154,686.9229880491429,0.8995957374572754
0--Parade/0_Parade_Parade_0_29.jpg,7,detected,315.0,231.0,349.0,270.0,1326.0,120.94645550527903,115.39712070654154,686.9229880491429,0.8958605527877808
0--Parade/0_Parade_Parade_0_29.jpg,0,detected,539.0,162.0,602.0,238.0,4788.0,139.7721386800334,115.39712070654154,686.9229880491429,0.8881480693817139
0--Parade/0_Parade_Parade_0_29.jpg,18,detected,704.0,245.0,721.0,266.0,357.0,122.12324929971989,115.39712070654154,686.9229880491429,0.8666691780090332
0--Parade/0_Parade_Parade_0_29.jpg,4,detected,193.0,238.0,214.0,263.0,525.0,127.06476190476191,115.39712070654154,686.9229880491429,0.8662017583847046
0--Parade/0_Parade_Parade_0_29.jpg,16,detected,976.0,184.0,1014.0,229.0,1710.0,112.84269005847953,115.39712070654154,686.9229880491429,0.8604929447174072
0--Parade/0_Parade_Parade_0_29.jpg,5,detected,162.0,246.0,177.0,269.0,345.0,120.62608695652175,115.39712070654154,686.9229880491429,0.8597869277000427
0--Parade/0_Parade_Parade_0_29.jpg,2,detected,486.0,232.0,503.0,254.0,374.0,127.90374331550802,115.39712070654154,686.9229880491429,0.8383582830429077
0--Parade/0_Parade_Parade_0_29.jpg,8,detected,421.0,247.0,442.0,270.0,483.0,124.38095238095238,115.39712070654154,686.9229880491429,0.8334661722183228
0--Parade/0_Parade_Parade_0_29.jpg,6,detected,139.0,248.0,153.0,264.0,224.0,124.58928571428571,115.39712070654154,686.9229880491429,0.8226761817932129
0--Parade/0_Parade_Parade_0_29.jpg,23,detected,584.0,239.0,611.0,269.0,810.0,113.09753086419754,115.39712070654154,686.9229880491429,0.8135964870452881
0--Parade/0_Parade_Parade_0_29.jpg,25,detected,510.0,244.0,524.0,260.0,224.0,123.49553571428571,115.39712070654154,686.9229880491429,0.8073781728744507
0--Parade/0_Parade_Parade_0_29.jpg,17,detected,744.0,238.0,768.0,268.0,720.0,128.0625,115.39712070654154,686.9229880491429,0.7914350628852844
0--Parade/0_Parade_Parade_0_29.jpg,9,detected,294.0,242.0,308.0,258.0,224.0,123.85267857142857,115.39712070654154,686.9229880491429,0.7891279458999634
0--Parade/0_Parade_Parade_0_29.jpg,15,detected,860.0,233.0,879.0,257.0,456.0,121.10745614035088,115.39712070654154,686.9229880491429,0.7786471247673035
0--Parade/0_Parade_Parade_0_29.jpg,10,detected,119.0,244.0,131.0,258.0,168.0,133.03571428571428,115.39712070654154,686.9229880491429,0.75453782081604
0--Parade/0_Parade_Parade_0_29.jpg,19,detected,692.0,246.0,706.0,263.0,238.0,112.85714285714286,115.39712070654154,686.9229880491429,0.7431507706642151
0--Parade/0_Parade_Parade_0_29.jpg,12,detected,219.0,250.0,229.0,264.0,140.0,131.15714285714284,115.39712070654154,686.9229880491429,0.7026206254959106
0--Parade/0_Parade_Parade_0_29.jpg,20,detected,669.0,241.0,676.0,250.0,63.0,115.9047619047619,115.39712070654154,686.9229880491429,0.7009059190750122
0--Parade/0_Parade_Parade_0_29.jpg,14,detected,409.0,240.0,422.0,256.0,208.0,133.65865384615384,115.39712070654154,686.9229880491429,0.6988142728805542
0--Parade/0_Parade_Parade_0_29.jpg,22,detected,648.0,241.0,655.0,251.0,70.0,97.21428571428571,115.39712070654154,686.9229880491429,0.6280173659324646
0--Parade/0_Parade_Parade_0_29.jpg,24,detected,618.0,253.0,629.0,265.0,132.0,111.01515151515152,115.39712070654154,686.9229880491429,0.5951604843139648
0--Parade/0_Parade_Parade_0_29.jpg,26,detected,459.0,249.0,467.0,257.0,64.0,114.328125,115.39712070654154,686.9229880491429,0.5261034965515137
0--Parade/0_Parade_Parade_0_29.jpg,13,detected,356.0,238.0,371.0,259.0,315.0,96.35873015873015,115.39712070654154,686.9229880491429,0.5154998898506165
0--Parade/0_Parade_Parade_0_29.jpg,11,undetected,101.0,252.0,109.0,262.0,80.0,155.4,115.39712070654154,686.9229880491429,-1.0
0--Parade/0_Parade_Parade_0_29.jpg,21,undetected,679.0,240.0,687.0,250.0,80.0,88.65,115.39712070654154,686.9229880491429,-1.0
0--Parade/0_Parade_Parade_0_29.jpg,27,undetected,477.0,251.0,482.0,257.0,30.0,104.8,115.39712070654154,686.9229880491429,-1.0
0--Parade/0_Parade_Parade_0_29.jpg,28,undetected,391.0,256.0,396.0,261.0,25.0,67.36,115.39712070654154,686.9229880491429,-1.0
0--Parade/0_Parade_Parade_0_72.jpg,8,detected,454.0,381.0,482.0,414.0,924.0,62.09632034632035,126.052183787028,1579.321904938511,0.8195205926895142
0--Parade/0_Parade_Parade_0_72.jpg,15,detected,662.0,343.0,692.0,387.0,1320.0,83.37878787878788,126.052183787028,1579.321904938511,0.8077263832092285
0--Parade/0_Parade_Parade_0_72.jpg,0,detected,135.0,334.0,165.0,374.0,1200.0,72.43916666666667,126.052183787028,1579.321904938511,0.8039329648017883
0--Parade/0_Parade_Parade_0_72.jpg,4,detected,256.0,384.0,271.0,399.0,225.0,107.04888888888888,126.052183787028,1579.321904938511,0.8007782697677612
0--Parade/0_Parade_Parade_0_72.jpg,7,detected,411.0,379.0,426.0,400.0,315.0,82.04444444444445,126.052183787028,1579.321904938511,0.7718691825866699
0--Parade/0_Parade_Parade_0_72.jpg,17,detected,775.0,343.0,789.0,361.0,252.0,75.10317460317461,126.052183787028,1579.321904938511,0.7597540616989136
0--Parade/0_Parade_Parade_0_72.jpg,14,detected,628.0,363.0,646.0,387.0,432.0,60.56018518518518,126.052183787028,1579.321904938511,0.7055740356445312
0--Parade/0_Parade_Parade_0_72.jpg,16,detected,739.0,365.0,757.0,387.0,396.0,94.61868686868686,126.052183787028,1579.321904938511,0.6924163699150085
0--Parade/0_Parade_Parade_0_72.jpg,3,detected,206.0,363.0,229.0,394.0,713.0,63.918653576437585,126.052183787028,1579.321904938511,0.6913760900497437
0--Parade/0_Parade_Parade_0_72.jpg,13,detected,625.0,343.0,645.0,364.0,420.0,84.29285714285714,126.052183787028,1579.321904938511,0.679833173751831
0--Parade/0_Parade_Parade_0_72.jpg,5,detected,348.0,464.0,370.0,496.0,704.0,95.69602272727273,126.052183787028,1579.321904938511,0.6773447394371033
0--Parade/0_Parade_Parade_0_72.jpg,10,detected,546.0,376.0,562.0,397.0,336.0,95.49107142857143,126.052183787028,1579.321904938511,0.6530308723449707
0--Parade/0_Parade_Parade_0_72.jpg,9,detected,496.0,335.0,514.0,360.0,450.0,114.91777777777777,126.052183787028,1579.321904938511,0.6365237832069397
0--Parade/0_Parade_Parade_0_72.jpg,11,detected,414.0,450.0,429.0,471.0,315.0,89.28571428571429,126.052183787028,1579.321904938511,0.618382453918457
0--Parade/0_Parade_Parade_0_72.jpg,1,undetected,10.0,474.0,21.0,496.0,242.0,79.22314049586777,126.052183787028,1579.321904938511,-1.0
0--Parade/0_Parade_Parade_0_72.jpg,2,undetected,66.0,556.0,90.0,579.0,552.0,83.4945652173913,126.052183787028,1579.321904938511,-1.0
0--Parade/0_Parade_Parade_0_72.jpg,6,undetected,352.0,371.0,367.0,390.0,285.0,73.23157894736842,126.052183787028,1579.321904938511,-1.0
0--Parade/0_Parade_Parade_0_72.jpg,12,undetected,549.0,351.0,556.0,360.0,63.0,91.76190476190476,126.052183787028,1579.321904938511,-1.0
0--Parade/0_Parade_Parade_0_72.jpg,4,false_positive,789.0504760742188,269.34210205078125,809.1480102539062,292.46429443359375,464.6990661621094,76.40652173913044,126.052183787028,1579.321904938511,0.7834492921829224
0--Parade/0_Parade_Parade_0_72.jpg,11,false_positive,569.5848388671875,588.5693969726562,609.4574584960938,630.2948608398438,1663.7034912109375,48.61369047619048,126.052183787028,1579.321904938511,0.6786785125732422
0--Parade/0_Parade_Parade_0_72.jpg,16,false_positive,2.516033172607422,477.1342468261719,17.374290466308594,494.6999206542969,260.99530029296875,87.6078431372549,126.052183787028,1579.321904938511,0.5273886322975159
0--Parade/0_Parade_Parade_0_72.jpg,17,false_positive,347.2834167480469,378.3135986328125,363.5758361816406,398.6557922363281,331.4235534667969,94.0125,126.052183787028,1579.321904938511,0.5014925003051758
0--Parade/0_Parade_Parade_0_205.jpg,0,detected,260.0,303.0,338.0,399.0,7488.0,142.57198183760684,134.6298917134603,632.7096748616685,0.8151606321334839
0--Parade/0_Parade_Parade_0_205.jpg,1,detected,666.0,325.0,706.0,377.0,2080.0,100.14182692307692,134.6298917134603,632.7096748616685,0.8025655746459961
0--Parade/0_Parade_Parade_0_205.jpg,2,detected,810.0,308.0,841.0,347.0,1209.0,99.63358147229116,134.6298917134603,632.7096748616685,0.7819513082504272
0--Parade/0_Parade_Parade_0_205.jpg,3,detected,588.0,329.0,616.0,362.0,924.0,108.52272727272727,134.6298917134603,632.7096748616685,0.7278531789779663
0--Parade/0_Parade_Parade_0_205.jpg,5,detected,683.0,3.0,696.0,26.0,299.0,142.51505016722408,134.6298917134603,632.7096748616685,0.6073700189590454
0--Parade/0_Parade_Parade_0_205.jpg,4,undetected,712.0,336.0,744.0,380.0,1408.0,94.72017045454545,134.6298917134603,632.7096748616685,-1.0
0--Parade/0_Parade_Parade_0_205.jpg,4,false_positive,726.5072631835938,354.0064697265625,743.504150390625,378.87652587890625,422.7135314941406,96.03921568627452,134.6298917134603,632.7096748616685,0.6233747005462646
0--Parade/0_Parade_marchingband_1_881.jpg,1,detected,98.0,241.0,106.0,254.0,104.0,72.74038461538461,117.37047958374023,1076.8861818057421,0.7496232986450195
0--Parade/0_Parade_marchingband_1_881.jpg,15,detected,52.0,234.0,62.0,248.0,140.0,66.07857142857142,117.37047958374023,1076.8861818057421,0.6936516761779785
0--Parade/0_Parade_marchingband_1_881.jpg,9,detected,540.0,287.0,548.0,297.0,80.0,84.825,117.37047958374023,1076.8861818057421,0.6748684048652649
0--Parade/0_Parade_marchingband_1_881.jpg,2,detected,143.0,259.0,154.0,271.0,132.0,54.234848484848484,117.37047958374023,1076.8861818057421,0.6696476936340332
0--Parade/0_Parade_marchingband_1_881.jpg,18,detected,201.0,299.0,208.0,309.0,70.0,79.67142857142858,117.37047958374023,1076.8861818057421,0.6545403003692627
0--Parade/0_Parade_marchingband_1_881.jpg,19,detected,643.0,158.0,657.0,193.0,490.0,68.54489795918367,117.37047958374023,1076.8861818057421,0.6424863338470459
0--Parade/0_Parade_marchingband_1_881.jpg,8,detected,343.0,160.0,356.0,192.0,416.0,98.6875,117.37047958374023,1076.8861818057421,0.5839905738830566
0--Parade/0_Parade_marchingband_1_881.jpg,13,detected,7.0,217.0,16.0,232.0,135.0,49.58518518518518,117.37047958374023,1076.8861818057421,0.5466328859329224
0--Parade/0_Parade_marchingband_1_881.jpg,5,detected,242.0,264.0,250.0,275.0,88.0,73.52272727272727,117.37047958374023,1076.8861818057421,0.537795901298523
0--Parade/0_Parade_marchingband_1_881.jpg,3,detected,188.0,216.0,196.0,225.0,72.0,60.041666666666664,117.37047958374023,1076.8861818057421,0.5276637673377991
0--Parade/0_Parade_marchingband_1_881.jpg,0,undetected,79.0,217.0,88.0,227.0,90.0,45.77777777777778,117.37047958374023,1076.8861818057421,-1.0
0--Parade/0_Parade_marchingband_1_881.jpg,4,undetected,228.0,304.0,234.0,312.0,48.0,93.66666666666667,117.37047958374023,1076.8861818057421,-1.0
0--Parade/0_Parade_marchingband_1_881.jpg,6,undetected,226.0,219.0,235.0,227.0,72.0,59.638888888888886,117.37047958374023,1076.8861818057421,-1.0
0--Parade/0_Parade_marchingband_1_881.jpg,7,undetected,281.0,209.0,288.0,221.0,84.0,72.61904761904762,117.37047958374023,1076.8861818057421,-1.0
0--Parade/0_Parade_marchingband_1_881.jpg,10,undetected,570.0,208.0,576.0,218.0,60.0,56.8,117.37047958374023,1076.8861818057421,-1.0
0--Parade/0_Parade_marchingband_1_881.jpg,11,undetected,729.0,181.0,738.0,214.0,297.0,83.73400673400674,117.37047958374023,1076.8861818057421,-1.0
0--Parade/0_Parade_marchingband_1_881.jpg,12,undetected,1001.0,262.0,1008.0,272.0,70.0,65.07142857142857,117.37047958374023,1076.8861818057421,-1.0
0--Parade/0_Parade_marchingband_1_881.jpg,14,undetected,24.0,220.0,31.0,226.0,42.0,59.26190476190476,117.37047958374023,1076.8861818057421,-1.0
0--Parade/0_Parade_marchingband_1_881.jpg,16,undetected,799.0,218.0,805.0,228.0,60.0,60.18333333333333,117.37047958374023,1076.8861818057421,-1.0
0--Parade/0_Parade_marchingband_1_881.jpg,17,undetected,966.0,264.0,973.0,271.0,49.0,68.61224489795919,117.37047958374023,1076.8861818057421,-1.0
0--Parade/0_Parade_marchingband_1_881.jpg,3,false_positive,721.656982421875,180.31358337402344,739.7970581054688,214.01707458496094,611.3839111328125,80.51143790849673,117.37047958374023,1076.8861818057421,0.6697624921798706
0--Parade/0_Parade_marchingband_1_881.jpg,7,false_positive,227.96202087402344,215.0016632080078,237.38156127929688,226.07083129882812,104.2664794921875,58.32727272727273,117.37047958374023,1076.8861818057421,0.6211578845977783
0--Parade/0_Parade_marchingband_1_881.jpg,8,false_positive,25.96153450012207,228.6443634033203,36.73042678833008,239.7677001953125,119.78601837158203,107.29752066115702,117.37047958374023,1076.8861818057421,0.5892627835273743
0--Parade/0_Parade_marchingband_1_881.jpg,10,false_positive,226.4314422607422,301.2338562011719,235.6175537109375,313.5475158691406,113.1146469116211,88.70370370370371,117.37047958374023,1076.8861818057421,0.5762518048286438
0--Parade/0_Parade_marchingband_1_881.jpg,11,false_positive,896.4214477539062,195.26190185546875,910.6095581054688,220.11073303222656,352.5579528808594,70.49428571428571,117.37047958374023,1076.8861818057421,0.571133553981781
0--Parade/0_Parade_marchingband_1_490.jpg,2,detected,878.0,389.0,892.0,408.0,266.0,186.3233082706767,136.92509170160062,1293.3959980083093,0.9019405841827393
0--Parade/0_Parade_marchingband_1_490.jpg,91,detected,505.0,388.0,517.0,407.0,228.0,217.1359649122807,136.92509170160062,1293.3959980083093,0.8909986019134521
0--Parade/0_Parade_marchingband_1_490.jpg,10,detected,670.0,454.0,686.0,474.0,320.0,218.2625,136.92509170160062,1293.3959980083093,0.8907089233398438
0--Parade/0_Parade_marchingband_1_490.jpg,1,detected,838.0,390.0,851.0,409.0,247.0,209.14574898785426,136.92509170160062,1293.3959980083093,0.8881775140762329
0--Parade/0_Parade_marchingband_1_490.jpg,218,detected,538.0,437.0,552.0,459.0,308.0,228.46753246753246,136.92509170160062,1293.3959980083093,0.8881343603134155
0--Parade/0_Parade_marchingband_1_490.jpg,176,detected,32.0,392.0,46.0,409.0,238.0,186.73529411764707,136.92509170160062,1293.3959980083093,0.8880763053894043
0--Parade/0_Parade_marchingband_1_490.jpg,0,detected,787.0,392.0,802.0,411.0,285.0,169.28070175438597,136.92509170160062,1293.3959980083093,0.8838552236557007
0--Parade/0_Parade_marchingband_1_490.jpg,220,detected,292.0,455.0,306.0,473.0,252.0,232.29761904761904,136.92509170160062,1293.3959980083093,0.8711932897567749
0--Parade/0_Parade_marchingband_1_490.jpg,104,detected,407.0,387.0,420.0,404.0,221.0,226.46153846153845,136.92509170160062,1293.3959980083093,0.8706988096237183
0--Parade/0_Parade_marchingband_1_490.jpg,3,detected,930.0,388.0,945.0,407.0,285.0,194.91228070175438,136.92509170160062,1293.3959980083093,0.8695669174194336
0--Parade/0_Parade_marchingband_1_490.jpg,7,detected,698.0,392.0,711.0,409.0,221.0,215.13122171945702,136.92509170160062,1293.3959980083093,0.861858606338501
0--Parade/0_Parade_marchingband_1_490.jpg,197,detected,167.0,286.0,178.0,300.0,154.0,177.3116883116883,136.92509170160062,1293.3959980083093,0.8614128828048706
0--Parade/0_Parade_marchingband_1_490.jpg,191,detected,244.0,326.0,257.0,341.0,195.0,191.17435897435897,136.92509170160062,1293.3959980083093,0.859815239906311
0--Parade/0_Parade_marchingband_1_490.jpg,105,detected,356.0,391.0,372.0,410.0,304.0,202.74671052631578,136.92509170160062,1293.3959980083093,0.8597294688224792
0--Parade/0_Parade_marchingband_1_490.jpg,186,detected,79.0,361.0,93.0,377.0,224.0,204.66517857142858,136.92509170160062,1293.3959980083093,0.8589168787002563
0--Parade/0_Parade_marchingband_1_490.jpg,15,detected,752.0,359.0,768.0,376.0,272.0,135.30882352941177,136.92509170160062,1293.3959980083093,0.8585203886032104
0--Parade/0_Parade_marchingband_1_490.jpg,17,detected,835.0,358.0,849.0,377.0,266.0,188.7669172932331,136.92509170160062,1293.3959980083093,0.857733964920044
0--Parade/0_Parade_marchingband_1_490.jpg,13,detected,663.0,359.0,676.0,377.0,234.0,193.21794871794873,136.92509170160062,1293.3959980083093,0.8569900989532471
0--Parade/0_Parade_marchingband_1_490.jpg,180,detected,217.0,396.0,232.0,413.0,255.0,206.34509803921569,136.92509170160062,1293.3959980083093,0.8560305833816528
0--Parade/0_Parade_marchingband_1_490.jpg,21,detected,839.0,330.0,852.0,346.0,208.0,183.77884615384616,136.92509170160062,1293.3959980083093,0.8545944690704346
0--Parade/0_Parade_marchingband_1_490.jpg,109,detected,412.0,331.0,426.0,350.0,266.0,154.3609022556391,136.92509170160062,1293.3959980083093,0.8536008596420288
0--Parade/0_Parade_marchingband_1_490.jpg,94,detected,484.0,357.0,496.0,374.0,204.0,214.11274509803923,136.92509170160062,1293.3959980083093,0.8528240919113159
0--Parade/0_Parade_marchingband_1_490.jpg,4,detected,974.0,397.0,987.0,413.0,208.0,192.5528846153846,136.92509170160062,1293.3959980083093,0.8526153564453125
0--Parade/0_Parade_marchingband_1_490.jpg,219,detected,410.0,452.0,425.0,471.0,285.0,225.00701754385966,136.92509170160062,1293.3959980083093,0.8517312407493591
0--Parade/0_Parade_marchingband_1_490.jpg,8,detected,652.0,389.0,667.0,408.0,285.0,196.8842105263158,136.92509170160062,1293.3959980083093,0.8506520986557007
0--Parade/0_Parade_marchingband_1_490.jpg,182,detected,260.0,354.0,273.0,371.0,221.0,179.1945701357466,136.92509170160062,1293.3959980083093,0.8491116762161255
0--Parade/0_Parade_marchingband_1_490.jpg,181,detected,262.0,392.0,276.0,410.0,252.0,188.03968253968253,136.92509170160062,1293.3959980083093,0.8474943041801453
0--Parade/0_Parade_marchingband_1_490.jpg,90,detected,455.0,392.0,470.0,408.0,240.0,202.22916666666666,136.92509170160062,1293.3959980083093,0.8461865186691284
0--Parade/0_Parade_marchingband_1_490.jpg,19,detected,923.0,338.0,935.0,356.0,216.0,175.28240740740742,136.92509170160062,1293.3959980083093,0.8450747132301331
0--Parade/0_Parade_marchingband_1_490.jpg,103,detected,389.0,359.0,404.0,377.0,270.0,198.3074074074074,136.92509170160062,1293.3959980083093,0.8431313037872314
0--Parade/0_Parade_marchingband_1_490.jpg,183,detected,218.0,360.0,231.0,377.0,221.0,191.58823529411765,136.92509170160062,1293.3959980083093,0.8422379493713379
0--Parade/0_Parade_marchingband_1_490.jpg,22,detected,793.0,331.0,805.0,346.0,180.0,179.0222222222222,136.92509170160062,1293.3959980083093,0.84125816822052
0--Parade/0_Parade_marchingband_1_490.jpg,20,detected,881.0,333.0,894.0,348.0,195.0,149.44615384615383,136.92509170160062,1293.3959980083093,0.8408521413803101
0--Parade/0_Parade_marchingband_1_490.jpg,177,detected,80.0,400.0,93.0,414.0,182.0,198.27472527472528,136.92509170160062,1293.3959980083093,0.8400602340698242
0--Parade/0_Parade_marchingband_1_490.jpg,92,detected,552.0,391.0,566.0,408.0,238.0,213.74789915966386,136.92509170160062,1293.3959980083093,0.8396131992340088
0--Parade/0_Parade_marchingband_1_490.jpg,16,detected,794.0,360.0,807.0,376.0,208.0,177.20192307692307,136.92509170160062,1293.3959980083093,0.8394711017608643
0--Parade/0_Parade_marchingband_1_490.jpg,184,detected,169.0,356.0,185.0,372.0,256.0,120.3046875,136.92509170160062,1293.3959980083093,0.8382136821746826
0--Parade/0_Parade_marchingband_1_490.jpg,93,detected,527.0,357.0,540.0,375.0,234.0,200.31623931623932,136.92509170160062,1293.3959980083093,0.8369153738021851
0--Parade/0_Parade_marchingband_1_490.jpg,107,detected,302.0,357.0,315.0,374.0,221.0,204.7737556561086,136.92509170160062,1293.3959980083093,0.8365757465362549
0--Parade/0_Parade_marchingband_1_490.jpg,6,detected,745.0,391.0,759.0,407.0,224.0,213.89732142857142,136.92509170160062,1293.3959980083093,0.8317864537239075
0--Parade/0_Parade_marchingband_1_490.jpg,120,detected,283.0,305.0,296.0,320.0,195.0,160.73333333333332,136.92509170160062,1293.3959980083093,0.8316040635108948
0--Parade/0_Parade_marchingband_1_490.jpg,29,detected,640.0,308.0,653.0,323.0,195.0,166.56923076923076,136.92509170160062,1293.3959980083093,0.8302024602890015
0--Parade/0_Parade_marchingband_1_490.jpg,11,detected,574.0,360.0,587.0,377.0,221.0,188.33031674208144,136.92509170160062,1293.3959980083093,0.8300265669822693
0--Parade/0_Parade_marchingband_1_490.jpg,106,detected,309.0,391.0,321.0,405.0,168.0,219.23809523809524,136.92509170160062,1293.3959980083093,0.8282795548439026
0--Parade/0_Parade_marchingband_1_490.jpg,125,detected,406.0,264.0,418.0,279.0,180.0,166.98888888888888,136.92509170160062,1293.3959980083093,0.8275479078292847
0--Parade/0_Parade_marchingband_1_490.jpg,111,detected,369.0,332.0,381.0,347.0,180.0,193.7722222222222,136.92509170160062,1293.3959980083093,0.8270072937011719
0--Parade/0_Parade_marchingband_1_490.jpg,96,detected,500.0,330.0,512.0,344.0,168.0,195.1547619047619,136.92509170160062,1293.3959980083093,0.8265392780303955
0--Parade/0_Parade_marchingband_1_490.jpg,63,detected,718.0,238.0,728.0,251.0,130.0,140.30769230769232,136.92509170160062,1293.3959980083093,0.826002836227417
0--Parade/0_Parade_marchingband_1_490.jpg,89,detected,437.0,359.0,453.0,378.0,304.0,176.6546052631579,136.92509170160062,1293.3959980083093,0.8257416486740112
0--Parade/0_Parade_marchingband_1_490.jpg,42,detected,798.0,285.0,811.0,301.0,208.0,151.3653846153846,136.92509170160062,1293.3959980083093,0.8255699872970581
0--Parade/0_Parade_marchingband_1_490.jpg,198,detected,195.0,265.0,206.0,279.0,154.0,183.57142857142858,136.92509170160062,1293.3959980083093,0.8239685297012329
0--Parade/0_Parade_marchingband_1_490.jpg,193,detected,207.0,306.0,219.0,322.0,192.0,175.71354166666666,136.92509170160062,1293.3959980083093,0.822856068611145
0--Parade/0_Parade_marchingband_1_490.jpg,190,detected,206.0,326.0,218.0,341.0,180.0,200.45,136.92509170160062,1293.3959980083093,0.821851909160614
0--Parade/0_Parade_marchingband_1_490.jpg,9,detected,602.0,389.0,615.0,406.0,221.0,221.79638009049773,136.92509170160062,1293.3959980083093,0.8206331729888916
0--Parade/0_Parade_marchingband_1_490.jpg,23,detected,751.0,335.0,763.0,350.0,180.0,183.45555555555555,136.92509170160062,1293.3959980083093,0.8202641010284424
0--Parade/0_Parade_marchingband_1_490.jpg,62,detected,687.0,235.0,696.0,248.0,117.0,163.82905982905982,136.92509170160062,1293.3959980083093,0.8198734521865845
0--Parade/0_Parade_marchingband_1_490.jpg,185,detected,123.0,353.0,138.0,369.0,240.0,178.22083333333333,136.92509170160062,1293.3959980083093,0.8197119832038879
0--Parade/0_Parade_marchingband_1_490.jpg,140,detected,347.0,230.0,358.0,245.0,165.0,147.6969696969697,136.92509170160062,1293.3959980083093,0.8192927837371826
0--Parade/0_Parade_marchingband_1_490.jpg,118,detected,361.0,305.0,372.0,321.0,176.0,203.5681818181818,136.92509170160062,1293.3959980083093,0.8168624639511108
0--Parade/0_Parade_marchingband_1_490.jpg,178,detected,124.0,401.0,136.0,418.0,204.0,208.36274509803923,136.92509170160062,1293.3959980083093,0.8162239193916321
0--Parade/0_Parade_marchingband_1_490.jpg,110,detected,288.0,329.0,300.0,345.0,192.0,201.10416666666666,136.92509170160062,1293.3959980083093,0.8148285746574402
0--Parade/0_Parade_marchingband_1_490.jpg,18,detected,883.0,360.0,896.0,377.0,221.0,170.52036199095022,136.92509170160062,1293.3959980083093,0.8144959807395935
0--Parade/0_Parade_marchingband_1_490.jpg,179,detected,168.0,398.0,182.0,414.0,224.0,194.80803571428572,136.92509170160062,1293.3959980083093,0.8142954111099243
0--Parade/0_Parade_marchingband_1_490.jpg,211,detected,233.0,197.0,243.0,207.0,100.0,156.27,136.92509170160062,1293.3959980083093,0.8140718340873718
0--Parade/0_Parade_marchingband_1_490.jpg,214,detected,201.0,283.0,211.0,296.0,130.0,157.0,136.92509170160062,1293.3959980083093,0.8140716552734375
0--Parade/0_Parade_marchingband_1_490.jpg,199,detected,231.0,264.0,243.0,279.0,180.0,180.4,136.92509170160062,1293.3959980083093,0.8139691948890686
0--Parade/0_Parade_marchingband_1_490.jpg,217,detected,346.0,360.0,358.0,375.0,180.0,198.86666666666667,136.92509170160062,1293.3959980083093,0.8123119473457336
0--Parade/0_Parade_marchingband_1_490.jpg,187,detected,88.0,334.0,99.0,349.0,165.0,191.0121212121212,136.92509170160062,1293.3959980083093,0.8115919828414917
0--Parade/0_Parade_marchingband_1_490.jpg,206,detected,219.0,225.0,229.0,238.0,130.0,163.14615384615385,136.92509170160062,1293.3959980083093,0.810976505279541
0--Parade/0_Parade_marchingband_1_490.jpg,124,detected,350.0,284.0,361.0,299.0,165.0,167.73939393939395,136.92509170160062,1293.3959980083093,0.8100247383117676
0--Parade/0_Parade_marchingband_1_490.jpg,149,detected,334.0,215.0,344.0,228.0,130.0,187.1153846153846,136.92509170160062,1293.3959980083093,0.8091297149658203
0--Parade/0_Parade_marchingband_1_490.jpg,112,detected,442.0,302.0,453.0,317.0,165.0,207.05454545454546,136.92509170160062,1293.3959980083093,0.8081530928611755
0--Parade/0_Parade_marchingband_1_490.jpg,121,detected,276.0,286.0,287.0,301.0,165.0,186.77575757575758,136.92509170160062,1293.3959980083093,0.8079930543899536
0--Parade/0_Parade_marchingband_1_490.jpg,30,detected,680.0,307.0,692.0,323.0,192.0,189.9375,136.92509170160062,1293.3959980083093,0.8067551851272583
0--Parade/0_Parade_marchingband_1_490.jpg,43,detected,838.0,286.0,851.0,302.0,208.0,164.97596153846155,136.92509170160062,1293.3959980083093,0.8064122200012207
0--Parade/0_Parade_marchingband_1_490.jpg,172,detected,555.0,266.0,567.0,281.0,180.0,170.61111111111111,136.92509170160062,1293.3959980083093,0.8049997091293335
0--Parade/0_Parade_marchingband_1_490.jpg,136,detected,372.0,265.0,383.0,281.0,176.0,169.78977272727272,136.92509170160062,1293.3959980083093,0.8047553300857544
0--Parade/0_Parade_marchingband_1_490.jpg,57,detected,808.0,249.0,818.0,262.0,130.0,158.36153846153846,136.92509170160062,1293.3959980083093,0.804642379283905
0--Parade/0_Parade_marchingband_1_490.jpg,25,detected,675.0,333.0,687.0,348.0,180.0,203.5222222222222,136.92509170160062,1293.3959980083093,0.8030768632888794
0--Parade/0_Parade_marchingband_1_490.jpg,99,detected,483.0,306.0,494.0,320.0,154.0,195.47402597402598,136.92509170160062,1293.3959980083093,0.802818775177002
0--Parade/0_Parade_marchingband_1_490.jpg,24,detected,715.0,330.0,728.0,346.0,208.0,188.58653846153845,136.92509170160062,1293.3959980083093,0.8027745485305786
0--Parade/0_Parade_marchingband_1_490.jpg,80,detected,746.0,229.0,755.0,245.0,144.0,173.0,136.92509170160062,1293.3959980083093,0.8014845848083496
0--Parade/0_Parade_marchingband_1_490.jpg,14,detected,706.0,358.0,720.0,374.0,224.0,183.35714285714286,136.92509170160062,1293.3959980083093,0.80103600025177
0--Parade/0_Parade_marchingband_1_490.jpg,31,detected,718.0,308.0,731.0,324.0,208.0,149.09615384615384,136.92509170160062,1293.3959980083093,0.8006339073181152
0--Parade/0_Parade_marchingband_1_490.jpg,192,detected,245.0,304.0,259.0,321.0,238.0,172.88235294117646,136.92509170160062,1293.3959980083093,0.8005734086036682
0--Parade/0_Parade_marchingband_1_490.jpg,33,detected,799.0,310.0,811.0,325.0,180.0,170.35555555555555,136.92509170160062,1293.3959980083093,0.8001940250396729
0--Parade/0_Parade_marchingband_1_490.jpg,195,detected,123.0,309.0,135.0,323.0,168.0,202.74404761904762,136.92509170160062,1293.3959980083093,0.8001895546913147
0--Parade/0_Parade_marchingband_1_490.jpg,26,detected,631.0,333.0,643.0,347.0,168.0,196.13095238095238,136.92509170160062,1293.3959980083093,0.7956835627555847
0--Parade/0_Parade_marchingband_1_490.jpg,189,detected,167.0,325.0,179.0,341.0,192.0,213.30729166666666,136.92509170160062,1293.3959980083093,0.7955172061920166
0--Parade/0_Parade_marchingband_1_490.jpg,130,detected,537.0,251.0,547.0,263.0,120.0,163.425,136.92509170160062,1293.3959980083093,0.7947538495063782
0--Parade/0_Parade_marchingband_1_490.jpg,188,detected,125.0,329.0,137.0,343.0,168.0,210.35119047619048,136.92509170160062,1293.3959980083093,0.7946120500564575
0--Parade/0_Parade_marchingband_1_490.jpg,126,detected,432.0,246.0,443.0,260.0,154.0,170.4935064935065,136.92509170160062,1293.3959980083093,0.7929353713989258
0--Parade/0_Parade_marchingband_1_490.jpg,61,detected,739.0,249.0,751.0,261.0,144.0,137.69444444444446,136.92509170160062,1293.3959980083093,0.7926117181777954
0--Parade/0_Parade_marchingband_1_490.jpg,143,detected,282.0,233.0,293.0,245.0,132.0,171.6818181818182,136.92509170160062,1293.3959980083093,0.7925240993499756
0--Parade/0_Parade_marchingband_1_490.jpg,215,detected,265.0,263.0,275.0,278.0,150.0,181.09333333333333,136.92509170160062,1293.3959980083093,0.7912483215332031
0--Parade/0_Parade_marchingband_1_490.jpg,207,detected,252.0,228.0,262.0,241.0,130.0,178.3923076923077,136.92509170160062,1293.3959980083093,0.7894501090049744
0--Parade/0_Parade_marchingband_1_490.jpg,95,detected,456.0,331.0,469.0,347.0,208.0,158.58173076923077,136.92509170160062,1293.3959980083093,0.7893670797348022
0--Parade/0_Parade_marchingband_1_490.jpg,212,detected,265.0,197.0,275.0,211.0,140.0,153.15,136.92509170160062,1293.3959980083093,0.7884089946746826
0--Parade/0_Parade_marchingband_1_490.jpg,196,detected,125.0,289.0,135.0,302.0,130.0,195.16923076923078,136.92509170160062,1293.3959980083093,0.7873455286026001
0--Parade/0_Parade_marchingband_1_490.jpg,51,detected,629.0,270.0,640.0,285.0,165.0,149.26060606060605,136.92509170160062,1293.3959980083093,0.7871330976486206
0--Parade/0_Parade_marchingband_1_490.jpg,37,detected,613.0,284.0,625.0,297.0,156.0,187.67307692307693,136.92509170160062,1293.3959980083093,0.7866240739822388
0--Parade/0_Parade_marchingband_1_490.jpg,32,detected,759.0,309.0,771.0,325.0,192.0,171.171875,136.92509170160062,1293.3959980083093,0.7853958010673523
0--Parade/0_Parade_marchingband_1_490.jpg,119,detected,320.0,303.0,333.0,318.0,195.0,195.33846153846153,136.92509170160062,1293.3959980083093,0.7852498292922974
0--Parade/0_Parade_marchingband_1_490.jpg,158,detected,420.0,202.0,428.0,214.0,96.0,154.27083333333334,136.92509170160062,1293.3959980083093,0.7840269804000854
0--Parade/0_Parade_marchingband_1_490.jpg,28,detected,602.0,305.0,612.0,320.0,150.0,194.14,136.92509170160062,1293.3959980083093,0.7832663059234619
0--Parade/0_Parade_marchingband_1_490.jpg,27,detected,589.0,331.0,599.0,347.0,160.0,212.4,136.92509170160062,1293.3959980083093,0.7830088138580322
0--Parade/0_Parade_marchingband_1_490.jpg,203,detected,223.0,246.0,233.0,258.0,120.0,179.8,136.92509170160062,1293.3959980083093,0.7805719971656799
0--Parade/0_Parade_marchingband_1_490.jpg,34,detected,838.0,313.0,851.0,329.0,208.0,165.9375,136.92509170160062,1293.3959980083093,0.7803837060928345
0--Parade/0_Parade_marchingband_1_490.jpg,161,detected,452.0,202.0,461.0,214.0,108.0,159.19444444444446,136.92509170160062,1293.3959980083093,0.7803171277046204
0--Parade/0_Parade_marchingband_1_490.jpg,100,detected,494.0,285.0,506.0,300.0,180.0,160.06666666666666,136.92509170160062,1293.3959980083093,0.7796143889427185
0--Parade/0_Parade_marchingband_1_490.jpg,97,detected,545.0,332.0,557.0,349.0,204.0,115.43627450980392,136.92509170160062,1293.3959980083093,0.7795121669769287
0--Parade/0_Parade_marchingband_1_490.jpg,208,detected,245.0,213.0,255.0,226.0,130.0,144.13846153846154,136.92509170160062,1293.3959980083093,0.7795042395591736
0--Parade/0_Parade_marchingband_1_490.jpg,83,detected,783.0,216.0,792.0,226.0,90.0,158.11111111111111,136.92509170160062,1293.3959980083093,0.7789792418479919
0--Parade/0_Parade_marchingband_1_490.jpg,113,detected,461.0,285.0,472.0,299.0,154.0,190.95454545454547,136.92509170160062,1293.3959980083093,0.7788649797439575
0--Parade/0_Parade_marchingband_1_490.jpg,205,detected,188.0,225.0,198.0,238.0,130.0,177.96923076923076,136.92509170160062,1293.3959980083093,0.7783401608467102
0--Parade/0_Parade_marchingband_1_490.jpg,132,detected,563.0,218.0,572.0,230.0,108.0,174.17592592592592,136.92509170160062,1293.3959980083093,0.7781308889389038
0--Parade/0_Parade_marchingband_1_490.jpg,98,detected,563.0,305.0,575.0,321.0,192.0,122.546875,136.92509170160062,1293.3959980083093,0.777716875076294
0--Parade/0_Parade_marchingband_1_490.jpg,117,detected,386.0,284.0,398.0,299.0,180.0,168.09444444444443,136.92509170160062,1293.3959980083093,0.7769919633865356
0--Parade/0_Parade_marchingband_1_490.jpg,134,detected,328.0,247.0,338.0,260.0,130.0,171.40769230769232,136.92509170160062,1293.3959980083093,0.7766619324684143
0--Parade/0_Parade_marchingband_1_490.jpg,142,detected,293.0,248.0,303.0,261.0,130.0,168.65384615384616,136.92509170160062,1293.3959980083093,0.7751604318618774
0--Parade/0_Parade_marchingband_1_490.jpg,204,detected,258.0,246.0,268.0,260.0,140.0,185.31428571428572,136.92509170160062,1293.3959980083093,0.7745661735534668
0--Parade/0_Parade_marchingband_1_490.jpg,81,detected,779.0,230.0,788.0,242.0,108.0,175.2314814814815,136.92509170160062,1293.3959980083093,0.7738890051841736
0--Parade/0_Parade_marchingband_1_490.jpg,154,detected,402.0,217.0,412.0,229.0,120.0,160.88333333333333,136.92509170160062,1293.3959980083093,0.7733941674232483
0--Parade/0_Parade_marchingband_1_490.jpg,35,detected,877.0,316.0,888.0,332.0,176.0,158.35795454545453,136.92509170160062,1293.3959980083093,0.7732298374176025
0--Parade/0_Parade_marchingband_1_490.jpg,58,detected,839.0,249.0,849.0,262.0,130.0,165.36923076923077,136.92509170160062,1293.3959980083093,0.7731383442878723
0--Parade/0_Parade_marchingband_1_490.jpg,48,detected,735.0,267.0,745.0,282.0,150.0,174.39333333333335,136.92509170160062,1293.3959980083093,0.7730473279953003
0--Parade/0_Parade_marchingband_1_490.jpg,56,detected,669.0,250.0,681.0,265.0,180.0,157.7888888888889,136.92509170160062,1293.3959980083093,0.7728714942932129
0--Parade/0_Parade_marchingband_1_490.jpg,45,detected,846.0,264.0,856.0,279.0,150.0,169.14666666666668,136.92509170160062,1293.3959980083093,0.771053671836853
0--Parade/0_Parade_marchingband_1_490.jpg,41,detected,760.0,287.0,772.0,303.0,192.0,110.171875,136.92509170160062,1293.3959980083093,0.7706047296524048
0--Parade/0_Parade_marchingband_1_490.jpg,116,detected,423.0,284.0,434.0,300.0,176.0,188.19886363636363,136.92509170160062,1293.3959980083093,0.7705711126327515
0--Parade/0_Parade_marchingband_1_490.jpg,213,detected,236.0,284.0,247.0,298.0,154.0,180.9935064935065,136.92509170160062,1293.3959980083093,0.7698887586593628
0--Parade/0_Parade_marchingband_1_490.jpg,59,detected,772.0,250.0,784.0,263.0,156.0,155.7948717948718,136.92509170160062,1293.3959980083093,0.7698164582252502
0--Parade/0_Parade_marchingband_1_490.jpg,114,detected,482.0,271.0,493.0,284.0,143.0,170.3986013986014,136.92509170160062,1293.3959980083093,0.7697064876556396
0--Parade/0_Parade_marchingband_1_490.jpg,135,detected,342.0,267.0,352.0,280.0,130.0,183.8153846153846,136.92509170160062,1293.3959980083093,0.7685732841491699
0--Parade/0_Parade_marchingband_1_490.jpg,38,detected,652.0,287.0,662.0,300.0,130.0,159.07692307692307,136.92509170160062,1293.3959980083093,0.767954409122467
0--Parade/0_Parade_marchingband_1_490.jpg,67,detected,576.0,203.0,585.0,215.0,108.0,160.71296296296296,136.92509170160062,1293.3959980083093,0.7674019932746887
0--Parade/0_Parade_marchingband_1_490.jpg,174,detected,401.0,307.0,413.0,322.0,180.0,103.58333333333333,136.92509170160062,1293.3959980083093,0.7667290568351746
0--Parade/0_Parade_marchingband_1_490.jpg,128,detected,467.0,248.0,477.0,261.0,130.0,131.46923076923076,136.92509170160062,1293.3959980083093,0.7659006118774414
0--Parade/0_Parade_marchingband_1_490.jpg,200,detected,154.0,259.0,164.0,273.0,140.0,196.06428571428572,136.92509170160062,1293.3959980083093,0.7655167579650879
0--Parade/0_Parade_marchingband_1_490.jpg,167,detected,469.0,186.0,476.0,197.0,77.0,178.2987012987013,136.92509170160062,1293.3959980083093,0.7635468244552612
0--Parade/0_Parade_marchingband_1_490.jpg,50,detected,662.0,267.0,674.0,283.0,192.0,160.91145833333334,136.92509170160062,1293.3959980083093,0.7634190917015076
0--Parade/0_Parade_marchingband_1_490.jpg,5,detected,931.0,368.0,942.0,384.0,176.0,184.57954545454547,136.92509170160062,1293.3959980083093,0.7632339596748352
0--Parade/0_Parade_marchingband_1_490.jpg,82,detected,811.0,230.0,820.0,243.0,117.0,177.7094017094017,136.92509170160062,1293.3959980083093,0.7631121277809143
0--Parade/0_Parade_marchingband_1_490.jpg,36,detected,576.0,284.0,585.0,297.0,117.0,196.8034188034188,136.92509170160062,1293.3959980083093,0.7629201412200928
0--Parade/0_Parade_marchingband_1_490.jpg,44,detected,872.0,298.0,883.0,311.0,143.0,174.73426573426573,136.92509170160062,1293.3959980083093,0.7627268433570862
0--Parade/0_Parade_marchingband_1_490.jpg,108,detected,330.0,328.0,340.0,344.0,160.0,125.3,136.92509170160062,1293.3959980083093,0.7621123194694519
0--Parade/0_Parade_marchingband_1_490.jpg,55,detected,636.0,250.0,647.0,263.0,143.0,149.4825174825175,136.92509170160062,1293.3959980083093,0.761791467666626
0--Parade/0_Parade_marchingband_1_490.jpg,166,detected,484.0,202.0,493.0,214.0,108.0,148.46296296296296,136.92509170160062,1293.3959980083093,0.7612214088439941
0--Parade/0_Parade_marchingband_1_490.jpg,101,detected,537.0,285.0,548.0,301.0,176.0,188.79545454545453,136.92509170160062,1293.3959980083093,0.7597907781600952
0--Parade/0_Parade_marchingband_1_490.jpg,75,detected,636.0,204.0,645.0,216.0,108.0,95.74074074074075,136.92509170160062,1293.3959980083093,0.7591720223426819
0--Parade/0_Parade_marchingband_1_490.jpg,46,detected,800.0,269.0,812.0,282.0,156.0,173.62179487179486,136.92509170160062,1293.3959980083093,0.7581557035446167
0--Parade/0_Parade_marchingband_1_490.jpg,12,detected,617.0,358.0,630.0,374.0,208.0,180.6875,136.92509170160062,1293.3959980083093,0.7580738663673401
0--Parade/0_Parade_marchingband_1_490.jpg,123,detected,312.0,286.0,323.0,299.0,143.0,183.44055944055944,136.92509170160062,1293.3959980083093,0.7575687170028687
0--Parade/0_Parade_marchingband_1_490.jpg,52,detected,593.0,267.0,606.0,283.0,208.0,157.76442307692307,136.92509170160062,1293.3959980083093,0.7568111419677734
0--Parade/0_Parade_marchingband_1_490.jpg,159,detected,436.0,217.0,446.0,229.0,120.0,161.86666666666667,136.92509170160062,1293.3959980083093,0.7567298412322998
0--Parade/0_Parade_marchingband_1_490.jpg,169,detected,525.0,191.0,534.0,202.0,99.0,151.25252525252526,136.92509170160062,1293.3959980083093,0.7549209594726562
0--Parade/0_Parade_marchingband_1_490.jpg,70,detected,590.0,188.0,600.0,200.0,120.0,172.45833333333334,136.92509170160062,1293.3959980083093,0.7525855302810669
0--Parade/0_Parade_marchingband_1_490.jpg,53,detected,569.0,249.0,581.0,261.0,144.0,161.46527777777777,136.92509170160062,1293.3959980083093,0.7514109015464783
0--Parade/0_Parade_marchingband_1_490.jpg,155,detected,390.0,205.0,400.0,217.0,120.0,161.09166666666667,136.92509170160062,1293.3959980083093,0.7512580752372742
0--Parade/0_Parade_marchingband_1_490.jpg,131,detected,550.0,234.0,558.0,247.0,104.0,173.05769230769232,136.92509170160062,1293.3959980083093,0.7498762011528015
0--Parade/0_Parade_marchingband_1_490.jpg,157,detected,406.0,190.0,414.0,201.0,88.0,171.5568181818182,136.92509170160062,1293.3959980083093,0.7489754557609558
0--Parade/0_Parade_marchingband_1_490.jpg,49,detected,699.0,268.0,710.0,282.0,154.0,149.35714285714286,136.92509170160062,1293.3959980083093,0.7484930753707886
0--Parade/0_Parade_marchingband_1_490.jpg,73,detected,684.0,186.0,693.0,199.0,117.0,146.63247863247864,136.92509170160062,1293.3959980083093,0.7484018206596375
0--Parade/0_Parade_marchingband_1_490.jpg,209,detected,216.0,212.0,225.0,224.0,108.0,177.47222222222223,136.92509170160062,1293.3959980083093,0.7473940849304199
0--Parade/0_Parade_marchingband_1_490.jpg,202,detected,183.0,242.0,194.0,255.0,143.0,193.13986013986013,136.92509170160062,1293.3959980083093,0.7473602890968323
0--Parade/0_Parade_marchingband_1_490.jpg,151,detected,359.0,205.0,368.0,218.0,117.0,118.13675213675214,136.92509170160062,1293.3959980083093,0.7461236715316772
0--Parade/0_Parade_marchingband_1_490.jpg,165,detected,511.0,203.0,520.0,213.0,90.0,142.76666666666668,136.92509170160062,1293.3959980083093,0.7454553842544556
0--Parade/0_Parade_marchingband_1_490.jpg,39,detected,686.0,287.0,699.0,302.0,195.0,162.90769230769232,136.92509170160062,1293.3959980083093,0.7453068494796753
0--Parade/0_Parade_marchingband_1_490.jpg,146,detected,295.0,200.0,305.0,212.0,120.0,186.20833333333334,136.92509170160062,1293.3959980083093,0.7452013492584229
0--Parade/0_Parade_marchingband_1_490.jpg,65,detected,618.0,232.0,630.0,245.0,156.0,138.39743589743588,136.92509170160062,1293.3959980083093,0.7439030408859253
0--Parade/0_Parade_marchingband_1_490.jpg,141,detected,310.0,233.0,321.0,246.0,143.0,170.17482517482517,136.92509170160062,1293.3959980083093,0.7420331835746765
0--Parade/0_Parade_marchingband_1_490.jpg,163,detected,497.0,213.0,507.0,225.0,120.0,173.225,136.92509170160062,1293.3959980083093,0.7416391372680664
0--Parade/0_Parade_marchingband_1_490.jpg,201,detected,149.0,242.0,160.0,255.0,143.0,178.0979020979021,136.92509170160062,1293.3959980083093,0.74061518907547
0--Parade/0_Parade_marchingband_1_490.jpg,86,detected,752.0,217.0,762.0,229.0,120.0,165.95833333333334,136.92509170160062,1293.3959980083093,0.7392473220825195
0--Parade/0_Parade_marchingband_1_490.jpg,115,detected,443.0,268.0,454.0,281.0,143.0,190.86713286713288,136.92509170160062,1293.3959980083093,0.7385109663009644
0--Parade/0_Parade_marchingband_1_490.jpg,129,detected,504.0,250.0,514.0,262.0,120.0,155.45,136.92509170160062,1293.3959980083093,0.7379105091094971
0--Parade/0_Parade_marchingband_1_490.jpg,162,detected,436.0,193.0,445.0,205.0,108.0,145.21296296296296,136.92509170160062,1293.3959980083093,0.7350836992263794
0--Parade/0_Parade_marchingband_1_490.jpg,69,detected,606.0,203.0,615.0,215.0,108.0,151.42592592592592,136.92509170160062,1293.3959980083093,0.733712911605835
0--Parade/0_Parade_marchingband_1_490.jpg,216,detected,483.0,233.0,493.0,244.0,110.0,160.47272727272727,136.92509170160062,1293.3959980083093,0.7329138517379761
0--Parade/0_Parade_marchingband_1_490.jpg,47,detected,767.0,271.0,777.0,283.0,120.0,120.9,136.92509170160062,1293.3959980083093,0.7316948771476746
0--Parade/0_Parade_marchingband_1_490.jpg,60,detected,706.0,249.0,715.0,262.0,117.0,159.35897435897436,136.92509170160062,1293.3959980083093,0.731187105178833
0--Parade/0_Parade_marchingband_1_490.jpg,79,detected,718.0,215.0,727.0,228.0,117.0,160.26495726495727,136.92509170160062,1293.3959980083093,0.7306105494499207
0--Parade/0_Parade_marchingband_1_490.jpg,133,detected,419.0,233.0,431.0,246.0,156.0,153.21794871794873,136.92509170160062,1293.3959980083093,0.73046875
0--Parade/0_Parade_marchingband_1_490.jpg,54,detected,606.0,248.0,617.0,262.0,154.0,159.95454545454547,136.92509170160062,1293.3959980083093,0.7303050756454468
0--Parade/0_Parade_marchingband_1_490.jpg,156,detected,374.0,191.0,384.0,202.0,110.0,146.88181818181818,136.92509170160062,1293.3959980083093,0.7288100719451904
0--Parade/0_Parade_marchingband_1_490.jpg,66,detected,584.0,234.0,593.0,247.0,117.0,146.68376068376068,136.92509170160062,1293.3959980083093,0.7286351919174194
0--Parade/0_Parade_marchingband_1_490.jpg,171,detected,556.0,192.0,566.0,203.0,110.0,152.4,136.92509170160062,1293.3959980083093,0.7274499535560608
0--Parade/0_Parade_marchingband_1_490.jpg,210,detected,186.0,210.0,195.0,221.0,99.0,184.37373737373738,136.92509170160062,1293.3959980083093,0.7220197319984436
0--Parade/0_Parade_marchingband_1_490.jpg,68,detected,593.0,221.0,603.0,233.0,120.0,150.54166666666666,136.92509170160062,1293.3959980083093,0.7217055559158325
0--Parade/0_Parade_marchingband_1_490.jpg,160,detected,466.0,216.0,476.0,226.0,100.0,152.41,136.92509170160062,1293.3959980083093,0.7215454578399658
0--Parade/0_Parade_marchingband_1_490.jpg,194,detected,164.0,306.0,176.0,319.0,156.0,189.50641025641025,136.92509170160062,1293.3959980083093,0.7199723720550537
0--Parade/0_Parade_marchingband_1_490.jpg,152,detected,339.0,187.0,349.0,198.0,110.0,91.27272727272727,136.92509170160062,1293.3959980083093,0.718296229839325
0--Parade/0_Parade_marchingband_1_490.jpg,168,detected,497.0,185.0,505.0,196.0,88.0,160.95454545454547,136.92509170160062,1293.3959980083093,0.7153499126434326
0--Parade/0_Parade_marchingband_1_490.jpg,72,detected,653.0,188.0,662.0,202.0,126.0,179.3095238095238,136.92509170160062,1293.3959980083093,0.7133350372314453
0--Parade/0_Parade_marchingband_1_490.jpg,76,detected,660.0,219.0,670.0,232.0,130.0,158.4,136.92509170160062,1293.3959980083093,0.7121282815933228
0--Parade/0_Parade_marchingband_1_490.jpg,153,detected,371.0,216.0,380.0,227.0,99.0,165.23232323232324,136.92509170160062,1293.3959980083093,0.7048571705818176
0--Parade/0_Parade_marchingband_1_490.jpg,71,detected,620.0,185.0,629.0,197.0,108.0,158.0185185185185,136.92509170160062,1293.3959980083093,0.7011294960975647
0--Parade/0_Parade_marchingband_1_490.jpg,40,detected,725.0,285.0,737.0,301.0,192.0,71.74479166666667,136.92509170160062,1293.3959980083093,0.6964260935783386
0--Parade/0_Parade_marchingband_1_490.jpg,164,detected,517.0,235.0,527.0,245.0,100.0,157.19,136.92509170160062,1293.3959980083093,0.6946098804473877
0--Parade/0_Parade_marchingband_1_490.jpg,85,detected,756.0,200.0,765.0,210.0,90.0,158.48888888888888,136.92509170160062,1293.3959980083093,0.692046046257019
0--Parade/0_Parade_marchingband_1_490.jpg,87,detected,728.0,201.0,737.0,214.0,117.0,162.84615384615384,136.92509170160062,1293.3959980083093,0.6917258501052856
0--Parade/0_Parade_marchingband_1_490.jpg,88,detected,701.0,202.0,711.0,214.0,120.0,140.975,136.92509170160062,1293.3959980083093,0.6906376481056213
0--Parade/0_Parade_marchingband_1_490.jpg,148,detected,327.0,199.0,336.0,210.0,99.0,182.42424242424244,136.92509170160062,1293.3959980083093,0.6889488697052002
0--Parade/0_Parade_marchingband_1_490.jpg,84,detected,791.0,209.0,799.0,219.0,80.0,120.3875,136.92509170160062,1293.3959980083093,0.6885918974876404
0--Parade/0_Parade_marchingband_1_490.jpg,170,detected,546.0,205.0,554.0,217.0,96.0,167.91666666666666,136.92509170160062,1293.3959980083093,0.6881145238876343
0--Parade/0_Parade_marchingband_1_490.jpg,64,detected,627.0,220.0,636.0,232.0,108.0,153.7685185185185,136.92509170160062,1293.3959980083093,0.6840468049049377
0--Parade/0_Parade_marchingband_1_490.jpg,147,detected,303.0,216.0,313.0,229.0,130.0,170.36153846153846,136.92509170160062,1293.3959980083093,0.6824236512184143
0--Parade/0_Parade_marchingband_1_490.jpg,138,detected,397.0,249.0,407.0,261.0,120.0,176.43333333333334,136.92509170160062,1293.3959980083093,0.6808188557624817
0--Parade/0_Parade_marchingband_1_490.jpg,127,detected,453.0,237.0,463.0,247.0,100.0,160.66,136.92509170160062,1293.3959980083093,0.677806556224823
0--Parade/0_Parade_marchingband_1_490.jpg,122,detected,305.0,267.0,315.0,281.0,140.0,115.15,136.92509170160062,1293.3959980083093,0.672572910785675
0--Parade/0_Parade_marchingband_1_490.jpg,78,detected,691.0,220.0,700.0,233.0,117.0,146.7008547008547,136.92509170160062,1293.3959980083093,0.6699852347373962
0--Parade/0_Parade_marchingband_1_490.jpg,150,detected,310.0,185.0,319.0,196.0,99.0,175.56565656565655,136.92509170160062,1293.3959980083093,0.6690161228179932
0--Parade/0_Parade_marchingband_1_490.jpg,144,detected,275.0,214.0,283.0,224.0,80.0,186.625,136.92509170160062,1293.3959980083093,0.6638879776000977
0--Parade/0_Parade_marchingband_1_490.jpg,139,detected,382.0,231.0,392.0,244.0,130.0,128.13846153846154,136.92509170160062,1293.3959980083093,0.6620950102806091
0--Parade/0_Parade_marchingband_1_490.jpg,77,detected,651.0,238.0,661.0,248.0,100.0,138.32,136.92509170160062,1293.3959980083093,0.6602094173431396
0--Parade/0_Parade_marchingband_1_490.jpg,102,detected,521.0,307.0,535.0,320.0,182.0,166.64835164835165,136.92509170160062,1293.3959980083093,0.6223454475402832
0--Parade/0_Parade_marchingband_1_490.jpg,74,detected,667.0,201.0,677.0,217.0,160.0,84.18125,136.92509170160062,1293.3959980083093,0.5977765917778015
0--Parade/0_Parade_marchingband_1_490.jpg,145,detected,281.0,186.0,288.0,197.0,77.0,182.4025974025974,136.92509170160062,1293.3959980083093,0.5964412689208984
0--Parade/0_Parade_marchingband_1_490.jpg,137,detected,362.0,249.0,370.0,261.0,96.0,179.39583333333334,136.92509170160062,1293.3959980083093,0.5793657898902893
0--Parade/0_Parade_marchingband_1_490.jpg,173,detected,519.0,266.0,531.0,282.0,192.0,96.265625,136.92509170160062,1293.3959980083093,0.5617984533309937
0--Parade/0_Parade_marchingband_1_490.jpg,175,detected,529.0,215.0,540.0,229.0,154.0,65.33766233766234,136.92509170160062,1293.3959980083093,0.521523118019104
0--Parade/0_Parade_marchingband_1_490.jpg,221,false_positive,342.2870788574219,190.0543670654297,350.6054382324219,200.62815856933594,87.95659637451172,94.3625,136.92509170160062,1293.3959980083093,0.31099772453308105
0--Parade/0_Parade_Parade_0_125.jpg,0,detected,519.0,337.0,545.0,375.0,988.0,160.8097165991903,136.0803654988607,1592.710660638894,0.8625441789627075
0--Parade/0_Parade_Parade_0_125.jpg,1,detected,583.0,277.0,601.0,302.0,450.0,114.06444444444445,136.0803654988607,1592.710660638894,0.8329553604125977
0--Parade/0_Parade_Parade_0_125.jpg,3,detected,475.0,270.0,495.0,297.0,540.0,127.41481481481482,136.0803654988607,1592.710660638894,0.8275079727172852
0--Parade/0_Parade_Parade_0_125.jpg,5,detected,1006.0,341.0,1024.0,375.0,612.0,122.27287581699346,136.0803654988607,1592.710660638894,0.8270545601844788
0--Parade/0_Parade_Parade_0_125.jpg,8,detected,12.0,412.0,25.0,426.0,182.0,104.2967032967033,136.0803654988607,1592.710660638894,0.7724337577819824
0--Parade/0_Parade_Parade_0_125.jpg,6,detected,56.0,432.0,65.0,446.0,126.0,139.37301587301587,136.0803654988607,1592.710660638894,0.7457025051116943
0--Parade/0_Parade_Parade_0_125.jpg,9,detected,16.0,482.0,29.0,495.0,169.0,107.48520710059172,136.0803654988607,1592.710660638894,0.5889095664024353
0--Parade/0_Parade_Parade_0_125.jpg,4,detected,374.0,282.0,386.0,306.0,288.0,140.92361111111111,136.0803654988607,1592.710660638894,0.5311652421951294
0--Parade/0_Parade_Parade_0_125.jpg,2,undetected,592.0,251.0,605.0,271.0,260.0,140.3923076923077,136.0803654988607,1592.710660638894,-1.0
0--Parade/0_Parade_Parade_0_125.jpg,7,undetected,42.0,426.0,49.0,436.0,70.0,108.58571428571429,136.0803654988607,1592.710660638894,-1.0
0--Parade/0_Parade_Parade_0_125.jpg,10,undetected,874.0,444.0,880.0,451.0,42.0,126.02380952380952,136.0803654988607,1592.710660638894,-1.0
0--Parade/0_Parade_Parade_0_125.jpg,11,undetected,898.0,428.0,904.0,435.0,42.0,51.5,136.0803654988607,1592.710660638894,-1.0
0--Parade/0_Parade_Parade_0_125.jpg,8,false_positive,37.60200119018555,429.76727294921875,47.601924896240234,443.2328796386719,134.65504455566406,131.15714285714284,136.0803654988607,1592.710660638894,0.5119557976722717
0--Parade/0_Parade_Parade_0_120.jpg,18,detected,950.0,302.0,991.0,355.0,2173.0,97.04049700874367,135.08689692982455,928.6341686528755,0.8930808305740356
0--Parade/0_Parade_Parade_0_120.jpg,0,detected,107.0,304.0,152.0,354.0,2250.0,115.34266666666667,135.08689692982455,928.6341686528755,0.8740464448928833
0--Parade/0_Parade_Parade_0_120.jpg,6,detected,525.0,328.0,559.0,366.0,1292.0,116.0843653250774,135.08689692982455,928.6341686528755,0.8644838333129883
0--Parade/0_Parade_Parade_0_120.jpg,8,detected,442.0,323.0,460.0,346.0,414.0,102.98550724637681,135.08689692982455,928.6341686528755,0.8577530384063721
0--Parade/0_Parade_Parade_0_120.jpg,12,detected,665.0,325.0,679.0,346.0,294.0,86.92857142857143,135.08689692982455,928.6341686528755,0.8395648002624512
0--Parade/0_Parade_Parade_0_120.jpg,11,detected,627.0,318.0,642.0,337.0,285.0,127.84912280701755,135.08689692982455,928.6341686528755,0.8389182686805725
0--Parade/0_Parade_Parade_0_120.jpg,7,detected,492.0,315.0,508.0,338.0,368.0,111.98097826086956,135.08689692982455,928.6341686528755,0.81623375415802
0--Parade/0_Parade_Parade_0_120.jpg,1,detected,23.0,368.0,52.0,407.0,1131.0,119.81167108753316,135.08689692982455,928.6341686528755,0.8084012269973755
0--Parade/0_Parade_Parade_0_120.jpg,2,detected,42.0,323.0,70.0,356.0,924.0,153.14718614718615,135.08689692982455,928.6341686528755,0.8062111139297485
0--Parade/0_Parade_Parade_0_120.jpg,15,detected,743.0,311.0,759.0,329.0,288.0,108.6875,135.08689692982455,928.6341686528755,0.795881986618042
0--Parade/0_Parade_Parade_0_120.jpg,3,detected,327.0,314.0,344.0,334.0,340.0,104.99117647058823,135.08689692982455,928.6341686528755,0.7867120504379272
0--Parade/0_Parade_Parade_0_120.jpg,14,detected,696.0,321.0,711.0,338.0,255.0,97.88235294117646,135.08689692982455,928.6341686528755,0.7829607725143433
0--Parade/0_Parade_Parade_0_120.jpg,4,detected,392.0,331.0,408.0,351.0,320.0,113.534375,135.08689692982455,928.6341686528755,0.7813438177108765
0--Parade/0_Parade_Parade_0_120.jpg,16,detected,759.0,316.0,772.0,333.0,221.0,109.75565610859728,135.08689692982455,928.6341686528755,0.7338347434997559
0--Parade/0_Parade_Parade_0_120.jpg,10,detected,564.0,320.0,575.0,334.0,154.0,126.79220779220779,135.08689692982455,928.6341686528755,0.6005914211273193
0--Parade/0_Parade_Parade_0_120.jpg,9,detected,554.0,325.0,566.0,343.0,216.0,108.11574074074075,135.08689692982455,928.6341686528755,0.5407738089561462
0--Parade/0_Parade_Parade_0_120.jpg,5,undetected,295.0,344.0,306.0,361.0,187.0,106.21390374331551,135.08689692982455,928.6341686528755,-1.0
0--Parade/0_Parade_Parade_0_120.jpg,13,undetected,366.0,333.0,376.0,345.0,120.0,107.65,135.08689692982455,928.6341686528755,-1.0
0--Parade/0_Parade_Parade_0_120.jpg,17,undetected,905.0,305.0,918.0,327.0,286.0,131.25174825174824,135.08689692982455,928.6341686528755,-1.0
0--Parade/0_Parade_Parade_0_120.jpg,19,undetected,977.0,321.0,1005.0,369.0,1344.0,129.16815476190476,135.08689692982455,928.6341686528755,-1.0
0--Parade/0_Parade_Parade_0_120.jpg,20,undetected,795.0,320.0,804.0,332.0,108.0,110.12037037037037,135.08689692982455,928.6341686528755,-1.0
0--Parade/0_Parade_Parade_0_120.jpg,14,false_positive,985.8086547851562,326.4393005371094,1011.0277099609375,364.4886169433594,959.5678100585938,143.3825910931174,135.08689692982455,928.6341686528755,0.6372302770614624
0--Parade/0_Parade_Parade_0_120.jpg,17,false_positive,10.605083465576172,352.3196716308594,34.29703903198242,385.3741455078125,783.1251220703125,134.53787878787878,135.08689692982455,928.6341686528755,0.510313868522644
0--Parade/0_Parade_marchingband_1_476.jpg,0,detected,742.0,174.0,795.0,243.0,3657.0,119.02378999179655,90.86607299257287,407.7363651345977,0.9019907712936401
0--Parade/0_Parade_marchingband_1_476.jpg,1,detected,610.0,198.0,650.0,254.0,2240.0,139.22366071428573,90.86607299257287,407.7363651345977,0.8785391449928284
0--Parade/0_Parade_marchingband_1_476.jpg,18,detected,798.0,130.0,841.0,182.0,2236.0,89.38685152057245,90.86607299257287,407.7363651345977,0.878151535987854
0--Parade/0_Parade_marchingband_1_476.jpg,15,detected,673.0,161.0,708.0,200.0,1365.0,79.47472527472527,90.86607299257287,407.7363651345977,0.8723956346511841
0--Parade/0_Parade_marchingband_1_476.jpg,17,detected,518.0,174.0,543.0,205.0,775.0,125.68774193548387,90.86607299257287,407.7363651345977,0.8657965660095215
0--Parade/0_Parade_marchingband_1_476.jpg,16,detected,590.0,168.0,615.0,203.0,875.0,136.25485714285713,90.86607299257287,407.7363651345977,0.8566146492958069
0--Parade/0_Parade_marchingband_1_476.jpg,6,detected,204.0,249.0,226.0,282.0,726.0,117.95454545454545,90.86607299257287,407.7363651345977,0.853124737739563
0--Parade/0_Parade_marchingband_1_476.jpg,19,detected,856.0,103.0,893.0,143.0,1480.0,79.45878378378379,90.86607299257287,407.7363651345977,0.8487491607666016
0--Parade/0_Parade_marchingband_1_476.jpg,12,detected,352.0,224.0,373.0,252.0,588.0,120.03401360544218,90.86607299257287,407.7363651345977,0.8277949094772339
0--Parade/0_Parade_marchingband_1_476.jpg,24,detected,198.0,178.0,213.0,197.0,285.0,127.06666666666666,90.86607299257287,407.7363651345977,0.8233077526092529
0--Parade/0_Parade_marchingband_1_476.jpg,21,detected,430.0,192.0,449.0,216.0,456.0,129.8530701754386,90.86607299257287,407.7363651345977,0.8164876103401184
0--Parade/0_Parade_marchingband_1_476.jpg,11,detected,385.0,222.0,406.0,253.0,651.0,136.21351766513058,90.86607299257287,407.7363651345977,0.8161368370056152
0--Parade/0_Parade_marchingband_1_476.jpg,2,detected,418.0,279.0,460.0,329.0,2100.0,126.81285714285714,90.86607299257287,407.7363651345977,0.8155404329299927
0--Parade/0_Parade_marchingband_1_476.jpg,4,detected,281.0,254.0,304.0,293.0,897.0,119.82720178372352,90.86607299257287,407.7363651345977,0.8144996166229248
0--Parade/0_Parade_marchingband_1_476.jpg,10,detected,453.0,220.0,483.0,255.0,1050.0,99.46380952380953,90.86607299257287,407.7363651345977,0.8141566514968872
0--Parade/0_Parade_marchingband_1_476.jpg,13,detected,313.0,218.0,330.0,244.0,442.0,148.19683257918552,90.86607299257287,407.7363651345977,0.8112275004386902
0--Parade/0_Parade_marchingband_1_476.jpg,3,detected,337.0,269.0,366.0,313.0,1276.0,116.38949843260188,90.86607299257287,407.7363651345977,0.805202305316925
0--Parade/0_Parade_marchingband_1_476.jpg,23,detected,174.0,186.0,184.0,203.0,170.0,121.32941176470588,90.86607299257287,407.7363651345977,0.7920684814453125
0--Parade/0_Parade_marchingband_1_476.jpg,33,detected,639.0,56.0,655.0,75.0,304.0,144.88486842105263,90.86607299257287,407.7363651345977,0.7847121953964233
0--Parade/0_Parade_marchingband_1_476.jpg,5,detected,240.0,259.0,264.0,291.0,768.0,107.65104166666667,90.86607299257287,407.7363651345977,0.7813693284988403
0--Parade/0_Parade_marchingband_1_476.jpg,34,detected,706.0,54.0,723.0,75.0,357.0,142.11484593837534,90.86607299257287,407.7363651345977,0.7772148847579956
0--Parade/0_Parade_marchingband_1_476.jpg,36,detected,583.0,92.0,596.0,110.0,234.0,137.6239316239316,90.86607299257287,407.7363651345977,0.7695080041885376
0--Parade/0_Parade_marchingband_1_476.jpg,14,detected,218.0,186.0,233.0,207.0,315.0,155.9015873015873,90.86607299257287,407.7363651345977,0.7678805589675903
0--Parade/0_Parade_marchingband_1_476.jpg,26,detected,326.0,145.0,339.0,161.0,208.0,110.48557692307692,90.86607299257287,407.7363651345977,0.7605639696121216
0--Parade/0_Parade_marchingband_1_476.jpg,7,detected,71.0,255.0,90.0,279.0,456.0,110.17324561403508,90.86607299257287,407.7363651345977,0.7530454397201538
0--Parade/0_Parade_marchingband_1_476.jpg,20,detected,575.0,163.0,592.0,186.0,391.0,112.0,90.86607299257287,407.7363651345977,0.7417835593223572
0--Parade/0_Parade_marchingband_1_476.jpg,29,detected,311.0,167.0,323.0,182.0,180.0,147.46666666666667,90.86607299257287,407.7363651345977,0.7326053380966187
0--Parade/0_Parade_marchingband_1_476.jpg,27,detected,262.0,180.0,271.0,193.0,117.0,132.81196581196582,90.86607299257287,407.7363651345977,0.7174620628356934
0--Parade/0_Parade_marchingband_1_476.jpg,25,detected,155.0,202.0,164.0,217.0,135.0,121.0,90.86607299257287,407.7363651345977,0.6999155879020691
0--Parade/0_Parade_marchingband_1_476.jpg,32,detected,474.0,116.0,488.0,136.0,280.0,153.84642857142856,90.86607299257287,407.7363651345977,0.6992685198783875
0--Parade/0_Parade_marchingband_1_476.jpg,30,detected,353.0,154.0,360.0,164.0,70.0,86.48571428571428,90.86607299257287,407.7363651345977,0.6506106853485107
0--Parade/0_Parade_marchingband_1_476.jpg,28,detected,303.0,167.0,311.0,179.0,96.0,136.42708333333334,90.86607299257287,407.7363651345977,0.6463009119033813
0--Parade/0_Parade_marchingband_1_476.jpg,31,detected,405.0,141.0,417.0,155.0,168.0,165.76190476190476,90.86607299257287,407.7363651345977,0.607196033000946
0--Parade/0_Parade_marchingband_1_476.jpg,22,detected,399.0,201.0,415.0,223.0,352.0,90.56818181818181,90.86607299257287,407.7363651345977,0.594965934753418
0--Parade/0_Parade_marchingband_1_476.jpg,8,detected,60.0,232.0,74.0,251.0,266.0,104.43609022556392,90.86607299257287,407.7363651345977,0.5845795273780823
0--Parade/0_Parade_marchingband_1_476.jpg,37,detected,812.0,41.0,828.0,57.0,256.0,129.5078125,90.86607299257287,407.7363651345977,0.5455468893051147
0--Parade/0_Parade_marchingband_1_476.jpg,35,detected,784.0,36.0,803.0,56.0,380.0,104.0,90.86607299257287,407.7363651345977,0.5233854055404663
0--Parade/0_Parade_marchingband_1_476.jpg,38,detected,871.0,39.0,893.0,59.0,440.0,152.50681818181818,90.86607299257287,407.7363651345977,0.5089366436004639
0--Parade/0_Parade_marchingband_1_476.jpg,9,undetected,54.0,238.0,67.0,257.0,247.0,102.46963562753037,90.86607299257287,407.7363651345977,-1.0
0--Parade/0_Parade_marchingband_1_476.jpg,39,undetected,497.0,191.0,514.0,213.0,374.0,71.36096256684492,90.86607299257287,407.7363651345977,-1.0
0--Parade/0_Parade_marchingband_1_476.jpg,40,undetected,193.0,193.0,205.0,209.0,192.0,114.18229166666667,90.86607299257287,407.7363651345977,-1.0
0--Parade/0_Parade_marchingband_1_476.jpg,41,undetected,740.0,37.0,754.0,57.0,280.0,127.64285714285714,90.86607299257287,407.7363651345977,-1.0
0--Parade/0_Parade_marchingband_1_476.jpg,36,false_positive,250.09764099121094,180.9473419189453,257.7460632324219,190.57168579101562,73.61104583740234,121.7,90.86607299257287,407.7363651345977,0.5359981060028076
0--Parade/0_Parade_marchingband_1_476.jpg,38,false_positive,484.6392822265625,191.8502197265625,502.2956848144531,216.88250732421875,441.9801330566406,80.86222222222223,90.86607299257287,407.7363651345977,0.5174020528793335
0--Parade/0_Parade_marchingband_1_620.jpg,27,detected,911.0,326.0,942.0,362.0,1116.0,115.61827956989248,133.5069209231606,680.8445703147233,0.880457878112793
0--Parade/0_Parade_marchingband_1_620.jpg,11,detected,441.0,244.0,459.0,265.0,378.0,127.26719576719577,133.5069209231606,680.8445703147233,0.8677988052368164
0--Parade/0_Parade_marchingband_1_620.jpg,29,detected,800.0,413.0,831.0,452.0,1209.0,162.76923076923077,133.5069209231606,680.8445703147233,0.8441299200057983
0--Parade/0_Parade_marchingband_1_620.jpg,19,detected,659.0,341.0,690.0,371.0,930.0,124.72903225806452,133.5069209231606,680.8445703147233,0.8186222314834595
0--Parade/0_Parade_marchingband_1_620.jpg,2,detected,118.0,274.0,138.0,298.0,480.0,181.80208333333334,133.5069209231606,680.8445703147233,0.8119320869445801
0--Parade/0_Parade_marchingband_1_620.jpg,26,detected,952.0,235.0,972.0,255.0,400.0,131.4175,133.5069209231606,680.8445703147233,0.764755129814148
0--Parade/0_Parade_marchingband_1_620.jpg,28,detected,841.0,353.0,871.0,383.0,900.0,122.97666666666667,133.5069209231606,680.8445703147233,0.7533056139945984
0--Parade/0_Parade_marchingband_1_620.jpg,20,detected,764.0,340.0,794.0,370.0,900.0,137.3388888888889,133.5069209231606,680.8445703147233,0.7526006102561951
0--Parade/0_Parade_marchingband_1_620.jpg,5,detected,255.0,201.0,273.0,220.0,342.0,140.8187134502924,133.5069209231606,680.8445703147233,0.7412799000740051
0--Parade/0_Parade_marchingband_1_620.jpg,24,detected,900.0,217.0,921.0,237.0,420.0,147.46666666666667,133.5069209231606,680.8445703147233,0.7027398347854614
0--Parade/0_Parade_marchingband_1_620.jpg,18,detected,607.0,241.0,626.0,261.0,380.0,173.2842105263158,133.5069209231606,680.8445703147233,0.6970589756965637
0--Parade/0_Parade_marchingband_1_620.jpg,4,detected,194.0,179.0,210.0,197.0,288.0,150.87152777777777,133.5069209231606,680.8445703147233,0.6969330310821533
0--Parade/0_Parade_marchingband_1_620.jpg,10,detected,395.0,194.0,407.0,207.0,156.0,138.94871794871796,133.5069209231606,680.8445703147233,0.6802591681480408
0--Parade/0_Parade_marchingband_1_620.jpg,17,detected,763.0,209.0,777.0,226.0,238.0,132.50840336134453,133.5069209231606,680.8445703147233,0.6795450448989868
0--Parade/0_Parade_marchingband_1_620.jpg,22,detected,819.0,254.0,843.0,277.0,552.0,139.2826086956522,133.5069209231606,680.8445703147233,0.6792230606079102
0--Parade/0_Parade_marchingband_1_620.jpg,23,detected,855.0,203.0,877.0,223.0,440.0,136.88863636363635,133.5069209231606,680.8445703147233,0.6661754250526428
0--Parade/0_Parade_marchingband_1_620.jpg,14,detected,585.0,179.0,599.0,195.0,224.0,138.44642857142858,133.5069209231606,680.8445703147233,0.6521133184432983
0--Parade/0_Parade_marchingband_1_620.jpg,0,detected,81.0,191.0,99.0,207.0,288.0,144.20486111111111,133.5069209231606,680.8445703147233,0.627612829208374
0--Parade/0_Parade_marchingband_1_620.jpg,30,detected,1009.0,334.0,1024.0,359.0,375.0,101.216,133.5069209231606,680.8445703147233,0.6038446426391602
0--Parade/0_Parade_marchingband_1_620.jpg,7,detected,287.0,239.0,306.0,257.0,342.0,118.67836257309942,133.5069209231606,680.8445703147233,0.5848055481910706
0--Parade/0_Parade_marchingband_1_620.jpg,1,detected,105.0,186.0,122.0,206.0,340.0,149.11470588235295,133.5069209231606,680.8445703147233,0.5767933130264282
0--Parade/0_Parade_marchingband_1_620.jpg,8,detected,321.0,242.0,344.0,265.0,529.0,151.2703213610586,133.5069209231606,680.8445703147233,0.5671609044075012
0--Parade/0_Parade_marchingband_1_620.jpg,12,detected,468.0,194.0,482.0,209.0,210.0,149.28571428571428,133.5069209231606,680.8445703147233,0.5671528577804565
0--Parade/0_Parade_marchingband_1_620.jpg,15,detected,618.0,161.0,631.0,175.0,182.0,135.37912087912088,133.5069209231606,680.8445703147233,0.547429621219635
0--Parade/0_Parade_marchingband_1_620.jpg,25,detected,974.0,217.0,990.0,235.0,288.0,169.65277777777777,133.5069209231606,680.8445703147233,0.5416198968887329
0--Parade/0_Parade_marchingband_1_620.jpg,3,undetected,171.0,191.0,184.0,204.0,169.0,153.49704142011834,133.5069209231606,680.8445703147233,-1.0
0--Parade/0_Parade_marchingband_1_620.jpg,6,undetected,306.0,187.0,324.0,205.0,324.0,191.73765432098764,133.5069209231606,680.8445703147233,-1.0
0--Parade/0_Parade_marchingband_1_620.jpg,9,undetected,407.0,174.0,416.0,186.0,108.0,134.9537037037037,133.5069209231606,680.8445703147233,-1.0
0--Parade/0_Parade_marchingband_1_620.jpg,13,undetected,513.0,170.0,521.0,181.0,88.0,160.95454545454547,133.5069209231606,680.8445703147233,-1.0
0--Parade/0_Parade_marchingband_1_620.jpg,16,undetected,720.0,162.0,731.0,175.0,143.0,148.74825174825176,133.5069209231606,680.8445703147233,-1.0
0--Parade/0_Parade_marchingband_1_620.jpg,21,undetected,834.0,234.0,854.0,251.0,340.0,183.27058823529413,133.5069209231606,680.8445703147233,-1.0
0--Parade/0_Parade_marchingband_1_620.jpg,25,false_positive,714.0968627929688,201.68182373046875,725.2019653320312,214.6248321533203,143.73342895507812,79.24475524475524,133.5069209231606,680.8445703147233,0.5228822231292725
0--Parade/0_Parade_marchingband_1_620.jpg,26,false_positive,337.1647644042969,243.2472686767578,355.0965270996094,265.6401062011719,401.5430603027344,201.8661616161616,133.5069209231606,680.8445703147233,0.4431852102279663
